<?xml version="1.0"?>
<ResultDataFile xmlns:xsd="http://www.w3.org/2001/XMLSchema" xmlns:xsi="http://www.w3.org/2001/XMLSchema-instance">
  <FormatVersion>120920</FormatVersion>
  <ResultDataList>
    <ResultData>
      <DeviceConfigReference>
        <Name>RadiaCode-101</Name>
      </DeviceConfigReference>
      <BackgroundSpectrumFile>Background - office 1 hour</BackgroundSpectrumFile>

       <StartTime>2022-06-06T11:48:15</StartTime>
 <EndTime>2022-06-06T13:49:00</EndTime>

 <EnergySpectrum>
  <NumberOfChannels>256</NumberOfChannels>
  <SpectrumName>Thorium material 8</SpectrumName>
  <SerialNumber>RC-101-001897</SerialNumber>
  <EnergyCalibration>
    <PolynomialOrder>2</PolynomialOrder>
    <Coefficients>
      <Coefficient>1.9060767</Coefficient>
      <Coefficient>9.45942</Coefficient>
      <Coefficient>0.00813342</Coefficient>
    </Coefficients>
  </EnergyCalibration>
  <MeasurementTime>7245</MeasurementTime>
  <Spectrum>
    <DataPoint>0</DataPoint>
<DataPoint>0</DataPoint>
<DataPoint>896</DataPoint>
<DataPoint>2095</DataPoint>
<DataPoint>2498</DataPoint>
<DataPoint>3002</DataPoint>
<DataPoint>3688</DataPoint>
<DataPoint>5077</DataPoint>
<DataPoint>6546</DataPoint>
<DataPoint>6574</DataPoint>
<DataPoint>5357</DataPoint>
<DataPoint>4245</DataPoint>
<DataPoint>3743</DataPoint>
<DataPoint>3506</DataPoint>
<DataPoint>3445</DataPoint>
<DataPoint>3199</DataPoint>
<DataPoint>3062</DataPoint>
<DataPoint>2801</DataPoint>
<DataPoint>2657</DataPoint>
<DataPoint>2547</DataPoint>
<DataPoint>2251</DataPoint>
<DataPoint>2098</DataPoint>
<DataPoint>2040</DataPoint>
<DataPoint>2036</DataPoint>
<DataPoint>2150</DataPoint>
<DataPoint>1870</DataPoint>
<DataPoint>1838</DataPoint>
<DataPoint>1487</DataPoint>
<DataPoint>1508</DataPoint>
<DataPoint>1492</DataPoint>
<DataPoint>1373</DataPoint>
<DataPoint>1326</DataPoint>
<DataPoint>1279</DataPoint>
<DataPoint>1295</DataPoint>
<DataPoint>1299</DataPoint>
<DataPoint>1316</DataPoint>
<DataPoint>1260</DataPoint>
<DataPoint>1045</DataPoint>
<DataPoint>833</DataPoint>
<DataPoint>668</DataPoint>
<DataPoint>536</DataPoint>
<DataPoint>407</DataPoint>
<DataPoint>364</DataPoint>
<DataPoint>324</DataPoint>
<DataPoint>272</DataPoint>
<DataPoint>274</DataPoint>
<DataPoint>294</DataPoint>
<DataPoint>281</DataPoint>
<DataPoint>266</DataPoint>
<DataPoint>259</DataPoint>
<DataPoint>231</DataPoint>
<DataPoint>229</DataPoint>
<DataPoint>196</DataPoint>
<DataPoint>241</DataPoint>
<DataPoint>269</DataPoint>
<DataPoint>276</DataPoint>
<DataPoint>364</DataPoint>
<DataPoint>383</DataPoint>
<DataPoint>422</DataPoint>
<DataPoint>467</DataPoint>
<DataPoint>411</DataPoint>
<DataPoint>353</DataPoint>
<DataPoint>328</DataPoint>
<DataPoint>290</DataPoint>
<DataPoint>238</DataPoint>
<DataPoint>175</DataPoint>
<DataPoint>153</DataPoint>
<DataPoint>177</DataPoint>
<DataPoint>158</DataPoint>
<DataPoint>150</DataPoint>
<DataPoint>137</DataPoint>
<DataPoint>135</DataPoint>
<DataPoint>126</DataPoint>
<DataPoint>136</DataPoint>
<DataPoint>129</DataPoint>
<DataPoint>153</DataPoint>
<DataPoint>139</DataPoint>
<DataPoint>128</DataPoint>
<DataPoint>140</DataPoint>
<DataPoint>120</DataPoint>
<DataPoint>133</DataPoint>
<DataPoint>120</DataPoint>
<DataPoint>130</DataPoint>
<DataPoint>133</DataPoint>
<DataPoint>110</DataPoint>
<DataPoint>101</DataPoint>
<DataPoint>97</DataPoint>
<DataPoint>105</DataPoint>
<DataPoint>98</DataPoint>
<DataPoint>94</DataPoint>
<DataPoint>107</DataPoint>
<DataPoint>89</DataPoint>
<DataPoint>87</DataPoint>
<DataPoint>85</DataPoint>
<DataPoint>69</DataPoint>
<DataPoint>80</DataPoint>
<DataPoint>79</DataPoint>
<DataPoint>78</DataPoint>
<DataPoint>98</DataPoint>
<DataPoint>73</DataPoint>
<DataPoint>67</DataPoint>
<DataPoint>82</DataPoint>
<DataPoint>76</DataPoint>
<DataPoint>92</DataPoint>
<DataPoint>80</DataPoint>
<DataPoint>89</DataPoint>
<DataPoint>73</DataPoint>
<DataPoint>78</DataPoint>
<DataPoint>83</DataPoint>
<DataPoint>67</DataPoint>
<DataPoint>76</DataPoint>
<DataPoint>61</DataPoint>
<DataPoint>60</DataPoint>
<DataPoint>58</DataPoint>
<DataPoint>51</DataPoint>
<DataPoint>51</DataPoint>
<DataPoint>47</DataPoint>
<DataPoint>57</DataPoint>
<DataPoint>40</DataPoint>
<DataPoint>43</DataPoint>
<DataPoint>39</DataPoint>
<DataPoint>42</DataPoint>
<DataPoint>35</DataPoint>
<DataPoint>47</DataPoint>
<DataPoint>62</DataPoint>
<DataPoint>58</DataPoint>
<DataPoint>42</DataPoint>
<DataPoint>47</DataPoint>
<DataPoint>47</DataPoint>
<DataPoint>42</DataPoint>
<DataPoint>56</DataPoint>
<DataPoint>49</DataPoint>
<DataPoint>48</DataPoint>
<DataPoint>42</DataPoint>
<DataPoint>40</DataPoint>
<DataPoint>36</DataPoint>
<DataPoint>30</DataPoint>
<DataPoint>36</DataPoint>
<DataPoint>38</DataPoint>
<DataPoint>42</DataPoint>
<DataPoint>30</DataPoint>
<DataPoint>33</DataPoint>
<DataPoint>28</DataPoint>
<DataPoint>35</DataPoint>
<DataPoint>30</DataPoint>
<DataPoint>21</DataPoint>
<DataPoint>33</DataPoint>
<DataPoint>26</DataPoint>
<DataPoint>30</DataPoint>
<DataPoint>27</DataPoint>
<DataPoint>33</DataPoint>
<DataPoint>23</DataPoint>
<DataPoint>20</DataPoint>
<DataPoint>27</DataPoint>
<DataPoint>22</DataPoint>
<DataPoint>19</DataPoint>
<DataPoint>23</DataPoint>
<DataPoint>24</DataPoint>
<DataPoint>21</DataPoint>
<DataPoint>26</DataPoint>
<DataPoint>31</DataPoint>
<DataPoint>17</DataPoint>
<DataPoint>23</DataPoint>
<DataPoint>20</DataPoint>
<DataPoint>20</DataPoint>
<DataPoint>19</DataPoint>
<DataPoint>12</DataPoint>
<DataPoint>16</DataPoint>
<DataPoint>17</DataPoint>
<DataPoint>12</DataPoint>
<DataPoint>9</DataPoint>
<DataPoint>14</DataPoint>
<DataPoint>15</DataPoint>
<DataPoint>14</DataPoint>
<DataPoint>14</DataPoint>
<DataPoint>8</DataPoint>
<DataPoint>9</DataPoint>
<DataPoint>15</DataPoint>
<DataPoint>4</DataPoint>
<DataPoint>9</DataPoint>
<DataPoint>9</DataPoint>
<DataPoint>8</DataPoint>
<DataPoint>9</DataPoint>
<DataPoint>6</DataPoint>
<DataPoint>7</DataPoint>
<DataPoint>13</DataPoint>
<DataPoint>11</DataPoint>
<DataPoint>6</DataPoint>
<DataPoint>8</DataPoint>
<DataPoint>10</DataPoint>
<DataPoint>6</DataPoint>
<DataPoint>8</DataPoint>
<DataPoint>4</DataPoint>
<DataPoint>11</DataPoint>
<DataPoint>8</DataPoint>
<DataPoint>11</DataPoint>
<DataPoint>8</DataPoint>
<DataPoint>9</DataPoint>
<DataPoint>7</DataPoint>
<DataPoint>6</DataPoint>
<DataPoint>8</DataPoint>
<DataPoint>4</DataPoint>
<DataPoint>1</DataPoint>
<DataPoint>5</DataPoint>
<DataPoint>6</DataPoint>
<DataPoint>3</DataPoint>
<DataPoint>5</DataPoint>
<DataPoint>3</DataPoint>
<DataPoint>2</DataPoint>
<DataPoint>4</DataPoint>
<DataPoint>2</DataPoint>
<DataPoint>2</DataPoint>
<DataPoint>1</DataPoint>
<DataPoint>5</DataPoint>
<DataPoint>2</DataPoint>
<DataPoint>1</DataPoint>
<DataPoint>1</DataPoint>
<DataPoint>4</DataPoint>
<DataPoint>2</DataPoint>
<DataPoint>1</DataPoint>
<DataPoint>5</DataPoint>
<DataPoint>1</DataPoint>
<DataPoint>0</DataPoint>
<DataPoint>3</DataPoint>
<DataPoint>4</DataPoint>
<DataPoint>3</DataPoint>
<DataPoint>1</DataPoint>
<DataPoint>6</DataPoint>
<DataPoint>1</DataPoint>
<DataPoint>1</DataPoint>
<DataPoint>3</DataPoint>
<DataPoint>2</DataPoint>
<DataPoint>1</DataPoint>
<DataPoint>1</DataPoint>
<DataPoint>2</DataPoint>
<DataPoint>2</DataPoint>
<DataPoint>0</DataPoint>
<DataPoint>0</DataPoint>
<DataPoint>0</DataPoint>
<DataPoint>1</DataPoint>
<DataPoint>2</DataPoint>
<DataPoint>1</DataPoint>
<DataPoint>2</DataPoint>
<DataPoint>1</DataPoint>
<DataPoint>2</DataPoint>
<DataPoint>2</DataPoint>
<DataPoint>2</DataPoint>
<DataPoint>1</DataPoint>
<DataPoint>0</DataPoint>
<DataPoint>2</DataPoint>
<DataPoint>0</DataPoint>
<DataPoint>3</DataPoint>
<DataPoint>6</DataPoint>
<DataPoint>2</DataPoint>
<DataPoint>2</DataPoint>
<DataPoint>168</DataPoint>

  </Spectrum>
 </EnergySpectrum>


       
 

 <BackgroundEnergySpectrum>
  <NumberOfChannels>256</NumberOfChannels>
  <SpectrumName>Background - office 1 hour</SpectrumName>
  <SerialNumber>RC-101-001897</SerialNumber>
  <EnergyCalibration>
    <PolynomialOrder>2</PolynomialOrder>
    <Coefficients>
      <Coefficient>1.9060767</Coefficient>
      <Coefficient>9.45942</Coefficient>
      <Coefficient>0.00813342</Coefficient>
    </Coefficients>
  </EnergyCalibration>
  <MeasurementTime>4333</MeasurementTime>
  <Spectrum>
    <DataPoint>0</DataPoint>
<DataPoint>0</DataPoint>
<DataPoint>162</DataPoint>
<DataPoint>410</DataPoint>
<DataPoint>611</DataPoint>
<DataPoint>959</DataPoint>
<DataPoint>1359</DataPoint>
<DataPoint>1653</DataPoint>
<DataPoint>1954</DataPoint>
<DataPoint>2035</DataPoint>
<DataPoint>2031</DataPoint>
<DataPoint>1795</DataPoint>
<DataPoint>1614</DataPoint>
<DataPoint>1380</DataPoint>
<DataPoint>1247</DataPoint>
<DataPoint>1020</DataPoint>
<DataPoint>956</DataPoint>
<DataPoint>851</DataPoint>
<DataPoint>734</DataPoint>
<DataPoint>635</DataPoint>
<DataPoint>537</DataPoint>
<DataPoint>478</DataPoint>
<DataPoint>447</DataPoint>
<DataPoint>384</DataPoint>
<DataPoint>318</DataPoint>
<DataPoint>280</DataPoint>
<DataPoint>294</DataPoint>
<DataPoint>213</DataPoint>
<DataPoint>212</DataPoint>
<DataPoint>159</DataPoint>
<DataPoint>144</DataPoint>
<DataPoint>150</DataPoint>
<DataPoint>114</DataPoint>
<DataPoint>126</DataPoint>
<DataPoint>91</DataPoint>
<DataPoint>113</DataPoint>
<DataPoint>91</DataPoint>
<DataPoint>80</DataPoint>
<DataPoint>67</DataPoint>
<DataPoint>60</DataPoint>
<DataPoint>63</DataPoint>
<DataPoint>43</DataPoint>
<DataPoint>54</DataPoint>
<DataPoint>56</DataPoint>
<DataPoint>41</DataPoint>
<DataPoint>47</DataPoint>
<DataPoint>38</DataPoint>
<DataPoint>45</DataPoint>
<DataPoint>37</DataPoint>
<DataPoint>46</DataPoint>
<DataPoint>33</DataPoint>
<DataPoint>38</DataPoint>
<DataPoint>24</DataPoint>
<DataPoint>23</DataPoint>
<DataPoint>42</DataPoint>
<DataPoint>27</DataPoint>
<DataPoint>27</DataPoint>
<DataPoint>21</DataPoint>
<DataPoint>36</DataPoint>
<DataPoint>33</DataPoint>
<DataPoint>31</DataPoint>
<DataPoint>21</DataPoint>
<DataPoint>22</DataPoint>
<DataPoint>12</DataPoint>
<DataPoint>22</DataPoint>
<DataPoint>17</DataPoint>
<DataPoint>18</DataPoint>
<DataPoint>18</DataPoint>
<DataPoint>21</DataPoint>
<DataPoint>19</DataPoint>
<DataPoint>17</DataPoint>
<DataPoint>15</DataPoint>
<DataPoint>12</DataPoint>
<DataPoint>15</DataPoint>
<DataPoint>15</DataPoint>
<DataPoint>13</DataPoint>
<DataPoint>9</DataPoint>
<DataPoint>17</DataPoint>
<DataPoint>6</DataPoint>
<DataPoint>11</DataPoint>
<DataPoint>17</DataPoint>
<DataPoint>10</DataPoint>
<DataPoint>12</DataPoint>
<DataPoint>16</DataPoint>
<DataPoint>11</DataPoint>
<DataPoint>14</DataPoint>
<DataPoint>9</DataPoint>
<DataPoint>11</DataPoint>
<DataPoint>12</DataPoint>
<DataPoint>13</DataPoint>
<DataPoint>8</DataPoint>
<DataPoint>10</DataPoint>
<DataPoint>8</DataPoint>
<DataPoint>15</DataPoint>
<DataPoint>11</DataPoint>
<DataPoint>15</DataPoint>
<DataPoint>12</DataPoint>
<DataPoint>8</DataPoint>
<DataPoint>11</DataPoint>
<DataPoint>8</DataPoint>
<DataPoint>12</DataPoint>
<DataPoint>11</DataPoint>
<DataPoint>7</DataPoint>
<DataPoint>9</DataPoint>
<DataPoint>8</DataPoint>
<DataPoint>7</DataPoint>
<DataPoint>7</DataPoint>
<DataPoint>7</DataPoint>
<DataPoint>9</DataPoint>
<DataPoint>7</DataPoint>
<DataPoint>12</DataPoint>
<DataPoint>4</DataPoint>
<DataPoint>13</DataPoint>
<DataPoint>9</DataPoint>
<DataPoint>12</DataPoint>
<DataPoint>9</DataPoint>
<DataPoint>7</DataPoint>
<DataPoint>3</DataPoint>
<DataPoint>9</DataPoint>
<DataPoint>5</DataPoint>
<DataPoint>9</DataPoint>
<DataPoint>4</DataPoint>
<DataPoint>3</DataPoint>
<DataPoint>3</DataPoint>
<DataPoint>8</DataPoint>
<DataPoint>4</DataPoint>
<DataPoint>3</DataPoint>
<DataPoint>4</DataPoint>
<DataPoint>5</DataPoint>
<DataPoint>3</DataPoint>
<DataPoint>5</DataPoint>
<DataPoint>5</DataPoint>
<DataPoint>4</DataPoint>
<DataPoint>4</DataPoint>
<DataPoint>7</DataPoint>
<DataPoint>3</DataPoint>
<DataPoint>7</DataPoint>
<DataPoint>3</DataPoint>
<DataPoint>4</DataPoint>
<DataPoint>3</DataPoint>
<DataPoint>3</DataPoint>
<DataPoint>5</DataPoint>
<DataPoint>5</DataPoint>
<DataPoint>2</DataPoint>
<DataPoint>6</DataPoint>
<DataPoint>4</DataPoint>
<DataPoint>2</DataPoint>
<DataPoint>0</DataPoint>
<DataPoint>4</DataPoint>
<DataPoint>1</DataPoint>
<DataPoint>1</DataPoint>
<DataPoint>2</DataPoint>
<DataPoint>1</DataPoint>
<DataPoint>1</DataPoint>
<DataPoint>7</DataPoint>
<DataPoint>3</DataPoint>
<DataPoint>2</DataPoint>
<DataPoint>2</DataPoint>
<DataPoint>2</DataPoint>
<DataPoint>0</DataPoint>
<DataPoint>2</DataPoint>
<DataPoint>2</DataPoint>
<DataPoint>2</DataPoint>
<DataPoint>0</DataPoint>
<DataPoint>2</DataPoint>
<DataPoint>1</DataPoint>
<DataPoint>2</DataPoint>
<DataPoint>1</DataPoint>
<DataPoint>1</DataPoint>
<DataPoint>2</DataPoint>
<DataPoint>1</DataPoint>
<DataPoint>1</DataPoint>
<DataPoint>2</DataPoint>
<DataPoint>0</DataPoint>
<DataPoint>0</DataPoint>
<DataPoint>1</DataPoint>
<DataPoint>1</DataPoint>
<DataPoint>2</DataPoint>
<DataPoint>1</DataPoint>
<DataPoint>3</DataPoint>
<DataPoint>0</DataPoint>
<DataPoint>0</DataPoint>
<DataPoint>2</DataPoint>
<DataPoint>0</DataPoint>
<DataPoint>1</DataPoint>
<DataPoint>2</DataPoint>
<DataPoint>1</DataPoint>
<DataPoint>2</DataPoint>
<DataPoint>0</DataPoint>
<DataPoint>0</DataPoint>
<DataPoint>0</DataPoint>
<DataPoint>0</DataPoint>
<DataPoint>0</DataPoint>
<DataPoint>0</DataPoint>
<DataPoint>3</DataPoint>
<DataPoint>1</DataPoint>
<DataPoint>1</DataPoint>
<DataPoint>2</DataPoint>
<DataPoint>1</DataPoint>
<DataPoint>0</DataPoint>
<DataPoint>2</DataPoint>
<DataPoint>0</DataPoint>
<DataPoint>2</DataPoint>
<DataPoint>0</DataPoint>
<DataPoint>1</DataPoint>
<DataPoint>0</DataPoint>
<DataPoint>0</DataPoint>
<DataPoint>1</DataPoint>
<DataPoint>2</DataPoint>
<DataPoint>1</DataPoint>
<DataPoint>0</DataPoint>
<DataPoint>0</DataPoint>
<DataPoint>1</DataPoint>
<DataPoint>1</DataPoint>
<DataPoint>0</DataPoint>
<DataPoint>1</DataPoint>
<DataPoint>1</DataPoint>
<DataPoint>2</DataPoint>
<DataPoint>0</DataPoint>
<DataPoint>1</DataPoint>
<DataPoint>1</DataPoint>
<DataPoint>2</DataPoint>
<DataPoint>0</DataPoint>
<DataPoint>2</DataPoint>
<DataPoint>1</DataPoint>
<DataPoint>1</DataPoint>
<DataPoint>0</DataPoint>
<DataPoint>2</DataPoint>
<DataPoint>0</DataPoint>
<DataPoint>2</DataPoint>
<DataPoint>0</DataPoint>
<DataPoint>0</DataPoint>
<DataPoint>2</DataPoint>
<DataPoint>0</DataPoint>
<DataPoint>0</DataPoint>
<DataPoint>1</DataPoint>
<DataPoint>1</DataPoint>
<DataPoint>1</DataPoint>
<DataPoint>0</DataPoint>
<DataPoint>0</DataPoint>
<DataPoint>3</DataPoint>
<DataPoint>0</DataPoint>
<DataPoint>1</DataPoint>
<DataPoint>0</DataPoint>
<DataPoint>1</DataPoint>
<DataPoint>1</DataPoint>
<DataPoint>2</DataPoint>
<DataPoint>1</DataPoint>
<DataPoint>3</DataPoint>
<DataPoint>0</DataPoint>
<DataPoint>1</DataPoint>
<DataPoint>1</DataPoint>
<DataPoint>1</DataPoint>
<DataPoint>0</DataPoint>
<DataPoint>1</DataPoint>
<DataPoint>103</DataPoint>

  </Spectrum>
 </BackgroundEnergySpectrum>


      <Visible>true</Visible>
      <PulseCollection>
        <Format>Base64 encoded binary</Format>
        <Pulses />
      </PulseCollection>
    </ResultData>
  </ResultDataList>
</ResultDataFile>
