<?xml version="1.0"?>
<ResultDataFile xmlns:xsd="http://www.w3.org/2001/XMLSchema" xmlns:xsi="http://www.w3.org/2001/XMLSchema-instance">
  <FormatVersion>120920</FormatVersion>
  <ResultDataList>
    <ResultData>
      <DeviceConfigReference>
        <Name>RadiaCode-101</Name>
      </DeviceConfigReference>
      <BackgroundSpectrumFile>Background17d</BackgroundSpectrumFile>

       
 

 <EnergySpectrum>
  <NumberOfChannels>256</NumberOfChannels>
  <SpectrumName>Dosemap.org Cs-137 Belarus mushrooms</SpectrumName>
  <SerialNumber>RC-101-000205</SerialNumber>
  <EnergyCalibration>
    <PolynomialOrder>2</PolynomialOrder>
    <Coefficients>
      <Coefficient>-8.72</Coefficient>
      <Coefficient>9.638</Coefficient>
      <Coefficient>0.0092438</Coefficient>
    </Coefficients>
  </EnergyCalibration>
  <MeasurementTime>1167364</MeasurementTime>
  <Spectrum>
    <DataPoint>0</DataPoint>
<DataPoint>0</DataPoint>
<DataPoint>46803</DataPoint>
<DataPoint>109383</DataPoint>
<DataPoint>149064</DataPoint>
<DataPoint>187176</DataPoint>
<DataPoint>269823</DataPoint>
<DataPoint>345501</DataPoint>
<DataPoint>400351</DataPoint>
<DataPoint>402923</DataPoint>
<DataPoint>388789</DataPoint>
<DataPoint>347553</DataPoint>
<DataPoint>316736</DataPoint>
<DataPoint>276239</DataPoint>
<DataPoint>247041</DataPoint>
<DataPoint>209596</DataPoint>
<DataPoint>186675</DataPoint>
<DataPoint>159327</DataPoint>
<DataPoint>141639</DataPoint>
<DataPoint>123440</DataPoint>
<DataPoint>110152</DataPoint>
<DataPoint>95605</DataPoint>
<DataPoint>85062</DataPoint>
<DataPoint>74677</DataPoint>
<DataPoint>66095</DataPoint>
<DataPoint>56948</DataPoint>
<DataPoint>50379</DataPoint>
<DataPoint>43129</DataPoint>
<DataPoint>38723</DataPoint>
<DataPoint>33721</DataPoint>
<DataPoint>31208</DataPoint>
<DataPoint>27780</DataPoint>
<DataPoint>25540</DataPoint>
<DataPoint>23208</DataPoint>
<DataPoint>21894</DataPoint>
<DataPoint>19856</DataPoint>
<DataPoint>18757</DataPoint>
<DataPoint>17099</DataPoint>
<DataPoint>15922</DataPoint>
<DataPoint>14856</DataPoint>
<DataPoint>14444</DataPoint>
<DataPoint>13278</DataPoint>
<DataPoint>12756</DataPoint>
<DataPoint>12029</DataPoint>
<DataPoint>10998</DataPoint>
<DataPoint>10149</DataPoint>
<DataPoint>9503</DataPoint>
<DataPoint>8576</DataPoint>
<DataPoint>8098</DataPoint>
<DataPoint>7278</DataPoint>
<DataPoint>6932</DataPoint>
<DataPoint>6414</DataPoint>
<DataPoint>6270</DataPoint>
<DataPoint>5621</DataPoint>
<DataPoint>5615</DataPoint>
<DataPoint>5506</DataPoint>
<DataPoint>5631</DataPoint>
<DataPoint>5703</DataPoint>
<DataPoint>6252</DataPoint>
<DataPoint>6671</DataPoint>
<DataPoint>7502</DataPoint>
<DataPoint>8073</DataPoint>
<DataPoint>8994</DataPoint>
<DataPoint>8915</DataPoint>
<DataPoint>9419</DataPoint>
<DataPoint>8313</DataPoint>
<DataPoint>7704</DataPoint>
<DataPoint>6458</DataPoint>
<DataPoint>5628</DataPoint>
<DataPoint>4460</DataPoint>
<DataPoint>3867</DataPoint>
<DataPoint>3288</DataPoint>
<DataPoint>3157</DataPoint>
<DataPoint>2969</DataPoint>
<DataPoint>2821</DataPoint>
<DataPoint>2700</DataPoint>
<DataPoint>2506</DataPoint>
<DataPoint>2546</DataPoint>
<DataPoint>2332</DataPoint>
<DataPoint>2254</DataPoint>
<DataPoint>2438</DataPoint>
<DataPoint>2273</DataPoint>
<DataPoint>2345</DataPoint>
<DataPoint>2245</DataPoint>
<DataPoint>2235</DataPoint>
<DataPoint>2237</DataPoint>
<DataPoint>2218</DataPoint>
<DataPoint>2127</DataPoint>
<DataPoint>2088</DataPoint>
<DataPoint>2041</DataPoint>
<DataPoint>2061</DataPoint>
<DataPoint>2010</DataPoint>
<DataPoint>2001</DataPoint>
<DataPoint>1808</DataPoint>
<DataPoint>1869</DataPoint>
<DataPoint>1758</DataPoint>
<DataPoint>1908</DataPoint>
<DataPoint>1759</DataPoint>
<DataPoint>1838</DataPoint>
<DataPoint>1809</DataPoint>
<DataPoint>1798</DataPoint>
<DataPoint>1776</DataPoint>
<DataPoint>1754</DataPoint>
<DataPoint>1797</DataPoint>
<DataPoint>1815</DataPoint>
<DataPoint>1758</DataPoint>
<DataPoint>1792</DataPoint>
<DataPoint>1693</DataPoint>
<DataPoint>1606</DataPoint>
<DataPoint>1585</DataPoint>
<DataPoint>1512</DataPoint>
<DataPoint>1405</DataPoint>
<DataPoint>1340</DataPoint>
<DataPoint>1280</DataPoint>
<DataPoint>1256</DataPoint>
<DataPoint>1092</DataPoint>
<DataPoint>971</DataPoint>
<DataPoint>862</DataPoint>
<DataPoint>799</DataPoint>
<DataPoint>807</DataPoint>
<DataPoint>812</DataPoint>
<DataPoint>668</DataPoint>
<DataPoint>729</DataPoint>
<DataPoint>704</DataPoint>
<DataPoint>759</DataPoint>
<DataPoint>750</DataPoint>
<DataPoint>803</DataPoint>
<DataPoint>826</DataPoint>
<DataPoint>933</DataPoint>
<DataPoint>981</DataPoint>
<DataPoint>1004</DataPoint>
<DataPoint>1095</DataPoint>
<DataPoint>1061</DataPoint>
<DataPoint>1031</DataPoint>
<DataPoint>997</DataPoint>
<DataPoint>928</DataPoint>
<DataPoint>900</DataPoint>
<DataPoint>792</DataPoint>
<DataPoint>711</DataPoint>
<DataPoint>648</DataPoint>
<DataPoint>585</DataPoint>
<DataPoint>558</DataPoint>
<DataPoint>472</DataPoint>
<DataPoint>441</DataPoint>
<DataPoint>393</DataPoint>
<DataPoint>379</DataPoint>
<DataPoint>399</DataPoint>
<DataPoint>341</DataPoint>
<DataPoint>316</DataPoint>
<DataPoint>316</DataPoint>
<DataPoint>291</DataPoint>
<DataPoint>261</DataPoint>
<DataPoint>335</DataPoint>
<DataPoint>259</DataPoint>
<DataPoint>294</DataPoint>
<DataPoint>289</DataPoint>
<DataPoint>276</DataPoint>
<DataPoint>272</DataPoint>
<DataPoint>273</DataPoint>
<DataPoint>248</DataPoint>
<DataPoint>242</DataPoint>
<DataPoint>242</DataPoint>
<DataPoint>237</DataPoint>
<DataPoint>216</DataPoint>
<DataPoint>215</DataPoint>
<DataPoint>211</DataPoint>
<DataPoint>236</DataPoint>
<DataPoint>226</DataPoint>
<DataPoint>212</DataPoint>
<DataPoint>215</DataPoint>
<DataPoint>220</DataPoint>
<DataPoint>191</DataPoint>
<DataPoint>191</DataPoint>
<DataPoint>191</DataPoint>
<DataPoint>182</DataPoint>
<DataPoint>197</DataPoint>
<DataPoint>205</DataPoint>
<DataPoint>164</DataPoint>
<DataPoint>207</DataPoint>
<DataPoint>178</DataPoint>
<DataPoint>226</DataPoint>
<DataPoint>189</DataPoint>
<DataPoint>192</DataPoint>
<DataPoint>206</DataPoint>
<DataPoint>165</DataPoint>
<DataPoint>184</DataPoint>
<DataPoint>223</DataPoint>
<DataPoint>209</DataPoint>
<DataPoint>176</DataPoint>
<DataPoint>198</DataPoint>
<DataPoint>177</DataPoint>
<DataPoint>174</DataPoint>
<DataPoint>177</DataPoint>
<DataPoint>158</DataPoint>
<DataPoint>203</DataPoint>
<DataPoint>156</DataPoint>
<DataPoint>174</DataPoint>
<DataPoint>162</DataPoint>
<DataPoint>173</DataPoint>
<DataPoint>172</DataPoint>
<DataPoint>136</DataPoint>
<DataPoint>147</DataPoint>
<DataPoint>167</DataPoint>
<DataPoint>132</DataPoint>
<DataPoint>143</DataPoint>
<DataPoint>137</DataPoint>
<DataPoint>129</DataPoint>
<DataPoint>109</DataPoint>
<DataPoint>130</DataPoint>
<DataPoint>109</DataPoint>
<DataPoint>109</DataPoint>
<DataPoint>121</DataPoint>
<DataPoint>102</DataPoint>
<DataPoint>121</DataPoint>
<DataPoint>106</DataPoint>
<DataPoint>112</DataPoint>
<DataPoint>136</DataPoint>
<DataPoint>122</DataPoint>
<DataPoint>157</DataPoint>
<DataPoint>166</DataPoint>
<DataPoint>151</DataPoint>
<DataPoint>138</DataPoint>
<DataPoint>141</DataPoint>
<DataPoint>148</DataPoint>
<DataPoint>166</DataPoint>
<DataPoint>140</DataPoint>
<DataPoint>133</DataPoint>
<DataPoint>143</DataPoint>
<DataPoint>126</DataPoint>
<DataPoint>158</DataPoint>
<DataPoint>127</DataPoint>
<DataPoint>141</DataPoint>
<DataPoint>144</DataPoint>
<DataPoint>138</DataPoint>
<DataPoint>141</DataPoint>
<DataPoint>156</DataPoint>
<DataPoint>156</DataPoint>
<DataPoint>140</DataPoint>
<DataPoint>167</DataPoint>
<DataPoint>155</DataPoint>
<DataPoint>178</DataPoint>
<DataPoint>163</DataPoint>
<DataPoint>183</DataPoint>
<DataPoint>169</DataPoint>
<DataPoint>161</DataPoint>
<DataPoint>189</DataPoint>
<DataPoint>182</DataPoint>
<DataPoint>201</DataPoint>
<DataPoint>191</DataPoint>
<DataPoint>220</DataPoint>
<DataPoint>230</DataPoint>
<DataPoint>233</DataPoint>
<DataPoint>262</DataPoint>
<DataPoint>266</DataPoint>
<DataPoint>262</DataPoint>
<DataPoint>21663</DataPoint>

  </Spectrum>
 </EnergySpectrum>


       
 

 <BackgroundEnergySpectrum>
  <NumberOfChannels>256</NumberOfChannels>
  <SpectrumName>Background17d</SpectrumName>
  <SerialNumber>RC-101-000205</SerialNumber>
  <EnergyCalibration>
    <PolynomialOrder>2</PolynomialOrder>
    <Coefficients>
      <Coefficient>-8.72</Coefficient>
      <Coefficient>9.638</Coefficient>
      <Coefficient>0.0092438</Coefficient>
    </Coefficients>
  </EnergyCalibration>
  <MeasurementTime>1485768</MeasurementTime>
  <Spectrum>
    <DataPoint>0</DataPoint>
<DataPoint>0</DataPoint>
<DataPoint>41113</DataPoint>
<DataPoint>82585</DataPoint>
<DataPoint>115890</DataPoint>
<DataPoint>158235</DataPoint>
<DataPoint>241446</DataPoint>
<DataPoint>328173</DataPoint>
<DataPoint>410885</DataPoint>
<DataPoint>435874</DataPoint>
<DataPoint>435914</DataPoint>
<DataPoint>400579</DataPoint>
<DataPoint>372265</DataPoint>
<DataPoint>329568</DataPoint>
<DataPoint>297876</DataPoint>
<DataPoint>255339</DataPoint>
<DataPoint>228383</DataPoint>
<DataPoint>196162</DataPoint>
<DataPoint>172111</DataPoint>
<DataPoint>149009</DataPoint>
<DataPoint>131559</DataPoint>
<DataPoint>112888</DataPoint>
<DataPoint>101728</DataPoint>
<DataPoint>89069</DataPoint>
<DataPoint>80098</DataPoint>
<DataPoint>70114</DataPoint>
<DataPoint>61325</DataPoint>
<DataPoint>52671</DataPoint>
<DataPoint>46230</DataPoint>
<DataPoint>40434</DataPoint>
<DataPoint>36335</DataPoint>
<DataPoint>32339</DataPoint>
<DataPoint>29433</DataPoint>
<DataPoint>26675</DataPoint>
<DataPoint>24665</DataPoint>
<DataPoint>22534</DataPoint>
<DataPoint>20482</DataPoint>
<DataPoint>18287</DataPoint>
<DataPoint>16465</DataPoint>
<DataPoint>14739</DataPoint>
<DataPoint>13635</DataPoint>
<DataPoint>12631</DataPoint>
<DataPoint>11650</DataPoint>
<DataPoint>10931</DataPoint>
<DataPoint>10415</DataPoint>
<DataPoint>9582</DataPoint>
<DataPoint>9370</DataPoint>
<DataPoint>8762</DataPoint>
<DataPoint>8367</DataPoint>
<DataPoint>7746</DataPoint>
<DataPoint>7868</DataPoint>
<DataPoint>7395</DataPoint>
<DataPoint>7186</DataPoint>
<DataPoint>6790</DataPoint>
<DataPoint>6548</DataPoint>
<DataPoint>6526</DataPoint>
<DataPoint>6512</DataPoint>
<DataPoint>6268</DataPoint>
<DataPoint>6177</DataPoint>
<DataPoint>6024</DataPoint>
<DataPoint>5761</DataPoint>
<DataPoint>5351</DataPoint>
<DataPoint>5157</DataPoint>
<DataPoint>4572</DataPoint>
<DataPoint>4555</DataPoint>
<DataPoint>4226</DataPoint>
<DataPoint>4179</DataPoint>
<DataPoint>3977</DataPoint>
<DataPoint>3864</DataPoint>
<DataPoint>3628</DataPoint>
<DataPoint>3646</DataPoint>
<DataPoint>3611</DataPoint>
<DataPoint>3399</DataPoint>
<DataPoint>3290</DataPoint>
<DataPoint>3331</DataPoint>
<DataPoint>3190</DataPoint>
<DataPoint>3147</DataPoint>
<DataPoint>2989</DataPoint>
<DataPoint>2996</DataPoint>
<DataPoint>2874</DataPoint>
<DataPoint>2875</DataPoint>
<DataPoint>2781</DataPoint>
<DataPoint>2850</DataPoint>
<DataPoint>2704</DataPoint>
<DataPoint>2637</DataPoint>
<DataPoint>2699</DataPoint>
<DataPoint>2769</DataPoint>
<DataPoint>2640</DataPoint>
<DataPoint>2594</DataPoint>
<DataPoint>2524</DataPoint>
<DataPoint>2526</DataPoint>
<DataPoint>2509</DataPoint>
<DataPoint>2357</DataPoint>
<DataPoint>2338</DataPoint>
<DataPoint>2336</DataPoint>
<DataPoint>2184</DataPoint>
<DataPoint>2240</DataPoint>
<DataPoint>2135</DataPoint>
<DataPoint>2138</DataPoint>
<DataPoint>2105</DataPoint>
<DataPoint>2059</DataPoint>
<DataPoint>2047</DataPoint>
<DataPoint>2190</DataPoint>
<DataPoint>2040</DataPoint>
<DataPoint>2141</DataPoint>
<DataPoint>2060</DataPoint>
<DataPoint>2136</DataPoint>
<DataPoint>2110</DataPoint>
<DataPoint>1966</DataPoint>
<DataPoint>1907</DataPoint>
<DataPoint>1905</DataPoint>
<DataPoint>1731</DataPoint>
<DataPoint>1693</DataPoint>
<DataPoint>1616</DataPoint>
<DataPoint>1562</DataPoint>
<DataPoint>1422</DataPoint>
<DataPoint>1334</DataPoint>
<DataPoint>1156</DataPoint>
<DataPoint>1123</DataPoint>
<DataPoint>1088</DataPoint>
<DataPoint>994</DataPoint>
<DataPoint>950</DataPoint>
<DataPoint>861</DataPoint>
<DataPoint>912</DataPoint>
<DataPoint>887</DataPoint>
<DataPoint>871</DataPoint>
<DataPoint>904</DataPoint>
<DataPoint>953</DataPoint>
<DataPoint>952</DataPoint>
<DataPoint>1120</DataPoint>
<DataPoint>1181</DataPoint>
<DataPoint>1241</DataPoint>
<DataPoint>1256</DataPoint>
<DataPoint>1272</DataPoint>
<DataPoint>1262</DataPoint>
<DataPoint>1178</DataPoint>
<DataPoint>1157</DataPoint>
<DataPoint>1002</DataPoint>
<DataPoint>959</DataPoint>
<DataPoint>891</DataPoint>
<DataPoint>799</DataPoint>
<DataPoint>720</DataPoint>
<DataPoint>692</DataPoint>
<DataPoint>598</DataPoint>
<DataPoint>593</DataPoint>
<DataPoint>535</DataPoint>
<DataPoint>520</DataPoint>
<DataPoint>464</DataPoint>
<DataPoint>445</DataPoint>
<DataPoint>382</DataPoint>
<DataPoint>381</DataPoint>
<DataPoint>401</DataPoint>
<DataPoint>368</DataPoint>
<DataPoint>374</DataPoint>
<DataPoint>347</DataPoint>
<DataPoint>336</DataPoint>
<DataPoint>341</DataPoint>
<DataPoint>328</DataPoint>
<DataPoint>319</DataPoint>
<DataPoint>340</DataPoint>
<DataPoint>350</DataPoint>
<DataPoint>335</DataPoint>
<DataPoint>329</DataPoint>
<DataPoint>304</DataPoint>
<DataPoint>316</DataPoint>
<DataPoint>298</DataPoint>
<DataPoint>281</DataPoint>
<DataPoint>288</DataPoint>
<DataPoint>309</DataPoint>
<DataPoint>279</DataPoint>
<DataPoint>250</DataPoint>
<DataPoint>279</DataPoint>
<DataPoint>277</DataPoint>
<DataPoint>247</DataPoint>
<DataPoint>272</DataPoint>
<DataPoint>241</DataPoint>
<DataPoint>258</DataPoint>
<DataPoint>246</DataPoint>
<DataPoint>228</DataPoint>
<DataPoint>219</DataPoint>
<DataPoint>252</DataPoint>
<DataPoint>272</DataPoint>
<DataPoint>270</DataPoint>
<DataPoint>234</DataPoint>
<DataPoint>244</DataPoint>
<DataPoint>224</DataPoint>
<DataPoint>256</DataPoint>
<DataPoint>229</DataPoint>
<DataPoint>251</DataPoint>
<DataPoint>250</DataPoint>
<DataPoint>247</DataPoint>
<DataPoint>218</DataPoint>
<DataPoint>260</DataPoint>
<DataPoint>235</DataPoint>
<DataPoint>223</DataPoint>
<DataPoint>212</DataPoint>
<DataPoint>217</DataPoint>
<DataPoint>221</DataPoint>
<DataPoint>223</DataPoint>
<DataPoint>198</DataPoint>
<DataPoint>237</DataPoint>
<DataPoint>188</DataPoint>
<DataPoint>192</DataPoint>
<DataPoint>195</DataPoint>
<DataPoint>158</DataPoint>
<DataPoint>180</DataPoint>
<DataPoint>189</DataPoint>
<DataPoint>146</DataPoint>
<DataPoint>149</DataPoint>
<DataPoint>158</DataPoint>
<DataPoint>138</DataPoint>
<DataPoint>155</DataPoint>
<DataPoint>136</DataPoint>
<DataPoint>137</DataPoint>
<DataPoint>141</DataPoint>
<DataPoint>134</DataPoint>
<DataPoint>165</DataPoint>
<DataPoint>172</DataPoint>
<DataPoint>178</DataPoint>
<DataPoint>182</DataPoint>
<DataPoint>178</DataPoint>
<DataPoint>213</DataPoint>
<DataPoint>193</DataPoint>
<DataPoint>185</DataPoint>
<DataPoint>191</DataPoint>
<DataPoint>186</DataPoint>
<DataPoint>200</DataPoint>
<DataPoint>179</DataPoint>
<DataPoint>162</DataPoint>
<DataPoint>211</DataPoint>
<DataPoint>158</DataPoint>
<DataPoint>184</DataPoint>
<DataPoint>188</DataPoint>
<DataPoint>174</DataPoint>
<DataPoint>191</DataPoint>
<DataPoint>195</DataPoint>
<DataPoint>190</DataPoint>
<DataPoint>183</DataPoint>
<DataPoint>190</DataPoint>
<DataPoint>210</DataPoint>
<DataPoint>221</DataPoint>
<DataPoint>212</DataPoint>
<DataPoint>187</DataPoint>
<DataPoint>240</DataPoint>
<DataPoint>250</DataPoint>
<DataPoint>212</DataPoint>
<DataPoint>234</DataPoint>
<DataPoint>245</DataPoint>
<DataPoint>232</DataPoint>
<DataPoint>286</DataPoint>
<DataPoint>276</DataPoint>
<DataPoint>282</DataPoint>
<DataPoint>311</DataPoint>
<DataPoint>322</DataPoint>
<DataPoint>335</DataPoint>
<DataPoint>28284</DataPoint>

  </Spectrum>
 </BackgroundEnergySpectrum>


      <Visible>true</Visible>
      <PulseCollection>
        <Format>Base64 encoded binary</Format>
        <Pulses />
      </PulseCollection>
    </ResultData>
  </ResultDataList>
</ResultDataFile>
