<?xml version="1.0"?>
<ResultDataFile xmlns:xsd="http://www.w3.org/2001/XMLSchema" xmlns:xsi="http://www.w3.org/2001/XMLSchema-instance">
  <FormatVersion>120920</FormatVersion>
  <ResultDataList>
    <ResultData>
      <DeviceConfigReference>
        <Name>RadiaCode-101</Name>
      </DeviceConfigReference>
      <BackgroundSpectrumFile>Background - office 1 hour</BackgroundSpectrumFile>

       <StartTime>2022-05-13T11:00:52</StartTime>
 <EndTime>2022-05-13T11:11:08</EndTime>

 <EnergySpectrum>
  <NumberOfChannels>256</NumberOfChannels>
  <SpectrumName>Co-60 + Cs-137 source EG 3X</SpectrumName>
  <SerialNumber>RC-101-001897</SerialNumber>
  <EnergyCalibration>
    <PolynomialOrder>2</PolynomialOrder>
    <Coefficients>
      <Coefficient>1.9060767</Coefficient>
      <Coefficient>9.45942</Coefficient>
      <Coefficient>0.00813342</Coefficient>
    </Coefficients>
  </EnergyCalibration>
  <MeasurementTime>616</MeasurementTime>
  <Spectrum>
    <DataPoint>0</DataPoint>
<DataPoint>0</DataPoint>
<DataPoint>5632</DataPoint>
<DataPoint>12354</DataPoint>
<DataPoint>7924</DataPoint>
<DataPoint>3507</DataPoint>
<DataPoint>2744</DataPoint>
<DataPoint>2886</DataPoint>
<DataPoint>2963</DataPoint>
<DataPoint>2891</DataPoint>
<DataPoint>3024</DataPoint>
<DataPoint>2810</DataPoint>
<DataPoint>2949</DataPoint>
<DataPoint>3152</DataPoint>
<DataPoint>3249</DataPoint>
<DataPoint>3086</DataPoint>
<DataPoint>3171</DataPoint>
<DataPoint>3299</DataPoint>
<DataPoint>3609</DataPoint>
<DataPoint>4130</DataPoint>
<DataPoint>4340</DataPoint>
<DataPoint>4469</DataPoint>
<DataPoint>4397</DataPoint>
<DataPoint>4191</DataPoint>
<DataPoint>3743</DataPoint>
<DataPoint>3326</DataPoint>
<DataPoint>2958</DataPoint>
<DataPoint>2775</DataPoint>
<DataPoint>2581</DataPoint>
<DataPoint>2342</DataPoint>
<DataPoint>2203</DataPoint>
<DataPoint>2006</DataPoint>
<DataPoint>1881</DataPoint>
<DataPoint>1766</DataPoint>
<DataPoint>1867</DataPoint>
<DataPoint>1744</DataPoint>
<DataPoint>1775</DataPoint>
<DataPoint>1815</DataPoint>
<DataPoint>1765</DataPoint>
<DataPoint>1769</DataPoint>
<DataPoint>1758</DataPoint>
<DataPoint>1795</DataPoint>
<DataPoint>1737</DataPoint>
<DataPoint>1706</DataPoint>
<DataPoint>1627</DataPoint>
<DataPoint>1470</DataPoint>
<DataPoint>1293</DataPoint>
<DataPoint>1164</DataPoint>
<DataPoint>1035</DataPoint>
<DataPoint>850</DataPoint>
<DataPoint>758</DataPoint>
<DataPoint>666</DataPoint>
<DataPoint>659</DataPoint>
<DataPoint>582</DataPoint>
<DataPoint>613</DataPoint>
<DataPoint>561</DataPoint>
<DataPoint>588</DataPoint>
<DataPoint>624</DataPoint>
<DataPoint>838</DataPoint>
<DataPoint>1069</DataPoint>
<DataPoint>1409</DataPoint>
<DataPoint>1685</DataPoint>
<DataPoint>2083</DataPoint>
<DataPoint>2414</DataPoint>
<DataPoint>2501</DataPoint>
<DataPoint>2473</DataPoint>
<DataPoint>2270</DataPoint>
<DataPoint>1886</DataPoint>
<DataPoint>1540</DataPoint>
<DataPoint>1176</DataPoint>
<DataPoint>1027</DataPoint>
<DataPoint>747</DataPoint>
<DataPoint>655</DataPoint>
<DataPoint>549</DataPoint>
<DataPoint>528</DataPoint>
<DataPoint>513</DataPoint>
<DataPoint>548</DataPoint>
<DataPoint>528</DataPoint>
<DataPoint>497</DataPoint>
<DataPoint>508</DataPoint>
<DataPoint>547</DataPoint>
<DataPoint>530</DataPoint>
<DataPoint>580</DataPoint>
<DataPoint>548</DataPoint>
<DataPoint>608</DataPoint>
<DataPoint>539</DataPoint>
<DataPoint>545</DataPoint>
<DataPoint>563</DataPoint>
<DataPoint>516</DataPoint>
<DataPoint>494</DataPoint>
<DataPoint>453</DataPoint>
<DataPoint>434</DataPoint>
<DataPoint>434</DataPoint>
<DataPoint>380</DataPoint>
<DataPoint>376</DataPoint>
<DataPoint>373</DataPoint>
<DataPoint>375</DataPoint>
<DataPoint>316</DataPoint>
<DataPoint>321</DataPoint>
<DataPoint>319</DataPoint>
<DataPoint>294</DataPoint>
<DataPoint>313</DataPoint>
<DataPoint>310</DataPoint>
<DataPoint>308</DataPoint>
<DataPoint>302</DataPoint>
<DataPoint>322</DataPoint>
<DataPoint>355</DataPoint>
<DataPoint>344</DataPoint>
<DataPoint>342</DataPoint>
<DataPoint>331</DataPoint>
<DataPoint>342</DataPoint>
<DataPoint>309</DataPoint>
<DataPoint>319</DataPoint>
<DataPoint>253</DataPoint>
<DataPoint>213</DataPoint>
<DataPoint>235</DataPoint>
<DataPoint>196</DataPoint>
<DataPoint>163</DataPoint>
<DataPoint>176</DataPoint>
<DataPoint>164</DataPoint>
<DataPoint>177</DataPoint>
<DataPoint>180</DataPoint>
<DataPoint>240</DataPoint>
<DataPoint>229</DataPoint>
<DataPoint>229</DataPoint>
<DataPoint>211</DataPoint>
<DataPoint>184</DataPoint>
<DataPoint>150</DataPoint>
<DataPoint>132</DataPoint>
<DataPoint>111</DataPoint>
<DataPoint>67</DataPoint>
<DataPoint>59</DataPoint>
<DataPoint>36</DataPoint>
<DataPoint>38</DataPoint>
<DataPoint>25</DataPoint>
<DataPoint>17</DataPoint>
<DataPoint>16</DataPoint>
<DataPoint>17</DataPoint>
<DataPoint>13</DataPoint>
<DataPoint>8</DataPoint>
<DataPoint>7</DataPoint>
<DataPoint>9</DataPoint>
<DataPoint>10</DataPoint>
<DataPoint>7</DataPoint>
<DataPoint>6</DataPoint>
<DataPoint>4</DataPoint>
<DataPoint>4</DataPoint>
<DataPoint>4</DataPoint>
<DataPoint>3</DataPoint>
<DataPoint>3</DataPoint>
<DataPoint>6</DataPoint>
<DataPoint>7</DataPoint>
<DataPoint>3</DataPoint>
<DataPoint>2</DataPoint>
<DataPoint>2</DataPoint>
<DataPoint>3</DataPoint>
<DataPoint>2</DataPoint>
<DataPoint>4</DataPoint>
<DataPoint>0</DataPoint>
<DataPoint>2</DataPoint>
<DataPoint>0</DataPoint>
<DataPoint>0</DataPoint>
<DataPoint>1</DataPoint>
<DataPoint>1</DataPoint>
<DataPoint>2</DataPoint>
<DataPoint>2</DataPoint>
<DataPoint>1</DataPoint>
<DataPoint>1</DataPoint>
<DataPoint>0</DataPoint>
<DataPoint>0</DataPoint>
<DataPoint>2</DataPoint>
<DataPoint>1</DataPoint>
<DataPoint>1</DataPoint>
<DataPoint>0</DataPoint>
<DataPoint>1</DataPoint>
<DataPoint>1</DataPoint>
<DataPoint>0</DataPoint>
<DataPoint>0</DataPoint>
<DataPoint>1</DataPoint>
<DataPoint>0</DataPoint>
<DataPoint>0</DataPoint>
<DataPoint>0</DataPoint>
<DataPoint>0</DataPoint>
<DataPoint>0</DataPoint>
<DataPoint>0</DataPoint>
<DataPoint>0</DataPoint>
<DataPoint>0</DataPoint>
<DataPoint>0</DataPoint>
<DataPoint>0</DataPoint>
<DataPoint>1</DataPoint>
<DataPoint>1</DataPoint>
<DataPoint>0</DataPoint>
<DataPoint>0</DataPoint>
<DataPoint>0</DataPoint>
<DataPoint>0</DataPoint>
<DataPoint>0</DataPoint>
<DataPoint>0</DataPoint>
<DataPoint>0</DataPoint>
<DataPoint>1</DataPoint>
<DataPoint>0</DataPoint>
<DataPoint>0</DataPoint>
<DataPoint>0</DataPoint>
<DataPoint>0</DataPoint>
<DataPoint>0</DataPoint>
<DataPoint>0</DataPoint>
<DataPoint>0</DataPoint>
<DataPoint>0</DataPoint>
<DataPoint>0</DataPoint>
<DataPoint>0</DataPoint>
<DataPoint>0</DataPoint>
<DataPoint>0</DataPoint>
<DataPoint>0</DataPoint>
<DataPoint>0</DataPoint>
<DataPoint>0</DataPoint>
<DataPoint>0</DataPoint>
<DataPoint>0</DataPoint>
<DataPoint>0</DataPoint>
<DataPoint>0</DataPoint>
<DataPoint>0</DataPoint>
<DataPoint>0</DataPoint>
<DataPoint>2</DataPoint>
<DataPoint>1</DataPoint>
<DataPoint>0</DataPoint>
<DataPoint>0</DataPoint>
<DataPoint>0</DataPoint>
<DataPoint>1</DataPoint>
<DataPoint>0</DataPoint>
<DataPoint>0</DataPoint>
<DataPoint>0</DataPoint>
<DataPoint>0</DataPoint>
<DataPoint>0</DataPoint>
<DataPoint>0</DataPoint>
<DataPoint>0</DataPoint>
<DataPoint>0</DataPoint>
<DataPoint>0</DataPoint>
<DataPoint>0</DataPoint>
<DataPoint>0</DataPoint>
<DataPoint>0</DataPoint>
<DataPoint>0</DataPoint>
<DataPoint>0</DataPoint>
<DataPoint>0</DataPoint>
<DataPoint>0</DataPoint>
<DataPoint>0</DataPoint>
<DataPoint>0</DataPoint>
<DataPoint>0</DataPoint>
<DataPoint>0</DataPoint>
<DataPoint>0</DataPoint>
<DataPoint>0</DataPoint>
<DataPoint>0</DataPoint>
<DataPoint>0</DataPoint>
<DataPoint>0</DataPoint>
<DataPoint>0</DataPoint>
<DataPoint>0</DataPoint>
<DataPoint>0</DataPoint>
<DataPoint>0</DataPoint>
<DataPoint>16</DataPoint>

  </Spectrum>
 </EnergySpectrum>


       
 

 <BackgroundEnergySpectrum>
  <NumberOfChannels>256</NumberOfChannels>
  <SpectrumName>Background - office 1 hour</SpectrumName>
  <SerialNumber>RC-101-001897</SerialNumber>
  <EnergyCalibration>
    <PolynomialOrder>2</PolynomialOrder>
    <Coefficients>
      <Coefficient>1.9060767</Coefficient>
      <Coefficient>9.45942</Coefficient>
      <Coefficient>0.00813342</Coefficient>
    </Coefficients>
  </EnergyCalibration>
  <MeasurementTime>4333</MeasurementTime>
  <Spectrum>
    <DataPoint>0</DataPoint>
<DataPoint>0</DataPoint>
<DataPoint>162</DataPoint>
<DataPoint>410</DataPoint>
<DataPoint>611</DataPoint>
<DataPoint>959</DataPoint>
<DataPoint>1359</DataPoint>
<DataPoint>1653</DataPoint>
<DataPoint>1954</DataPoint>
<DataPoint>2035</DataPoint>
<DataPoint>2031</DataPoint>
<DataPoint>1795</DataPoint>
<DataPoint>1614</DataPoint>
<DataPoint>1380</DataPoint>
<DataPoint>1247</DataPoint>
<DataPoint>1020</DataPoint>
<DataPoint>956</DataPoint>
<DataPoint>851</DataPoint>
<DataPoint>734</DataPoint>
<DataPoint>635</DataPoint>
<DataPoint>537</DataPoint>
<DataPoint>478</DataPoint>
<DataPoint>447</DataPoint>
<DataPoint>384</DataPoint>
<DataPoint>318</DataPoint>
<DataPoint>280</DataPoint>
<DataPoint>294</DataPoint>
<DataPoint>213</DataPoint>
<DataPoint>212</DataPoint>
<DataPoint>159</DataPoint>
<DataPoint>144</DataPoint>
<DataPoint>150</DataPoint>
<DataPoint>114</DataPoint>
<DataPoint>126</DataPoint>
<DataPoint>91</DataPoint>
<DataPoint>113</DataPoint>
<DataPoint>91</DataPoint>
<DataPoint>80</DataPoint>
<DataPoint>67</DataPoint>
<DataPoint>60</DataPoint>
<DataPoint>63</DataPoint>
<DataPoint>43</DataPoint>
<DataPoint>54</DataPoint>
<DataPoint>56</DataPoint>
<DataPoint>41</DataPoint>
<DataPoint>47</DataPoint>
<DataPoint>38</DataPoint>
<DataPoint>45</DataPoint>
<DataPoint>37</DataPoint>
<DataPoint>46</DataPoint>
<DataPoint>33</DataPoint>
<DataPoint>38</DataPoint>
<DataPoint>24</DataPoint>
<DataPoint>23</DataPoint>
<DataPoint>42</DataPoint>
<DataPoint>27</DataPoint>
<DataPoint>27</DataPoint>
<DataPoint>21</DataPoint>
<DataPoint>36</DataPoint>
<DataPoint>33</DataPoint>
<DataPoint>31</DataPoint>
<DataPoint>21</DataPoint>
<DataPoint>22</DataPoint>
<DataPoint>12</DataPoint>
<DataPoint>22</DataPoint>
<DataPoint>17</DataPoint>
<DataPoint>18</DataPoint>
<DataPoint>18</DataPoint>
<DataPoint>21</DataPoint>
<DataPoint>19</DataPoint>
<DataPoint>17</DataPoint>
<DataPoint>15</DataPoint>
<DataPoint>12</DataPoint>
<DataPoint>15</DataPoint>
<DataPoint>15</DataPoint>
<DataPoint>13</DataPoint>
<DataPoint>9</DataPoint>
<DataPoint>17</DataPoint>
<DataPoint>6</DataPoint>
<DataPoint>11</DataPoint>
<DataPoint>17</DataPoint>
<DataPoint>10</DataPoint>
<DataPoint>12</DataPoint>
<DataPoint>16</DataPoint>
<DataPoint>11</DataPoint>
<DataPoint>14</DataPoint>
<DataPoint>9</DataPoint>
<DataPoint>11</DataPoint>
<DataPoint>12</DataPoint>
<DataPoint>13</DataPoint>
<DataPoint>8</DataPoint>
<DataPoint>10</DataPoint>
<DataPoint>8</DataPoint>
<DataPoint>15</DataPoint>
<DataPoint>11</DataPoint>
<DataPoint>15</DataPoint>
<DataPoint>12</DataPoint>
<DataPoint>8</DataPoint>
<DataPoint>11</DataPoint>
<DataPoint>8</DataPoint>
<DataPoint>12</DataPoint>
<DataPoint>11</DataPoint>
<DataPoint>7</DataPoint>
<DataPoint>9</DataPoint>
<DataPoint>8</DataPoint>
<DataPoint>7</DataPoint>
<DataPoint>7</DataPoint>
<DataPoint>7</DataPoint>
<DataPoint>9</DataPoint>
<DataPoint>7</DataPoint>
<DataPoint>12</DataPoint>
<DataPoint>4</DataPoint>
<DataPoint>13</DataPoint>
<DataPoint>9</DataPoint>
<DataPoint>12</DataPoint>
<DataPoint>9</DataPoint>
<DataPoint>7</DataPoint>
<DataPoint>3</DataPoint>
<DataPoint>9</DataPoint>
<DataPoint>5</DataPoint>
<DataPoint>9</DataPoint>
<DataPoint>4</DataPoint>
<DataPoint>3</DataPoint>
<DataPoint>3</DataPoint>
<DataPoint>8</DataPoint>
<DataPoint>4</DataPoint>
<DataPoint>3</DataPoint>
<DataPoint>4</DataPoint>
<DataPoint>5</DataPoint>
<DataPoint>3</DataPoint>
<DataPoint>5</DataPoint>
<DataPoint>5</DataPoint>
<DataPoint>4</DataPoint>
<DataPoint>4</DataPoint>
<DataPoint>7</DataPoint>
<DataPoint>3</DataPoint>
<DataPoint>7</DataPoint>
<DataPoint>3</DataPoint>
<DataPoint>4</DataPoint>
<DataPoint>3</DataPoint>
<DataPoint>3</DataPoint>
<DataPoint>5</DataPoint>
<DataPoint>5</DataPoint>
<DataPoint>2</DataPoint>
<DataPoint>6</DataPoint>
<DataPoint>4</DataPoint>
<DataPoint>2</DataPoint>
<DataPoint>0</DataPoint>
<DataPoint>4</DataPoint>
<DataPoint>1</DataPoint>
<DataPoint>1</DataPoint>
<DataPoint>2</DataPoint>
<DataPoint>1</DataPoint>
<DataPoint>1</DataPoint>
<DataPoint>7</DataPoint>
<DataPoint>3</DataPoint>
<DataPoint>2</DataPoint>
<DataPoint>2</DataPoint>
<DataPoint>2</DataPoint>
<DataPoint>0</DataPoint>
<DataPoint>2</DataPoint>
<DataPoint>2</DataPoint>
<DataPoint>2</DataPoint>
<DataPoint>0</DataPoint>
<DataPoint>2</DataPoint>
<DataPoint>1</DataPoint>
<DataPoint>2</DataPoint>
<DataPoint>1</DataPoint>
<DataPoint>1</DataPoint>
<DataPoint>2</DataPoint>
<DataPoint>1</DataPoint>
<DataPoint>1</DataPoint>
<DataPoint>2</DataPoint>
<DataPoint>0</DataPoint>
<DataPoint>0</DataPoint>
<DataPoint>1</DataPoint>
<DataPoint>1</DataPoint>
<DataPoint>2</DataPoint>
<DataPoint>1</DataPoint>
<DataPoint>3</DataPoint>
<DataPoint>0</DataPoint>
<DataPoint>0</DataPoint>
<DataPoint>2</DataPoint>
<DataPoint>0</DataPoint>
<DataPoint>1</DataPoint>
<DataPoint>2</DataPoint>
<DataPoint>1</DataPoint>
<DataPoint>2</DataPoint>
<DataPoint>0</DataPoint>
<DataPoint>0</DataPoint>
<DataPoint>0</DataPoint>
<DataPoint>0</DataPoint>
<DataPoint>0</DataPoint>
<DataPoint>0</DataPoint>
<DataPoint>3</DataPoint>
<DataPoint>1</DataPoint>
<DataPoint>1</DataPoint>
<DataPoint>2</DataPoint>
<DataPoint>1</DataPoint>
<DataPoint>0</DataPoint>
<DataPoint>2</DataPoint>
<DataPoint>0</DataPoint>
<DataPoint>2</DataPoint>
<DataPoint>0</DataPoint>
<DataPoint>1</DataPoint>
<DataPoint>0</DataPoint>
<DataPoint>0</DataPoint>
<DataPoint>1</DataPoint>
<DataPoint>2</DataPoint>
<DataPoint>1</DataPoint>
<DataPoint>0</DataPoint>
<DataPoint>0</DataPoint>
<DataPoint>1</DataPoint>
<DataPoint>1</DataPoint>
<DataPoint>0</DataPoint>
<DataPoint>1</DataPoint>
<DataPoint>1</DataPoint>
<DataPoint>2</DataPoint>
<DataPoint>0</DataPoint>
<DataPoint>1</DataPoint>
<DataPoint>1</DataPoint>
<DataPoint>2</DataPoint>
<DataPoint>0</DataPoint>
<DataPoint>2</DataPoint>
<DataPoint>1</DataPoint>
<DataPoint>1</DataPoint>
<DataPoint>0</DataPoint>
<DataPoint>2</DataPoint>
<DataPoint>0</DataPoint>
<DataPoint>2</DataPoint>
<DataPoint>0</DataPoint>
<DataPoint>0</DataPoint>
<DataPoint>2</DataPoint>
<DataPoint>0</DataPoint>
<DataPoint>0</DataPoint>
<DataPoint>1</DataPoint>
<DataPoint>1</DataPoint>
<DataPoint>1</DataPoint>
<DataPoint>0</DataPoint>
<DataPoint>0</DataPoint>
<DataPoint>3</DataPoint>
<DataPoint>0</DataPoint>
<DataPoint>1</DataPoint>
<DataPoint>0</DataPoint>
<DataPoint>1</DataPoint>
<DataPoint>1</DataPoint>
<DataPoint>2</DataPoint>
<DataPoint>1</DataPoint>
<DataPoint>3</DataPoint>
<DataPoint>0</DataPoint>
<DataPoint>1</DataPoint>
<DataPoint>1</DataPoint>
<DataPoint>1</DataPoint>
<DataPoint>0</DataPoint>
<DataPoint>1</DataPoint>
<DataPoint>103</DataPoint>

  </Spectrum>
 </BackgroundEnergySpectrum>


      <Visible>true</Visible>
      <PulseCollection>
        <Format>Base64 encoded binary</Format>
        <Pulses />
      </PulseCollection>
    </ResultData>
  </ResultDataList>
</ResultDataFile>
