<?xml version="1.0"?>
<ResultDataFile xmlns:xsd="http://www.w3.org/2001/XMLSchema" xmlns:xsi="http://www.w3.org/2001/XMLSchema-instance">
  <FormatVersion>120920</FormatVersion>
  <ResultDataList>
    <ResultData>
      <DeviceConfigReference>
        <Name>RadiaCode-101</Name>
      </DeviceConfigReference>
      <BackgroundSpectrumFile>Background - office 1 hour</BackgroundSpectrumFile>

       <StartTime>2022-05-13T11:11:18</StartTime>
 <EndTime>2022-05-13T11:21:33</EndTime>

 <EnergySpectrum>
  <NumberOfChannels>256</NumberOfChannels>
  <SpectrumName>Co-60 + Cs-137 source EG 3X</SpectrumName>
  <SerialNumber>RC-101-001897</SerialNumber>
  <EnergyCalibration>
    <PolynomialOrder>2</PolynomialOrder>
    <Coefficients>
      <Coefficient>1.9060767</Coefficient>
      <Coefficient>9.45942</Coefficient>
      <Coefficient>0.00813342</Coefficient>
    </Coefficients>
  </EnergyCalibration>
  <MeasurementTime>615</MeasurementTime>
  <Spectrum>
    <DataPoint>0</DataPoint>
<DataPoint>0</DataPoint>
<DataPoint>5571</DataPoint>
<DataPoint>12292</DataPoint>
<DataPoint>8045</DataPoint>
<DataPoint>3515</DataPoint>
<DataPoint>2755</DataPoint>
<DataPoint>2839</DataPoint>
<DataPoint>2842</DataPoint>
<DataPoint>2903</DataPoint>
<DataPoint>2848</DataPoint>
<DataPoint>2811</DataPoint>
<DataPoint>3026</DataPoint>
<DataPoint>3079</DataPoint>
<DataPoint>3158</DataPoint>
<DataPoint>3132</DataPoint>
<DataPoint>3234</DataPoint>
<DataPoint>3321</DataPoint>
<DataPoint>3700</DataPoint>
<DataPoint>3905</DataPoint>
<DataPoint>4433</DataPoint>
<DataPoint>4484</DataPoint>
<DataPoint>4408</DataPoint>
<DataPoint>3974</DataPoint>
<DataPoint>3873</DataPoint>
<DataPoint>3230</DataPoint>
<DataPoint>3016</DataPoint>
<DataPoint>2808</DataPoint>
<DataPoint>2548</DataPoint>
<DataPoint>2292</DataPoint>
<DataPoint>2112</DataPoint>
<DataPoint>1992</DataPoint>
<DataPoint>1999</DataPoint>
<DataPoint>1860</DataPoint>
<DataPoint>1869</DataPoint>
<DataPoint>1775</DataPoint>
<DataPoint>1775</DataPoint>
<DataPoint>1701</DataPoint>
<DataPoint>1797</DataPoint>
<DataPoint>1777</DataPoint>
<DataPoint>1817</DataPoint>
<DataPoint>1659</DataPoint>
<DataPoint>1843</DataPoint>
<DataPoint>1757</DataPoint>
<DataPoint>1642</DataPoint>
<DataPoint>1539</DataPoint>
<DataPoint>1397</DataPoint>
<DataPoint>1182</DataPoint>
<DataPoint>998</DataPoint>
<DataPoint>871</DataPoint>
<DataPoint>736</DataPoint>
<DataPoint>711</DataPoint>
<DataPoint>640</DataPoint>
<DataPoint>624</DataPoint>
<DataPoint>570</DataPoint>
<DataPoint>562</DataPoint>
<DataPoint>608</DataPoint>
<DataPoint>698</DataPoint>
<DataPoint>864</DataPoint>
<DataPoint>1052</DataPoint>
<DataPoint>1365</DataPoint>
<DataPoint>1651</DataPoint>
<DataPoint>2052</DataPoint>
<DataPoint>2288</DataPoint>
<DataPoint>2617</DataPoint>
<DataPoint>2489</DataPoint>
<DataPoint>2210</DataPoint>
<DataPoint>1835</DataPoint>
<DataPoint>1537</DataPoint>
<DataPoint>1136</DataPoint>
<DataPoint>912</DataPoint>
<DataPoint>719</DataPoint>
<DataPoint>673</DataPoint>
<DataPoint>572</DataPoint>
<DataPoint>555</DataPoint>
<DataPoint>516</DataPoint>
<DataPoint>542</DataPoint>
<DataPoint>508</DataPoint>
<DataPoint>556</DataPoint>
<DataPoint>562</DataPoint>
<DataPoint>525</DataPoint>
<DataPoint>540</DataPoint>
<DataPoint>595</DataPoint>
<DataPoint>503</DataPoint>
<DataPoint>581</DataPoint>
<DataPoint>533</DataPoint>
<DataPoint>529</DataPoint>
<DataPoint>502</DataPoint>
<DataPoint>553</DataPoint>
<DataPoint>515</DataPoint>
<DataPoint>506</DataPoint>
<DataPoint>434</DataPoint>
<DataPoint>417</DataPoint>
<DataPoint>405</DataPoint>
<DataPoint>370</DataPoint>
<DataPoint>349</DataPoint>
<DataPoint>366</DataPoint>
<DataPoint>343</DataPoint>
<DataPoint>327</DataPoint>
<DataPoint>348</DataPoint>
<DataPoint>353</DataPoint>
<DataPoint>302</DataPoint>
<DataPoint>325</DataPoint>
<DataPoint>312</DataPoint>
<DataPoint>312</DataPoint>
<DataPoint>298</DataPoint>
<DataPoint>354</DataPoint>
<DataPoint>326</DataPoint>
<DataPoint>363</DataPoint>
<DataPoint>369</DataPoint>
<DataPoint>324</DataPoint>
<DataPoint>297</DataPoint>
<DataPoint>335</DataPoint>
<DataPoint>270</DataPoint>
<DataPoint>244</DataPoint>
<DataPoint>185</DataPoint>
<DataPoint>183</DataPoint>
<DataPoint>156</DataPoint>
<DataPoint>175</DataPoint>
<DataPoint>173</DataPoint>
<DataPoint>148</DataPoint>
<DataPoint>204</DataPoint>
<DataPoint>233</DataPoint>
<DataPoint>225</DataPoint>
<DataPoint>213</DataPoint>
<DataPoint>216</DataPoint>
<DataPoint>182</DataPoint>
<DataPoint>168</DataPoint>
<DataPoint>145</DataPoint>
<DataPoint>113</DataPoint>
<DataPoint>91</DataPoint>
<DataPoint>61</DataPoint>
<DataPoint>47</DataPoint>
<DataPoint>35</DataPoint>
<DataPoint>35</DataPoint>
<DataPoint>12</DataPoint>
<DataPoint>11</DataPoint>
<DataPoint>12</DataPoint>
<DataPoint>16</DataPoint>
<DataPoint>8</DataPoint>
<DataPoint>14</DataPoint>
<DataPoint>6</DataPoint>
<DataPoint>7</DataPoint>
<DataPoint>7</DataPoint>
<DataPoint>8</DataPoint>
<DataPoint>3</DataPoint>
<DataPoint>7</DataPoint>
<DataPoint>2</DataPoint>
<DataPoint>4</DataPoint>
<DataPoint>3</DataPoint>
<DataPoint>2</DataPoint>
<DataPoint>7</DataPoint>
<DataPoint>2</DataPoint>
<DataPoint>3</DataPoint>
<DataPoint>2</DataPoint>
<DataPoint>3</DataPoint>
<DataPoint>1</DataPoint>
<DataPoint>2</DataPoint>
<DataPoint>2</DataPoint>
<DataPoint>1</DataPoint>
<DataPoint>0</DataPoint>
<DataPoint>2</DataPoint>
<DataPoint>1</DataPoint>
<DataPoint>1</DataPoint>
<DataPoint>2</DataPoint>
<DataPoint>2</DataPoint>
<DataPoint>0</DataPoint>
<DataPoint>1</DataPoint>
<DataPoint>1</DataPoint>
<DataPoint>1</DataPoint>
<DataPoint>2</DataPoint>
<DataPoint>0</DataPoint>
<DataPoint>0</DataPoint>
<DataPoint>1</DataPoint>
<DataPoint>1</DataPoint>
<DataPoint>1</DataPoint>
<DataPoint>1</DataPoint>
<DataPoint>0</DataPoint>
<DataPoint>2</DataPoint>
<DataPoint>2</DataPoint>
<DataPoint>0</DataPoint>
<DataPoint>0</DataPoint>
<DataPoint>0</DataPoint>
<DataPoint>0</DataPoint>
<DataPoint>0</DataPoint>
<DataPoint>0</DataPoint>
<DataPoint>0</DataPoint>
<DataPoint>0</DataPoint>
<DataPoint>0</DataPoint>
<DataPoint>0</DataPoint>
<DataPoint>0</DataPoint>
<DataPoint>1</DataPoint>
<DataPoint>0</DataPoint>
<DataPoint>0</DataPoint>
<DataPoint>0</DataPoint>
<DataPoint>0</DataPoint>
<DataPoint>0</DataPoint>
<DataPoint>0</DataPoint>
<DataPoint>0</DataPoint>
<DataPoint>0</DataPoint>
<DataPoint>0</DataPoint>
<DataPoint>0</DataPoint>
<DataPoint>0</DataPoint>
<DataPoint>0</DataPoint>
<DataPoint>1</DataPoint>
<DataPoint>0</DataPoint>
<DataPoint>0</DataPoint>
<DataPoint>0</DataPoint>
<DataPoint>0</DataPoint>
<DataPoint>0</DataPoint>
<DataPoint>0</DataPoint>
<DataPoint>0</DataPoint>
<DataPoint>0</DataPoint>
<DataPoint>0</DataPoint>
<DataPoint>0</DataPoint>
<DataPoint>0</DataPoint>
<DataPoint>0</DataPoint>
<DataPoint>0</DataPoint>
<DataPoint>0</DataPoint>
<DataPoint>0</DataPoint>
<DataPoint>0</DataPoint>
<DataPoint>0</DataPoint>
<DataPoint>1</DataPoint>
<DataPoint>0</DataPoint>
<DataPoint>1</DataPoint>
<DataPoint>0</DataPoint>
<DataPoint>0</DataPoint>
<DataPoint>0</DataPoint>
<DataPoint>0</DataPoint>
<DataPoint>0</DataPoint>
<DataPoint>0</DataPoint>
<DataPoint>0</DataPoint>
<DataPoint>0</DataPoint>
<DataPoint>0</DataPoint>
<DataPoint>0</DataPoint>
<DataPoint>0</DataPoint>
<DataPoint>0</DataPoint>
<DataPoint>0</DataPoint>
<DataPoint>0</DataPoint>
<DataPoint>0</DataPoint>
<DataPoint>1</DataPoint>
<DataPoint>0</DataPoint>
<DataPoint>0</DataPoint>
<DataPoint>0</DataPoint>
<DataPoint>0</DataPoint>
<DataPoint>0</DataPoint>
<DataPoint>0</DataPoint>
<DataPoint>0</DataPoint>
<DataPoint>0</DataPoint>
<DataPoint>0</DataPoint>
<DataPoint>0</DataPoint>
<DataPoint>0</DataPoint>
<DataPoint>0</DataPoint>
<DataPoint>0</DataPoint>
<DataPoint>0</DataPoint>
<DataPoint>15</DataPoint>

  </Spectrum>
 </EnergySpectrum>


       
 

 <BackgroundEnergySpectrum>
  <NumberOfChannels>256</NumberOfChannels>
  <SpectrumName>Background - office 1 hour</SpectrumName>
  <SerialNumber>RC-101-001897</SerialNumber>
  <EnergyCalibration>
    <PolynomialOrder>2</PolynomialOrder>
    <Coefficients>
      <Coefficient>1.9060767</Coefficient>
      <Coefficient>9.45942</Coefficient>
      <Coefficient>0.00813342</Coefficient>
    </Coefficients>
  </EnergyCalibration>
  <MeasurementTime>4333</MeasurementTime>
  <Spectrum>
    <DataPoint>0</DataPoint>
<DataPoint>0</DataPoint>
<DataPoint>162</DataPoint>
<DataPoint>410</DataPoint>
<DataPoint>611</DataPoint>
<DataPoint>959</DataPoint>
<DataPoint>1359</DataPoint>
<DataPoint>1653</DataPoint>
<DataPoint>1954</DataPoint>
<DataPoint>2035</DataPoint>
<DataPoint>2031</DataPoint>
<DataPoint>1795</DataPoint>
<DataPoint>1614</DataPoint>
<DataPoint>1380</DataPoint>
<DataPoint>1247</DataPoint>
<DataPoint>1020</DataPoint>
<DataPoint>956</DataPoint>
<DataPoint>851</DataPoint>
<DataPoint>734</DataPoint>
<DataPoint>635</DataPoint>
<DataPoint>537</DataPoint>
<DataPoint>478</DataPoint>
<DataPoint>447</DataPoint>
<DataPoint>384</DataPoint>
<DataPoint>318</DataPoint>
<DataPoint>280</DataPoint>
<DataPoint>294</DataPoint>
<DataPoint>213</DataPoint>
<DataPoint>212</DataPoint>
<DataPoint>159</DataPoint>
<DataPoint>144</DataPoint>
<DataPoint>150</DataPoint>
<DataPoint>114</DataPoint>
<DataPoint>126</DataPoint>
<DataPoint>91</DataPoint>
<DataPoint>113</DataPoint>
<DataPoint>91</DataPoint>
<DataPoint>80</DataPoint>
<DataPoint>67</DataPoint>
<DataPoint>60</DataPoint>
<DataPoint>63</DataPoint>
<DataPoint>43</DataPoint>
<DataPoint>54</DataPoint>
<DataPoint>56</DataPoint>
<DataPoint>41</DataPoint>
<DataPoint>47</DataPoint>
<DataPoint>38</DataPoint>
<DataPoint>45</DataPoint>
<DataPoint>37</DataPoint>
<DataPoint>46</DataPoint>
<DataPoint>33</DataPoint>
<DataPoint>38</DataPoint>
<DataPoint>24</DataPoint>
<DataPoint>23</DataPoint>
<DataPoint>42</DataPoint>
<DataPoint>27</DataPoint>
<DataPoint>27</DataPoint>
<DataPoint>21</DataPoint>
<DataPoint>36</DataPoint>
<DataPoint>33</DataPoint>
<DataPoint>31</DataPoint>
<DataPoint>21</DataPoint>
<DataPoint>22</DataPoint>
<DataPoint>12</DataPoint>
<DataPoint>22</DataPoint>
<DataPoint>17</DataPoint>
<DataPoint>18</DataPoint>
<DataPoint>18</DataPoint>
<DataPoint>21</DataPoint>
<DataPoint>19</DataPoint>
<DataPoint>17</DataPoint>
<DataPoint>15</DataPoint>
<DataPoint>12</DataPoint>
<DataPoint>15</DataPoint>
<DataPoint>15</DataPoint>
<DataPoint>13</DataPoint>
<DataPoint>9</DataPoint>
<DataPoint>17</DataPoint>
<DataPoint>6</DataPoint>
<DataPoint>11</DataPoint>
<DataPoint>17</DataPoint>
<DataPoint>10</DataPoint>
<DataPoint>12</DataPoint>
<DataPoint>16</DataPoint>
<DataPoint>11</DataPoint>
<DataPoint>14</DataPoint>
<DataPoint>9</DataPoint>
<DataPoint>11</DataPoint>
<DataPoint>12</DataPoint>
<DataPoint>13</DataPoint>
<DataPoint>8</DataPoint>
<DataPoint>10</DataPoint>
<DataPoint>8</DataPoint>
<DataPoint>15</DataPoint>
<DataPoint>11</DataPoint>
<DataPoint>15</DataPoint>
<DataPoint>12</DataPoint>
<DataPoint>8</DataPoint>
<DataPoint>11</DataPoint>
<DataPoint>8</DataPoint>
<DataPoint>12</DataPoint>
<DataPoint>11</DataPoint>
<DataPoint>7</DataPoint>
<DataPoint>9</DataPoint>
<DataPoint>8</DataPoint>
<DataPoint>7</DataPoint>
<DataPoint>7</DataPoint>
<DataPoint>7</DataPoint>
<DataPoint>9</DataPoint>
<DataPoint>7</DataPoint>
<DataPoint>12</DataPoint>
<DataPoint>4</DataPoint>
<DataPoint>13</DataPoint>
<DataPoint>9</DataPoint>
<DataPoint>12</DataPoint>
<DataPoint>9</DataPoint>
<DataPoint>7</DataPoint>
<DataPoint>3</DataPoint>
<DataPoint>9</DataPoint>
<DataPoint>5</DataPoint>
<DataPoint>9</DataPoint>
<DataPoint>4</DataPoint>
<DataPoint>3</DataPoint>
<DataPoint>3</DataPoint>
<DataPoint>8</DataPoint>
<DataPoint>4</DataPoint>
<DataPoint>3</DataPoint>
<DataPoint>4</DataPoint>
<DataPoint>5</DataPoint>
<DataPoint>3</DataPoint>
<DataPoint>5</DataPoint>
<DataPoint>5</DataPoint>
<DataPoint>4</DataPoint>
<DataPoint>4</DataPoint>
<DataPoint>7</DataPoint>
<DataPoint>3</DataPoint>
<DataPoint>7</DataPoint>
<DataPoint>3</DataPoint>
<DataPoint>4</DataPoint>
<DataPoint>3</DataPoint>
<DataPoint>3</DataPoint>
<DataPoint>5</DataPoint>
<DataPoint>5</DataPoint>
<DataPoint>2</DataPoint>
<DataPoint>6</DataPoint>
<DataPoint>4</DataPoint>
<DataPoint>2</DataPoint>
<DataPoint>0</DataPoint>
<DataPoint>4</DataPoint>
<DataPoint>1</DataPoint>
<DataPoint>1</DataPoint>
<DataPoint>2</DataPoint>
<DataPoint>1</DataPoint>
<DataPoint>1</DataPoint>
<DataPoint>7</DataPoint>
<DataPoint>3</DataPoint>
<DataPoint>2</DataPoint>
<DataPoint>2</DataPoint>
<DataPoint>2</DataPoint>
<DataPoint>0</DataPoint>
<DataPoint>2</DataPoint>
<DataPoint>2</DataPoint>
<DataPoint>2</DataPoint>
<DataPoint>0</DataPoint>
<DataPoint>2</DataPoint>
<DataPoint>1</DataPoint>
<DataPoint>2</DataPoint>
<DataPoint>1</DataPoint>
<DataPoint>1</DataPoint>
<DataPoint>2</DataPoint>
<DataPoint>1</DataPoint>
<DataPoint>1</DataPoint>
<DataPoint>2</DataPoint>
<DataPoint>0</DataPoint>
<DataPoint>0</DataPoint>
<DataPoint>1</DataPoint>
<DataPoint>1</DataPoint>
<DataPoint>2</DataPoint>
<DataPoint>1</DataPoint>
<DataPoint>3</DataPoint>
<DataPoint>0</DataPoint>
<DataPoint>0</DataPoint>
<DataPoint>2</DataPoint>
<DataPoint>0</DataPoint>
<DataPoint>1</DataPoint>
<DataPoint>2</DataPoint>
<DataPoint>1</DataPoint>
<DataPoint>2</DataPoint>
<DataPoint>0</DataPoint>
<DataPoint>0</DataPoint>
<DataPoint>0</DataPoint>
<DataPoint>0</DataPoint>
<DataPoint>0</DataPoint>
<DataPoint>0</DataPoint>
<DataPoint>3</DataPoint>
<DataPoint>1</DataPoint>
<DataPoint>1</DataPoint>
<DataPoint>2</DataPoint>
<DataPoint>1</DataPoint>
<DataPoint>0</DataPoint>
<DataPoint>2</DataPoint>
<DataPoint>0</DataPoint>
<DataPoint>2</DataPoint>
<DataPoint>0</DataPoint>
<DataPoint>1</DataPoint>
<DataPoint>0</DataPoint>
<DataPoint>0</DataPoint>
<DataPoint>1</DataPoint>
<DataPoint>2</DataPoint>
<DataPoint>1</DataPoint>
<DataPoint>0</DataPoint>
<DataPoint>0</DataPoint>
<DataPoint>1</DataPoint>
<DataPoint>1</DataPoint>
<DataPoint>0</DataPoint>
<DataPoint>1</DataPoint>
<DataPoint>1</DataPoint>
<DataPoint>2</DataPoint>
<DataPoint>0</DataPoint>
<DataPoint>1</DataPoint>
<DataPoint>1</DataPoint>
<DataPoint>2</DataPoint>
<DataPoint>0</DataPoint>
<DataPoint>2</DataPoint>
<DataPoint>1</DataPoint>
<DataPoint>1</DataPoint>
<DataPoint>0</DataPoint>
<DataPoint>2</DataPoint>
<DataPoint>0</DataPoint>
<DataPoint>2</DataPoint>
<DataPoint>0</DataPoint>
<DataPoint>0</DataPoint>
<DataPoint>2</DataPoint>
<DataPoint>0</DataPoint>
<DataPoint>0</DataPoint>
<DataPoint>1</DataPoint>
<DataPoint>1</DataPoint>
<DataPoint>1</DataPoint>
<DataPoint>0</DataPoint>
<DataPoint>0</DataPoint>
<DataPoint>3</DataPoint>
<DataPoint>0</DataPoint>
<DataPoint>1</DataPoint>
<DataPoint>0</DataPoint>
<DataPoint>1</DataPoint>
<DataPoint>1</DataPoint>
<DataPoint>2</DataPoint>
<DataPoint>1</DataPoint>
<DataPoint>3</DataPoint>
<DataPoint>0</DataPoint>
<DataPoint>1</DataPoint>
<DataPoint>1</DataPoint>
<DataPoint>1</DataPoint>
<DataPoint>0</DataPoint>
<DataPoint>1</DataPoint>
<DataPoint>103</DataPoint>

  </Spectrum>
 </BackgroundEnergySpectrum>


      <Visible>true</Visible>
      <PulseCollection>
        <Format>Base64 encoded binary</Format>
        <Pulses />
      </PulseCollection>
    </ResultData>
  </ResultDataList>
</ResultDataFile>
