<?xml version="1.0" encoding="UTF-8"?>
<metadata xml:lang="en"><Esri><CreaDate>20180906</CreaDate><CreaTime>09460500</CreaTime><ArcGISFormat>1.0</ArcGISFormat><SyncOnce>TRUE</SyncOnce><DataProperties><lineage><Process ToolSource="c:\program files (x86)\arcgis\desktop10.5\ArcToolbox\Toolboxes\Spatial Analyst Tools.tbx\RasterCalculator" Date="20180906" Time="094605">RasterCalculator ""rastK2Osoil" * 0.83*12.91449 + "raster_usoil" * 5.7057 + "raster_thsoil" * 2.459488" G:\TGDR_working\TGDRnGyh</Process></lineage></DataProperties></Esri></metadata>
