<?xml version="1.0" encoding="UTF-8"?>
<metadata xml:lang="en"><Esri><CreaDate>20180906</CreaDate><CreaTime>09321500</CreaTime><ArcGISFormat>1.0</ArcGISFormat><SyncOnce>TRUE</SyncOnce><DataProperties><lineage><Process ToolSource="c:\program files (x86)\arcgis\desktop10.5\ArcToolbox\Toolboxes\Conversion Tools.tbx\PointToRaster" Date="20180906" Time="093215">PointToRaster Estimated_K_in_10x10km_grid_GISCO K2O G:\TGDR_working\rastK2Osoil MEAN K2O 10000</Process></lineage></DataProperties></Esri></metadata>
