<?xml version="1.0"?>
<ResultDataFile xmlns:xsd="http://www.w3.org/2001/XMLSchema" xmlns:xsi="http://www.w3.org/2001/XMLSchema-instance">
  <FormatVersion>120920</FormatVersion>
  <ResultDataList>
    <ResultData>
      <DeviceConfigReference>
        <Name>RadiaCode-101</Name>
      </DeviceConfigReference>
      <BackgroundSpectrumFile>Background - office 1 hour</BackgroundSpectrumFile>

       <StartTime>2022-05-12T11:48:07</StartTime>
 <EndTime>2022-05-12T12:00:40</EndTime>

 <EnergySpectrum>
  <NumberOfChannels>256</NumberOfChannels>
  <SpectrumName>Co-60 source EG 3X - 2</SpectrumName>
  <SerialNumber>RC-101-001897</SerialNumber>
  <EnergyCalibration>
    <PolynomialOrder>2</PolynomialOrder>
    <Coefficients>
      <Coefficient>1.9060767</Coefficient>
      <Coefficient>9.45942</Coefficient>
      <Coefficient>0.00813342</Coefficient>
    </Coefficients>
  </EnergyCalibration>
  <MeasurementTime>753</MeasurementTime>
  <Spectrum>
    <DataPoint>0</DataPoint>
<DataPoint>0</DataPoint>
<DataPoint>417</DataPoint>
<DataPoint>820</DataPoint>
<DataPoint>1017</DataPoint>
<DataPoint>1181</DataPoint>
<DataPoint>1182</DataPoint>
<DataPoint>1338</DataPoint>
<DataPoint>1385</DataPoint>
<DataPoint>1391</DataPoint>
<DataPoint>1353</DataPoint>
<DataPoint>1289</DataPoint>
<DataPoint>1348</DataPoint>
<DataPoint>1290</DataPoint>
<DataPoint>1330</DataPoint>
<DataPoint>1352</DataPoint>
<DataPoint>1349</DataPoint>
<DataPoint>1286</DataPoint>
<DataPoint>1231</DataPoint>
<DataPoint>1214</DataPoint>
<DataPoint>1294</DataPoint>
<DataPoint>1413</DataPoint>
<DataPoint>1433</DataPoint>
<DataPoint>1597</DataPoint>
<DataPoint>1649</DataPoint>
<DataPoint>1664</DataPoint>
<DataPoint>1663</DataPoint>
<DataPoint>1474</DataPoint>
<DataPoint>1342</DataPoint>
<DataPoint>1191</DataPoint>
<DataPoint>1129</DataPoint>
<DataPoint>958</DataPoint>
<DataPoint>852</DataPoint>
<DataPoint>810</DataPoint>
<DataPoint>743</DataPoint>
<DataPoint>722</DataPoint>
<DataPoint>701</DataPoint>
<DataPoint>641</DataPoint>
<DataPoint>675</DataPoint>
<DataPoint>635</DataPoint>
<DataPoint>638</DataPoint>
<DataPoint>595</DataPoint>
<DataPoint>632</DataPoint>
<DataPoint>576</DataPoint>
<DataPoint>584</DataPoint>
<DataPoint>595</DataPoint>
<DataPoint>574</DataPoint>
<DataPoint>577</DataPoint>
<DataPoint>560</DataPoint>
<DataPoint>567</DataPoint>
<DataPoint>568</DataPoint>
<DataPoint>571</DataPoint>
<DataPoint>541</DataPoint>
<DataPoint>537</DataPoint>
<DataPoint>555</DataPoint>
<DataPoint>542</DataPoint>
<DataPoint>533</DataPoint>
<DataPoint>533</DataPoint>
<DataPoint>560</DataPoint>
<DataPoint>568</DataPoint>
<DataPoint>542</DataPoint>
<DataPoint>583</DataPoint>
<DataPoint>532</DataPoint>
<DataPoint>517</DataPoint>
<DataPoint>556</DataPoint>
<DataPoint>556</DataPoint>
<DataPoint>587</DataPoint>
<DataPoint>523</DataPoint>
<DataPoint>576</DataPoint>
<DataPoint>567</DataPoint>
<DataPoint>512</DataPoint>
<DataPoint>595</DataPoint>
<DataPoint>585</DataPoint>
<DataPoint>572</DataPoint>
<DataPoint>613</DataPoint>
<DataPoint>580</DataPoint>
<DataPoint>660</DataPoint>
<DataPoint>613</DataPoint>
<DataPoint>612</DataPoint>
<DataPoint>605</DataPoint>
<DataPoint>673</DataPoint>
<DataPoint>627</DataPoint>
<DataPoint>655</DataPoint>
<DataPoint>631</DataPoint>
<DataPoint>692</DataPoint>
<DataPoint>650</DataPoint>
<DataPoint>682</DataPoint>
<DataPoint>661</DataPoint>
<DataPoint>663</DataPoint>
<DataPoint>621</DataPoint>
<DataPoint>601</DataPoint>
<DataPoint>583</DataPoint>
<DataPoint>550</DataPoint>
<DataPoint>548</DataPoint>
<DataPoint>520</DataPoint>
<DataPoint>434</DataPoint>
<DataPoint>466</DataPoint>
<DataPoint>421</DataPoint>
<DataPoint>421</DataPoint>
<DataPoint>419</DataPoint>
<DataPoint>401</DataPoint>
<DataPoint>388</DataPoint>
<DataPoint>392</DataPoint>
<DataPoint>402</DataPoint>
<DataPoint>377</DataPoint>
<DataPoint>414</DataPoint>
<DataPoint>393</DataPoint>
<DataPoint>437</DataPoint>
<DataPoint>438</DataPoint>
<DataPoint>425</DataPoint>
<DataPoint>434</DataPoint>
<DataPoint>403</DataPoint>
<DataPoint>358</DataPoint>
<DataPoint>333</DataPoint>
<DataPoint>281</DataPoint>
<DataPoint>250</DataPoint>
<DataPoint>248</DataPoint>
<DataPoint>197</DataPoint>
<DataPoint>188</DataPoint>
<DataPoint>212</DataPoint>
<DataPoint>256</DataPoint>
<DataPoint>220</DataPoint>
<DataPoint>252</DataPoint>
<DataPoint>268</DataPoint>
<DataPoint>282</DataPoint>
<DataPoint>239</DataPoint>
<DataPoint>242</DataPoint>
<DataPoint>209</DataPoint>
<DataPoint>195</DataPoint>
<DataPoint>158</DataPoint>
<DataPoint>110</DataPoint>
<DataPoint>88</DataPoint>
<DataPoint>60</DataPoint>
<DataPoint>43</DataPoint>
<DataPoint>30</DataPoint>
<DataPoint>29</DataPoint>
<DataPoint>15</DataPoint>
<DataPoint>12</DataPoint>
<DataPoint>13</DataPoint>
<DataPoint>9</DataPoint>
<DataPoint>18</DataPoint>
<DataPoint>5</DataPoint>
<DataPoint>11</DataPoint>
<DataPoint>12</DataPoint>
<DataPoint>9</DataPoint>
<DataPoint>5</DataPoint>
<DataPoint>5</DataPoint>
<DataPoint>3</DataPoint>
<DataPoint>3</DataPoint>
<DataPoint>3</DataPoint>
<DataPoint>3</DataPoint>
<DataPoint>3</DataPoint>
<DataPoint>2</DataPoint>
<DataPoint>3</DataPoint>
<DataPoint>0</DataPoint>
<DataPoint>4</DataPoint>
<DataPoint>2</DataPoint>
<DataPoint>1</DataPoint>
<DataPoint>3</DataPoint>
<DataPoint>0</DataPoint>
<DataPoint>3</DataPoint>
<DataPoint>1</DataPoint>
<DataPoint>0</DataPoint>
<DataPoint>1</DataPoint>
<DataPoint>4</DataPoint>
<DataPoint>2</DataPoint>
<DataPoint>1</DataPoint>
<DataPoint>2</DataPoint>
<DataPoint>1</DataPoint>
<DataPoint>3</DataPoint>
<DataPoint>1</DataPoint>
<DataPoint>0</DataPoint>
<DataPoint>0</DataPoint>
<DataPoint>0</DataPoint>
<DataPoint>0</DataPoint>
<DataPoint>1</DataPoint>
<DataPoint>1</DataPoint>
<DataPoint>1</DataPoint>
<DataPoint>0</DataPoint>
<DataPoint>0</DataPoint>
<DataPoint>3</DataPoint>
<DataPoint>0</DataPoint>
<DataPoint>0</DataPoint>
<DataPoint>0</DataPoint>
<DataPoint>0</DataPoint>
<DataPoint>0</DataPoint>
<DataPoint>0</DataPoint>
<DataPoint>0</DataPoint>
<DataPoint>0</DataPoint>
<DataPoint>0</DataPoint>
<DataPoint>0</DataPoint>
<DataPoint>0</DataPoint>
<DataPoint>1</DataPoint>
<DataPoint>1</DataPoint>
<DataPoint>0</DataPoint>
<DataPoint>0</DataPoint>
<DataPoint>0</DataPoint>
<DataPoint>0</DataPoint>
<DataPoint>0</DataPoint>
<DataPoint>0</DataPoint>
<DataPoint>0</DataPoint>
<DataPoint>0</DataPoint>
<DataPoint>0</DataPoint>
<DataPoint>0</DataPoint>
<DataPoint>0</DataPoint>
<DataPoint>0</DataPoint>
<DataPoint>0</DataPoint>
<DataPoint>0</DataPoint>
<DataPoint>0</DataPoint>
<DataPoint>0</DataPoint>
<DataPoint>0</DataPoint>
<DataPoint>0</DataPoint>
<DataPoint>0</DataPoint>
<DataPoint>0</DataPoint>
<DataPoint>0</DataPoint>
<DataPoint>0</DataPoint>
<DataPoint>0</DataPoint>
<DataPoint>0</DataPoint>
<DataPoint>0</DataPoint>
<DataPoint>0</DataPoint>
<DataPoint>0</DataPoint>
<DataPoint>0</DataPoint>
<DataPoint>0</DataPoint>
<DataPoint>0</DataPoint>
<DataPoint>0</DataPoint>
<DataPoint>0</DataPoint>
<DataPoint>0</DataPoint>
<DataPoint>1</DataPoint>
<DataPoint>0</DataPoint>
<DataPoint>0</DataPoint>
<DataPoint>0</DataPoint>
<DataPoint>0</DataPoint>
<DataPoint>0</DataPoint>
<DataPoint>1</DataPoint>
<DataPoint>0</DataPoint>
<DataPoint>0</DataPoint>
<DataPoint>0</DataPoint>
<DataPoint>0</DataPoint>
<DataPoint>0</DataPoint>
<DataPoint>0</DataPoint>
<DataPoint>0</DataPoint>
<DataPoint>0</DataPoint>
<DataPoint>1</DataPoint>
<DataPoint>0</DataPoint>
<DataPoint>0</DataPoint>
<DataPoint>0</DataPoint>
<DataPoint>0</DataPoint>
<DataPoint>0</DataPoint>
<DataPoint>0</DataPoint>
<DataPoint>0</DataPoint>
<DataPoint>0</DataPoint>
<DataPoint>0</DataPoint>
<DataPoint>0</DataPoint>
<DataPoint>0</DataPoint>
<DataPoint>0</DataPoint>
<DataPoint>19</DataPoint>

  </Spectrum>
 </EnergySpectrum>


       
 

 <BackgroundEnergySpectrum>
  <NumberOfChannels>256</NumberOfChannels>
  <SpectrumName>Background - office 1 hour</SpectrumName>
  <SerialNumber>RC-101-001897</SerialNumber>
  <EnergyCalibration>
    <PolynomialOrder>2</PolynomialOrder>
    <Coefficients>
      <Coefficient>1.9060767</Coefficient>
      <Coefficient>9.45942</Coefficient>
      <Coefficient>0.00813342</Coefficient>
    </Coefficients>
  </EnergyCalibration>
  <MeasurementTime>4333</MeasurementTime>
  <Spectrum>
    <DataPoint>0</DataPoint>
<DataPoint>0</DataPoint>
<DataPoint>162</DataPoint>
<DataPoint>410</DataPoint>
<DataPoint>611</DataPoint>
<DataPoint>959</DataPoint>
<DataPoint>1359</DataPoint>
<DataPoint>1653</DataPoint>
<DataPoint>1954</DataPoint>
<DataPoint>2035</DataPoint>
<DataPoint>2031</DataPoint>
<DataPoint>1795</DataPoint>
<DataPoint>1614</DataPoint>
<DataPoint>1380</DataPoint>
<DataPoint>1247</DataPoint>
<DataPoint>1020</DataPoint>
<DataPoint>956</DataPoint>
<DataPoint>851</DataPoint>
<DataPoint>734</DataPoint>
<DataPoint>635</DataPoint>
<DataPoint>537</DataPoint>
<DataPoint>478</DataPoint>
<DataPoint>447</DataPoint>
<DataPoint>384</DataPoint>
<DataPoint>318</DataPoint>
<DataPoint>280</DataPoint>
<DataPoint>294</DataPoint>
<DataPoint>213</DataPoint>
<DataPoint>212</DataPoint>
<DataPoint>159</DataPoint>
<DataPoint>144</DataPoint>
<DataPoint>150</DataPoint>
<DataPoint>114</DataPoint>
<DataPoint>126</DataPoint>
<DataPoint>91</DataPoint>
<DataPoint>113</DataPoint>
<DataPoint>91</DataPoint>
<DataPoint>80</DataPoint>
<DataPoint>67</DataPoint>
<DataPoint>60</DataPoint>
<DataPoint>63</DataPoint>
<DataPoint>43</DataPoint>
<DataPoint>54</DataPoint>
<DataPoint>56</DataPoint>
<DataPoint>41</DataPoint>
<DataPoint>47</DataPoint>
<DataPoint>38</DataPoint>
<DataPoint>45</DataPoint>
<DataPoint>37</DataPoint>
<DataPoint>46</DataPoint>
<DataPoint>33</DataPoint>
<DataPoint>38</DataPoint>
<DataPoint>24</DataPoint>
<DataPoint>23</DataPoint>
<DataPoint>42</DataPoint>
<DataPoint>27</DataPoint>
<DataPoint>27</DataPoint>
<DataPoint>21</DataPoint>
<DataPoint>36</DataPoint>
<DataPoint>33</DataPoint>
<DataPoint>31</DataPoint>
<DataPoint>21</DataPoint>
<DataPoint>22</DataPoint>
<DataPoint>12</DataPoint>
<DataPoint>22</DataPoint>
<DataPoint>17</DataPoint>
<DataPoint>18</DataPoint>
<DataPoint>18</DataPoint>
<DataPoint>21</DataPoint>
<DataPoint>19</DataPoint>
<DataPoint>17</DataPoint>
<DataPoint>15</DataPoint>
<DataPoint>12</DataPoint>
<DataPoint>15</DataPoint>
<DataPoint>15</DataPoint>
<DataPoint>13</DataPoint>
<DataPoint>9</DataPoint>
<DataPoint>17</DataPoint>
<DataPoint>6</DataPoint>
<DataPoint>11</DataPoint>
<DataPoint>17</DataPoint>
<DataPoint>10</DataPoint>
<DataPoint>12</DataPoint>
<DataPoint>16</DataPoint>
<DataPoint>11</DataPoint>
<DataPoint>14</DataPoint>
<DataPoint>9</DataPoint>
<DataPoint>11</DataPoint>
<DataPoint>12</DataPoint>
<DataPoint>13</DataPoint>
<DataPoint>8</DataPoint>
<DataPoint>10</DataPoint>
<DataPoint>8</DataPoint>
<DataPoint>15</DataPoint>
<DataPoint>11</DataPoint>
<DataPoint>15</DataPoint>
<DataPoint>12</DataPoint>
<DataPoint>8</DataPoint>
<DataPoint>11</DataPoint>
<DataPoint>8</DataPoint>
<DataPoint>12</DataPoint>
<DataPoint>11</DataPoint>
<DataPoint>7</DataPoint>
<DataPoint>9</DataPoint>
<DataPoint>8</DataPoint>
<DataPoint>7</DataPoint>
<DataPoint>7</DataPoint>
<DataPoint>7</DataPoint>
<DataPoint>9</DataPoint>
<DataPoint>7</DataPoint>
<DataPoint>12</DataPoint>
<DataPoint>4</DataPoint>
<DataPoint>13</DataPoint>
<DataPoint>9</DataPoint>
<DataPoint>12</DataPoint>
<DataPoint>9</DataPoint>
<DataPoint>7</DataPoint>
<DataPoint>3</DataPoint>
<DataPoint>9</DataPoint>
<DataPoint>5</DataPoint>
<DataPoint>9</DataPoint>
<DataPoint>4</DataPoint>
<DataPoint>3</DataPoint>
<DataPoint>3</DataPoint>
<DataPoint>8</DataPoint>
<DataPoint>4</DataPoint>
<DataPoint>3</DataPoint>
<DataPoint>4</DataPoint>
<DataPoint>5</DataPoint>
<DataPoint>3</DataPoint>
<DataPoint>5</DataPoint>
<DataPoint>5</DataPoint>
<DataPoint>4</DataPoint>
<DataPoint>4</DataPoint>
<DataPoint>7</DataPoint>
<DataPoint>3</DataPoint>
<DataPoint>7</DataPoint>
<DataPoint>3</DataPoint>
<DataPoint>4</DataPoint>
<DataPoint>3</DataPoint>
<DataPoint>3</DataPoint>
<DataPoint>5</DataPoint>
<DataPoint>5</DataPoint>
<DataPoint>2</DataPoint>
<DataPoint>6</DataPoint>
<DataPoint>4</DataPoint>
<DataPoint>2</DataPoint>
<DataPoint>0</DataPoint>
<DataPoint>4</DataPoint>
<DataPoint>1</DataPoint>
<DataPoint>1</DataPoint>
<DataPoint>2</DataPoint>
<DataPoint>1</DataPoint>
<DataPoint>1</DataPoint>
<DataPoint>7</DataPoint>
<DataPoint>3</DataPoint>
<DataPoint>2</DataPoint>
<DataPoint>2</DataPoint>
<DataPoint>2</DataPoint>
<DataPoint>0</DataPoint>
<DataPoint>2</DataPoint>
<DataPoint>2</DataPoint>
<DataPoint>2</DataPoint>
<DataPoint>0</DataPoint>
<DataPoint>2</DataPoint>
<DataPoint>1</DataPoint>
<DataPoint>2</DataPoint>
<DataPoint>1</DataPoint>
<DataPoint>1</DataPoint>
<DataPoint>2</DataPoint>
<DataPoint>1</DataPoint>
<DataPoint>1</DataPoint>
<DataPoint>2</DataPoint>
<DataPoint>0</DataPoint>
<DataPoint>0</DataPoint>
<DataPoint>1</DataPoint>
<DataPoint>1</DataPoint>
<DataPoint>2</DataPoint>
<DataPoint>1</DataPoint>
<DataPoint>3</DataPoint>
<DataPoint>0</DataPoint>
<DataPoint>0</DataPoint>
<DataPoint>2</DataPoint>
<DataPoint>0</DataPoint>
<DataPoint>1</DataPoint>
<DataPoint>2</DataPoint>
<DataPoint>1</DataPoint>
<DataPoint>2</DataPoint>
<DataPoint>0</DataPoint>
<DataPoint>0</DataPoint>
<DataPoint>0</DataPoint>
<DataPoint>0</DataPoint>
<DataPoint>0</DataPoint>
<DataPoint>0</DataPoint>
<DataPoint>3</DataPoint>
<DataPoint>1</DataPoint>
<DataPoint>1</DataPoint>
<DataPoint>2</DataPoint>
<DataPoint>1</DataPoint>
<DataPoint>0</DataPoint>
<DataPoint>2</DataPoint>
<DataPoint>0</DataPoint>
<DataPoint>2</DataPoint>
<DataPoint>0</DataPoint>
<DataPoint>1</DataPoint>
<DataPoint>0</DataPoint>
<DataPoint>0</DataPoint>
<DataPoint>1</DataPoint>
<DataPoint>2</DataPoint>
<DataPoint>1</DataPoint>
<DataPoint>0</DataPoint>
<DataPoint>0</DataPoint>
<DataPoint>1</DataPoint>
<DataPoint>1</DataPoint>
<DataPoint>0</DataPoint>
<DataPoint>1</DataPoint>
<DataPoint>1</DataPoint>
<DataPoint>2</DataPoint>
<DataPoint>0</DataPoint>
<DataPoint>1</DataPoint>
<DataPoint>1</DataPoint>
<DataPoint>2</DataPoint>
<DataPoint>0</DataPoint>
<DataPoint>2</DataPoint>
<DataPoint>1</DataPoint>
<DataPoint>1</DataPoint>
<DataPoint>0</DataPoint>
<DataPoint>2</DataPoint>
<DataPoint>0</DataPoint>
<DataPoint>2</DataPoint>
<DataPoint>0</DataPoint>
<DataPoint>0</DataPoint>
<DataPoint>2</DataPoint>
<DataPoint>0</DataPoint>
<DataPoint>0</DataPoint>
<DataPoint>1</DataPoint>
<DataPoint>1</DataPoint>
<DataPoint>1</DataPoint>
<DataPoint>0</DataPoint>
<DataPoint>0</DataPoint>
<DataPoint>3</DataPoint>
<DataPoint>0</DataPoint>
<DataPoint>1</DataPoint>
<DataPoint>0</DataPoint>
<DataPoint>1</DataPoint>
<DataPoint>1</DataPoint>
<DataPoint>2</DataPoint>
<DataPoint>1</DataPoint>
<DataPoint>3</DataPoint>
<DataPoint>0</DataPoint>
<DataPoint>1</DataPoint>
<DataPoint>1</DataPoint>
<DataPoint>1</DataPoint>
<DataPoint>0</DataPoint>
<DataPoint>1</DataPoint>
<DataPoint>103</DataPoint>

  </Spectrum>
 </BackgroundEnergySpectrum>


      <Visible>true</Visible>
      <PulseCollection>
        <Format>Base64 encoded binary</Format>
        <Pulses />
      </PulseCollection>
    </ResultData>
  </ResultDataList>
</ResultDataFile>
