<?xml version="1.0" encoding="UTF-8"?>
<metadata xml:lang="en"><Esri><CreaDate>20180906</CreaDate><CreaTime>09263600</CreaTime><ArcGISFormat>1.0</ArcGISFormat><SyncOnce>TRUE</SyncOnce><DataProperties><lineage><Process ToolSource="c:\program files (x86)\arcgis\desktop10.5\ArcToolbox\Toolboxes\Conversion Tools.tbx\PointToRaster" Date="20180906" Time="092636">PointToRaster Estimated_Th_in_10x10km_grid_GISCO Th G:\TGDR_working\raster_thsoil MEAN Th 10000</Process></lineage></DataProperties></Esri></metadata>
