<?xml version="1.0"?>
<ResultDataFile xmlns:xsd="http://www.w3.org/2001/XMLSchema" xmlns:xsi="http://www.w3.org/2001/XMLSchema-instance">
  <FormatVersion>120920</FormatVersion>
  <ResultDataList>
    <ResultData>
      <DeviceConfigReference>
        <Name>RadiaCode-101</Name>
      </DeviceConfigReference>
      <SampleInfo>
        <Name><![CDATA[Schlackenstein]]></Name>
        <Note><![CDATA[]]></Note>
      </SampleInfo>
      <BackgroundSpectrumFile>Background1</BackgroundSpectrumFile>

       <StartTime>2024-02-27T03:47:18</StartTime>
 <EndTime>2024-02-27T18:11:47</EndTime>

 <EnergySpectrum>
  <NumberOfChannels>1024</NumberOfChannels>
  <ChannelPitch>1</ChannelPitch>
  <SpectrumName><![CDATA[Schlackenstein]]></SpectrumName>
  <Comment>@Comment</Comment>
  <SerialNumber></SerialNumber>
  <EnergyCalibration>
    <PolynomialOrder>2</PolynomialOrder>
    <Coefficients>
      <Coefficient>4.6426802</Coefficient>
      <Coefficient>2.29144</Coefficient>
      <Coefficient>0.00097</Coefficient>
    </Coefficients>
  </EnergyCalibration>
  <MeasurementTime>51869</MeasurementTime>
  <Spectrum>
    <DataPoint>0</DataPoint>
<DataPoint>0</DataPoint>
<DataPoint>0</DataPoint>
<DataPoint>0</DataPoint>
<DataPoint>0</DataPoint>
<DataPoint>0</DataPoint>
<DataPoint>0</DataPoint>
<DataPoint>0</DataPoint>
<DataPoint>0</DataPoint>
<DataPoint>0</DataPoint>
<DataPoint>0</DataPoint>
<DataPoint>0</DataPoint>
<DataPoint>16</DataPoint>
<DataPoint>176</DataPoint>
<DataPoint>586</DataPoint>
<DataPoint>947</DataPoint>
<DataPoint>1334</DataPoint>
<DataPoint>1536</DataPoint>
<DataPoint>1843</DataPoint>
<DataPoint>2202</DataPoint>
<DataPoint>2498</DataPoint>
<DataPoint>2760</DataPoint>
<DataPoint>3070</DataPoint>
<DataPoint>3298</DataPoint>
<DataPoint>3778</DataPoint>
<DataPoint>4163</DataPoint>
<DataPoint>4478</DataPoint>
<DataPoint>4935</DataPoint>
<DataPoint>5501</DataPoint>
<DataPoint>6061</DataPoint>
<DataPoint>6462</DataPoint>
<DataPoint>7312</DataPoint>
<DataPoint>8203</DataPoint>
<DataPoint>8264</DataPoint>
<DataPoint>8979</DataPoint>
<DataPoint>9121</DataPoint>
<DataPoint>9590</DataPoint>
<DataPoint>9577</DataPoint>
<DataPoint>9913</DataPoint>
<DataPoint>9675</DataPoint>
<DataPoint>9905</DataPoint>
<DataPoint>9503</DataPoint>
<DataPoint>9343</DataPoint>
<DataPoint>9017</DataPoint>
<DataPoint>8829</DataPoint>
<DataPoint>8387</DataPoint>
<DataPoint>8097</DataPoint>
<DataPoint>8008</DataPoint>
<DataPoint>7721</DataPoint>
<DataPoint>7367</DataPoint>
<DataPoint>7063</DataPoint>
<DataPoint>7114</DataPoint>
<DataPoint>6896</DataPoint>
<DataPoint>6773</DataPoint>
<DataPoint>6701</DataPoint>
<DataPoint>6333</DataPoint>
<DataPoint>6313</DataPoint>
<DataPoint>6201</DataPoint>
<DataPoint>6169</DataPoint>
<DataPoint>5984</DataPoint>
<DataPoint>5810</DataPoint>
<DataPoint>5693</DataPoint>
<DataPoint>5573</DataPoint>
<DataPoint>5306</DataPoint>
<DataPoint>5701</DataPoint>
<DataPoint>5205</DataPoint>
<DataPoint>5135</DataPoint>
<DataPoint>4815</DataPoint>
<DataPoint>4885</DataPoint>
<DataPoint>4732</DataPoint>
<DataPoint>4545</DataPoint>
<DataPoint>4329</DataPoint>
<DataPoint>4443</DataPoint>
<DataPoint>4323</DataPoint>
<DataPoint>4212</DataPoint>
<DataPoint>4004</DataPoint>
<DataPoint>4111</DataPoint>
<DataPoint>3903</DataPoint>
<DataPoint>3706</DataPoint>
<DataPoint>3867</DataPoint>
<DataPoint>3885</DataPoint>
<DataPoint>3479</DataPoint>
<DataPoint>3424</DataPoint>
<DataPoint>3188</DataPoint>
<DataPoint>3175</DataPoint>
<DataPoint>2981</DataPoint>
<DataPoint>2969</DataPoint>
<DataPoint>2806</DataPoint>
<DataPoint>2777</DataPoint>
<DataPoint>2713</DataPoint>
<DataPoint>2580</DataPoint>
<DataPoint>2516</DataPoint>
<DataPoint>2422</DataPoint>
<DataPoint>2469</DataPoint>
<DataPoint>2368</DataPoint>
<DataPoint>2395</DataPoint>
<DataPoint>2345</DataPoint>
<DataPoint>2248</DataPoint>
<DataPoint>2219</DataPoint>
<DataPoint>2136</DataPoint>
<DataPoint>2000</DataPoint>
<DataPoint>2000</DataPoint>
<DataPoint>2044</DataPoint>
<DataPoint>1870</DataPoint>
<DataPoint>1860</DataPoint>
<DataPoint>1904</DataPoint>
<DataPoint>1820</DataPoint>
<DataPoint>1783</DataPoint>
<DataPoint>1694</DataPoint>
<DataPoint>1684</DataPoint>
<DataPoint>1686</DataPoint>
<DataPoint>1623</DataPoint>
<DataPoint>1615</DataPoint>
<DataPoint>1418</DataPoint>
<DataPoint>1461</DataPoint>
<DataPoint>1450</DataPoint>
<DataPoint>1438</DataPoint>
<DataPoint>1444</DataPoint>
<DataPoint>1426</DataPoint>
<DataPoint>1387</DataPoint>
<DataPoint>1321</DataPoint>
<DataPoint>1325</DataPoint>
<DataPoint>1264</DataPoint>
<DataPoint>1260</DataPoint>
<DataPoint>1162</DataPoint>
<DataPoint>1213</DataPoint>
<DataPoint>1173</DataPoint>
<DataPoint>1142</DataPoint>
<DataPoint>1201</DataPoint>
<DataPoint>1164</DataPoint>
<DataPoint>1075</DataPoint>
<DataPoint>1007</DataPoint>
<DataPoint>1098</DataPoint>
<DataPoint>1044</DataPoint>
<DataPoint>1080</DataPoint>
<DataPoint>1073</DataPoint>
<DataPoint>1094</DataPoint>
<DataPoint>1111</DataPoint>
<DataPoint>986</DataPoint>
<DataPoint>982</DataPoint>
<DataPoint>1015</DataPoint>
<DataPoint>928</DataPoint>
<DataPoint>986</DataPoint>
<DataPoint>1024</DataPoint>
<DataPoint>956</DataPoint>
<DataPoint>807</DataPoint>
<DataPoint>819</DataPoint>
<DataPoint>852</DataPoint>
<DataPoint>748</DataPoint>
<DataPoint>699</DataPoint>
<DataPoint>717</DataPoint>
<DataPoint>667</DataPoint>
<DataPoint>702</DataPoint>
<DataPoint>604</DataPoint>
<DataPoint>587</DataPoint>
<DataPoint>551</DataPoint>
<DataPoint>511</DataPoint>
<DataPoint>476</DataPoint>
<DataPoint>501</DataPoint>
<DataPoint>513</DataPoint>
<DataPoint>478</DataPoint>
<DataPoint>405</DataPoint>
<DataPoint>376</DataPoint>
<DataPoint>394</DataPoint>
<DataPoint>372</DataPoint>
<DataPoint>354</DataPoint>
<DataPoint>400</DataPoint>
<DataPoint>344</DataPoint>
<DataPoint>352</DataPoint>
<DataPoint>343</DataPoint>
<DataPoint>352</DataPoint>
<DataPoint>324</DataPoint>
<DataPoint>362</DataPoint>
<DataPoint>315</DataPoint>
<DataPoint>296</DataPoint>
<DataPoint>305</DataPoint>
<DataPoint>322</DataPoint>
<DataPoint>311</DataPoint>
<DataPoint>265</DataPoint>
<DataPoint>279</DataPoint>
<DataPoint>287</DataPoint>
<DataPoint>252</DataPoint>
<DataPoint>262</DataPoint>
<DataPoint>261</DataPoint>
<DataPoint>267</DataPoint>
<DataPoint>285</DataPoint>
<DataPoint>242</DataPoint>
<DataPoint>244</DataPoint>
<DataPoint>231</DataPoint>
<DataPoint>205</DataPoint>
<DataPoint>258</DataPoint>
<DataPoint>254</DataPoint>
<DataPoint>263</DataPoint>
<DataPoint>210</DataPoint>
<DataPoint>218</DataPoint>
<DataPoint>219</DataPoint>
<DataPoint>229</DataPoint>
<DataPoint>245</DataPoint>
<DataPoint>208</DataPoint>
<DataPoint>220</DataPoint>
<DataPoint>216</DataPoint>
<DataPoint>216</DataPoint>
<DataPoint>227</DataPoint>
<DataPoint>226</DataPoint>
<DataPoint>208</DataPoint>
<DataPoint>233</DataPoint>
<DataPoint>205</DataPoint>
<DataPoint>215</DataPoint>
<DataPoint>232</DataPoint>
<DataPoint>228</DataPoint>
<DataPoint>250</DataPoint>
<DataPoint>236</DataPoint>
<DataPoint>245</DataPoint>
<DataPoint>222</DataPoint>
<DataPoint>247</DataPoint>
<DataPoint>223</DataPoint>
<DataPoint>221</DataPoint>
<DataPoint>241</DataPoint>
<DataPoint>242</DataPoint>
<DataPoint>287</DataPoint>
<DataPoint>256</DataPoint>
<DataPoint>273</DataPoint>
<DataPoint>283</DataPoint>
<DataPoint>308</DataPoint>
<DataPoint>260</DataPoint>
<DataPoint>300</DataPoint>
<DataPoint>273</DataPoint>
<DataPoint>270</DataPoint>
<DataPoint>275</DataPoint>
<DataPoint>287</DataPoint>
<DataPoint>309</DataPoint>
<DataPoint>281</DataPoint>
<DataPoint>275</DataPoint>
<DataPoint>273</DataPoint>
<DataPoint>331</DataPoint>
<DataPoint>282</DataPoint>
<DataPoint>284</DataPoint>
<DataPoint>293</DataPoint>
<DataPoint>244</DataPoint>
<DataPoint>262</DataPoint>
<DataPoint>262</DataPoint>
<DataPoint>272</DataPoint>
<DataPoint>251</DataPoint>
<DataPoint>276</DataPoint>
<DataPoint>196</DataPoint>
<DataPoint>195</DataPoint>
<DataPoint>187</DataPoint>
<DataPoint>192</DataPoint>
<DataPoint>187</DataPoint>
<DataPoint>173</DataPoint>
<DataPoint>163</DataPoint>
<DataPoint>202</DataPoint>
<DataPoint>193</DataPoint>
<DataPoint>160</DataPoint>
<DataPoint>147</DataPoint>
<DataPoint>168</DataPoint>
<DataPoint>182</DataPoint>
<DataPoint>136</DataPoint>
<DataPoint>159</DataPoint>
<DataPoint>133</DataPoint>
<DataPoint>137</DataPoint>
<DataPoint>136</DataPoint>
<DataPoint>136</DataPoint>
<DataPoint>97</DataPoint>
<DataPoint>146</DataPoint>
<DataPoint>120</DataPoint>
<DataPoint>131</DataPoint>
<DataPoint>134</DataPoint>
<DataPoint>114</DataPoint>
<DataPoint>114</DataPoint>
<DataPoint>105</DataPoint>
<DataPoint>105</DataPoint>
<DataPoint>137</DataPoint>
<DataPoint>130</DataPoint>
<DataPoint>103</DataPoint>
<DataPoint>117</DataPoint>
<DataPoint>128</DataPoint>
<DataPoint>127</DataPoint>
<DataPoint>120</DataPoint>
<DataPoint>127</DataPoint>
<DataPoint>114</DataPoint>
<DataPoint>99</DataPoint>
<DataPoint>130</DataPoint>
<DataPoint>114</DataPoint>
<DataPoint>107</DataPoint>
<DataPoint>107</DataPoint>
<DataPoint>103</DataPoint>
<DataPoint>123</DataPoint>
<DataPoint>117</DataPoint>
<DataPoint>124</DataPoint>
<DataPoint>118</DataPoint>
<DataPoint>102</DataPoint>
<DataPoint>98</DataPoint>
<DataPoint>109</DataPoint>
<DataPoint>121</DataPoint>
<DataPoint>88</DataPoint>
<DataPoint>113</DataPoint>
<DataPoint>126</DataPoint>
<DataPoint>137</DataPoint>
<DataPoint>120</DataPoint>
<DataPoint>110</DataPoint>
<DataPoint>114</DataPoint>
<DataPoint>114</DataPoint>
<DataPoint>83</DataPoint>
<DataPoint>108</DataPoint>
<DataPoint>93</DataPoint>
<DataPoint>111</DataPoint>
<DataPoint>107</DataPoint>
<DataPoint>89</DataPoint>
<DataPoint>93</DataPoint>
<DataPoint>100</DataPoint>
<DataPoint>86</DataPoint>
<DataPoint>108</DataPoint>
<DataPoint>83</DataPoint>
<DataPoint>80</DataPoint>
<DataPoint>83</DataPoint>
<DataPoint>90</DataPoint>
<DataPoint>109</DataPoint>
<DataPoint>78</DataPoint>
<DataPoint>86</DataPoint>
<DataPoint>89</DataPoint>
<DataPoint>89</DataPoint>
<DataPoint>82</DataPoint>
<DataPoint>74</DataPoint>
<DataPoint>80</DataPoint>
<DataPoint>98</DataPoint>
<DataPoint>92</DataPoint>
<DataPoint>105</DataPoint>
<DataPoint>96</DataPoint>
<DataPoint>80</DataPoint>
<DataPoint>87</DataPoint>
<DataPoint>84</DataPoint>
<DataPoint>87</DataPoint>
<DataPoint>85</DataPoint>
<DataPoint>69</DataPoint>
<DataPoint>78</DataPoint>
<DataPoint>80</DataPoint>
<DataPoint>75</DataPoint>
<DataPoint>100</DataPoint>
<DataPoint>68</DataPoint>
<DataPoint>71</DataPoint>
<DataPoint>74</DataPoint>
<DataPoint>76</DataPoint>
<DataPoint>86</DataPoint>
<DataPoint>100</DataPoint>
<DataPoint>65</DataPoint>
<DataPoint>92</DataPoint>
<DataPoint>83</DataPoint>
<DataPoint>89</DataPoint>
<DataPoint>93</DataPoint>
<DataPoint>71</DataPoint>
<DataPoint>74</DataPoint>
<DataPoint>81</DataPoint>
<DataPoint>81</DataPoint>
<DataPoint>70</DataPoint>
<DataPoint>65</DataPoint>
<DataPoint>99</DataPoint>
<DataPoint>77</DataPoint>
<DataPoint>83</DataPoint>
<DataPoint>76</DataPoint>
<DataPoint>72</DataPoint>
<DataPoint>82</DataPoint>
<DataPoint>71</DataPoint>
<DataPoint>66</DataPoint>
<DataPoint>59</DataPoint>
<DataPoint>47</DataPoint>
<DataPoint>49</DataPoint>
<DataPoint>57</DataPoint>
<DataPoint>61</DataPoint>
<DataPoint>78</DataPoint>
<DataPoint>76</DataPoint>
<DataPoint>59</DataPoint>
<DataPoint>61</DataPoint>
<DataPoint>62</DataPoint>
<DataPoint>55</DataPoint>
<DataPoint>69</DataPoint>
<DataPoint>72</DataPoint>
<DataPoint>79</DataPoint>
<DataPoint>58</DataPoint>
<DataPoint>67</DataPoint>
<DataPoint>48</DataPoint>
<DataPoint>56</DataPoint>
<DataPoint>58</DataPoint>
<DataPoint>68</DataPoint>
<DataPoint>55</DataPoint>
<DataPoint>72</DataPoint>
<DataPoint>54</DataPoint>
<DataPoint>66</DataPoint>
<DataPoint>75</DataPoint>
<DataPoint>76</DataPoint>
<DataPoint>57</DataPoint>
<DataPoint>59</DataPoint>
<DataPoint>83</DataPoint>
<DataPoint>66</DataPoint>
<DataPoint>64</DataPoint>
<DataPoint>69</DataPoint>
<DataPoint>53</DataPoint>
<DataPoint>71</DataPoint>
<DataPoint>67</DataPoint>
<DataPoint>78</DataPoint>
<DataPoint>72</DataPoint>
<DataPoint>75</DataPoint>
<DataPoint>70</DataPoint>
<DataPoint>71</DataPoint>
<DataPoint>60</DataPoint>
<DataPoint>59</DataPoint>
<DataPoint>68</DataPoint>
<DataPoint>59</DataPoint>
<DataPoint>74</DataPoint>
<DataPoint>66</DataPoint>
<DataPoint>72</DataPoint>
<DataPoint>58</DataPoint>
<DataPoint>60</DataPoint>
<DataPoint>74</DataPoint>
<DataPoint>65</DataPoint>
<DataPoint>81</DataPoint>
<DataPoint>62</DataPoint>
<DataPoint>67</DataPoint>
<DataPoint>61</DataPoint>
<DataPoint>65</DataPoint>
<DataPoint>61</DataPoint>
<DataPoint>51</DataPoint>
<DataPoint>55</DataPoint>
<DataPoint>62</DataPoint>
<DataPoint>74</DataPoint>
<DataPoint>58</DataPoint>
<DataPoint>67</DataPoint>
<DataPoint>61</DataPoint>
<DataPoint>51</DataPoint>
<DataPoint>55</DataPoint>
<DataPoint>51</DataPoint>
<DataPoint>56</DataPoint>
<DataPoint>62</DataPoint>
<DataPoint>52</DataPoint>
<DataPoint>55</DataPoint>
<DataPoint>63</DataPoint>
<DataPoint>65</DataPoint>
<DataPoint>45</DataPoint>
<DataPoint>42</DataPoint>
<DataPoint>49</DataPoint>
<DataPoint>50</DataPoint>
<DataPoint>54</DataPoint>
<DataPoint>45</DataPoint>
<DataPoint>49</DataPoint>
<DataPoint>55</DataPoint>
<DataPoint>51</DataPoint>
<DataPoint>43</DataPoint>
<DataPoint>51</DataPoint>
<DataPoint>44</DataPoint>
<DataPoint>47</DataPoint>
<DataPoint>35</DataPoint>
<DataPoint>40</DataPoint>
<DataPoint>41</DataPoint>
<DataPoint>43</DataPoint>
<DataPoint>37</DataPoint>
<DataPoint>35</DataPoint>
<DataPoint>35</DataPoint>
<DataPoint>40</DataPoint>
<DataPoint>42</DataPoint>
<DataPoint>42</DataPoint>
<DataPoint>43</DataPoint>
<DataPoint>55</DataPoint>
<DataPoint>36</DataPoint>
<DataPoint>36</DataPoint>
<DataPoint>50</DataPoint>
<DataPoint>41</DataPoint>
<DataPoint>43</DataPoint>
<DataPoint>38</DataPoint>
<DataPoint>30</DataPoint>
<DataPoint>27</DataPoint>
<DataPoint>31</DataPoint>
<DataPoint>27</DataPoint>
<DataPoint>37</DataPoint>
<DataPoint>44</DataPoint>
<DataPoint>40</DataPoint>
<DataPoint>32</DataPoint>
<DataPoint>30</DataPoint>
<DataPoint>32</DataPoint>
<DataPoint>37</DataPoint>
<DataPoint>35</DataPoint>
<DataPoint>39</DataPoint>
<DataPoint>39</DataPoint>
<DataPoint>31</DataPoint>
<DataPoint>27</DataPoint>
<DataPoint>40</DataPoint>
<DataPoint>37</DataPoint>
<DataPoint>38</DataPoint>
<DataPoint>39</DataPoint>
<DataPoint>29</DataPoint>
<DataPoint>41</DataPoint>
<DataPoint>34</DataPoint>
<DataPoint>31</DataPoint>
<DataPoint>42</DataPoint>
<DataPoint>30</DataPoint>
<DataPoint>32</DataPoint>
<DataPoint>32</DataPoint>
<DataPoint>36</DataPoint>
<DataPoint>28</DataPoint>
<DataPoint>34</DataPoint>
<DataPoint>35</DataPoint>
<DataPoint>31</DataPoint>
<DataPoint>36</DataPoint>
<DataPoint>50</DataPoint>
<DataPoint>37</DataPoint>
<DataPoint>40</DataPoint>
<DataPoint>36</DataPoint>
<DataPoint>40</DataPoint>
<DataPoint>28</DataPoint>
<DataPoint>34</DataPoint>
<DataPoint>30</DataPoint>
<DataPoint>25</DataPoint>
<DataPoint>39</DataPoint>
<DataPoint>38</DataPoint>
<DataPoint>36</DataPoint>
<DataPoint>40</DataPoint>
<DataPoint>35</DataPoint>
<DataPoint>34</DataPoint>
<DataPoint>33</DataPoint>
<DataPoint>41</DataPoint>
<DataPoint>35</DataPoint>
<DataPoint>33</DataPoint>
<DataPoint>42</DataPoint>
<DataPoint>37</DataPoint>
<DataPoint>38</DataPoint>
<DataPoint>35</DataPoint>
<DataPoint>42</DataPoint>
<DataPoint>33</DataPoint>
<DataPoint>24</DataPoint>
<DataPoint>29</DataPoint>
<DataPoint>39</DataPoint>
<DataPoint>33</DataPoint>
<DataPoint>40</DataPoint>
<DataPoint>36</DataPoint>
<DataPoint>30</DataPoint>
<DataPoint>28</DataPoint>
<DataPoint>24</DataPoint>
<DataPoint>28</DataPoint>
<DataPoint>33</DataPoint>
<DataPoint>33</DataPoint>
<DataPoint>35</DataPoint>
<DataPoint>25</DataPoint>
<DataPoint>17</DataPoint>
<DataPoint>22</DataPoint>
<DataPoint>26</DataPoint>
<DataPoint>32</DataPoint>
<DataPoint>30</DataPoint>
<DataPoint>19</DataPoint>
<DataPoint>15</DataPoint>
<DataPoint>22</DataPoint>
<DataPoint>34</DataPoint>
<DataPoint>27</DataPoint>
<DataPoint>21</DataPoint>
<DataPoint>18</DataPoint>
<DataPoint>29</DataPoint>
<DataPoint>26</DataPoint>
<DataPoint>18</DataPoint>
<DataPoint>19</DataPoint>
<DataPoint>23</DataPoint>
<DataPoint>16</DataPoint>
<DataPoint>18</DataPoint>
<DataPoint>22</DataPoint>
<DataPoint>10</DataPoint>
<DataPoint>17</DataPoint>
<DataPoint>24</DataPoint>
<DataPoint>11</DataPoint>
<DataPoint>17</DataPoint>
<DataPoint>17</DataPoint>
<DataPoint>21</DataPoint>
<DataPoint>15</DataPoint>
<DataPoint>21</DataPoint>
<DataPoint>22</DataPoint>
<DataPoint>26</DataPoint>
<DataPoint>22</DataPoint>
<DataPoint>17</DataPoint>
<DataPoint>15</DataPoint>
<DataPoint>8</DataPoint>
<DataPoint>16</DataPoint>
<DataPoint>23</DataPoint>
<DataPoint>16</DataPoint>
<DataPoint>12</DataPoint>
<DataPoint>12</DataPoint>
<DataPoint>20</DataPoint>
<DataPoint>18</DataPoint>
<DataPoint>14</DataPoint>
<DataPoint>15</DataPoint>
<DataPoint>13</DataPoint>
<DataPoint>10</DataPoint>
<DataPoint>16</DataPoint>
<DataPoint>7</DataPoint>
<DataPoint>19</DataPoint>
<DataPoint>11</DataPoint>
<DataPoint>8</DataPoint>
<DataPoint>14</DataPoint>
<DataPoint>15</DataPoint>
<DataPoint>12</DataPoint>
<DataPoint>17</DataPoint>
<DataPoint>14</DataPoint>
<DataPoint>9</DataPoint>
<DataPoint>16</DataPoint>
<DataPoint>20</DataPoint>
<DataPoint>15</DataPoint>
<DataPoint>14</DataPoint>
<DataPoint>18</DataPoint>
<DataPoint>15</DataPoint>
<DataPoint>16</DataPoint>
<DataPoint>15</DataPoint>
<DataPoint>12</DataPoint>
<DataPoint>13</DataPoint>
<DataPoint>19</DataPoint>
<DataPoint>18</DataPoint>
<DataPoint>18</DataPoint>
<DataPoint>15</DataPoint>
<DataPoint>18</DataPoint>
<DataPoint>12</DataPoint>
<DataPoint>13</DataPoint>
<DataPoint>17</DataPoint>
<DataPoint>23</DataPoint>
<DataPoint>11</DataPoint>
<DataPoint>8</DataPoint>
<DataPoint>11</DataPoint>
<DataPoint>12</DataPoint>
<DataPoint>12</DataPoint>
<DataPoint>10</DataPoint>
<DataPoint>13</DataPoint>
<DataPoint>16</DataPoint>
<DataPoint>17</DataPoint>
<DataPoint>10</DataPoint>
<DataPoint>16</DataPoint>
<DataPoint>17</DataPoint>
<DataPoint>11</DataPoint>
<DataPoint>15</DataPoint>
<DataPoint>15</DataPoint>
<DataPoint>11</DataPoint>
<DataPoint>10</DataPoint>
<DataPoint>13</DataPoint>
<DataPoint>10</DataPoint>
<DataPoint>12</DataPoint>
<DataPoint>14</DataPoint>
<DataPoint>13</DataPoint>
<DataPoint>11</DataPoint>
<DataPoint>10</DataPoint>
<DataPoint>12</DataPoint>
<DataPoint>10</DataPoint>
<DataPoint>6</DataPoint>
<DataPoint>8</DataPoint>
<DataPoint>7</DataPoint>
<DataPoint>13</DataPoint>
<DataPoint>5</DataPoint>
<DataPoint>12</DataPoint>
<DataPoint>8</DataPoint>
<DataPoint>15</DataPoint>
<DataPoint>16</DataPoint>
<DataPoint>12</DataPoint>
<DataPoint>6</DataPoint>
<DataPoint>13</DataPoint>
<DataPoint>13</DataPoint>
<DataPoint>9</DataPoint>
<DataPoint>6</DataPoint>
<DataPoint>6</DataPoint>
<DataPoint>6</DataPoint>
<DataPoint>9</DataPoint>
<DataPoint>8</DataPoint>
<DataPoint>13</DataPoint>
<DataPoint>10</DataPoint>
<DataPoint>8</DataPoint>
<DataPoint>4</DataPoint>
<DataPoint>9</DataPoint>
<DataPoint>8</DataPoint>
<DataPoint>16</DataPoint>
<DataPoint>6</DataPoint>
<DataPoint>4</DataPoint>
<DataPoint>9</DataPoint>
<DataPoint>12</DataPoint>
<DataPoint>6</DataPoint>
<DataPoint>3</DataPoint>
<DataPoint>4</DataPoint>
<DataPoint>2</DataPoint>
<DataPoint>5</DataPoint>
<DataPoint>3</DataPoint>
<DataPoint>7</DataPoint>
<DataPoint>6</DataPoint>
<DataPoint>10</DataPoint>
<DataPoint>5</DataPoint>
<DataPoint>3</DataPoint>
<DataPoint>8</DataPoint>
<DataPoint>6</DataPoint>
<DataPoint>15</DataPoint>
<DataPoint>6</DataPoint>
<DataPoint>9</DataPoint>
<DataPoint>7</DataPoint>
<DataPoint>5</DataPoint>
<DataPoint>8</DataPoint>
<DataPoint>8</DataPoint>
<DataPoint>11</DataPoint>
<DataPoint>3</DataPoint>
<DataPoint>5</DataPoint>
<DataPoint>6</DataPoint>
<DataPoint>4</DataPoint>
<DataPoint>5</DataPoint>
<DataPoint>9</DataPoint>
<DataPoint>6</DataPoint>
<DataPoint>11</DataPoint>
<DataPoint>3</DataPoint>
<DataPoint>4</DataPoint>
<DataPoint>5</DataPoint>
<DataPoint>5</DataPoint>
<DataPoint>6</DataPoint>
<DataPoint>6</DataPoint>
<DataPoint>3</DataPoint>
<DataPoint>4</DataPoint>
<DataPoint>5</DataPoint>
<DataPoint>6</DataPoint>
<DataPoint>5</DataPoint>
<DataPoint>5</DataPoint>
<DataPoint>8</DataPoint>
<DataPoint>7</DataPoint>
<DataPoint>7</DataPoint>
<DataPoint>8</DataPoint>
<DataPoint>3</DataPoint>
<DataPoint>6</DataPoint>
<DataPoint>5</DataPoint>
<DataPoint>10</DataPoint>
<DataPoint>7</DataPoint>
<DataPoint>5</DataPoint>
<DataPoint>4</DataPoint>
<DataPoint>2</DataPoint>
<DataPoint>3</DataPoint>
<DataPoint>6</DataPoint>
<DataPoint>10</DataPoint>
<DataPoint>1</DataPoint>
<DataPoint>3</DataPoint>
<DataPoint>4</DataPoint>
<DataPoint>4</DataPoint>
<DataPoint>4</DataPoint>
<DataPoint>6</DataPoint>
<DataPoint>7</DataPoint>
<DataPoint>5</DataPoint>
<DataPoint>5</DataPoint>
<DataPoint>5</DataPoint>
<DataPoint>2</DataPoint>
<DataPoint>5</DataPoint>
<DataPoint>5</DataPoint>
<DataPoint>4</DataPoint>
<DataPoint>3</DataPoint>
<DataPoint>7</DataPoint>
<DataPoint>4</DataPoint>
<DataPoint>4</DataPoint>
<DataPoint>3</DataPoint>
<DataPoint>5</DataPoint>
<DataPoint>3</DataPoint>
<DataPoint>4</DataPoint>
<DataPoint>2</DataPoint>
<DataPoint>6</DataPoint>
<DataPoint>8</DataPoint>
<DataPoint>12</DataPoint>
<DataPoint>1</DataPoint>
<DataPoint>3</DataPoint>
<DataPoint>1</DataPoint>
<DataPoint>3</DataPoint>
<DataPoint>5</DataPoint>
<DataPoint>6</DataPoint>
<DataPoint>5</DataPoint>
<DataPoint>7</DataPoint>
<DataPoint>3</DataPoint>
<DataPoint>5</DataPoint>
<DataPoint>6</DataPoint>
<DataPoint>1</DataPoint>
<DataPoint>8</DataPoint>
<DataPoint>4</DataPoint>
<DataPoint>4</DataPoint>
<DataPoint>2</DataPoint>
<DataPoint>1</DataPoint>
<DataPoint>3</DataPoint>
<DataPoint>2</DataPoint>
<DataPoint>3</DataPoint>
<DataPoint>8</DataPoint>
<DataPoint>1</DataPoint>
<DataPoint>2</DataPoint>
<DataPoint>3</DataPoint>
<DataPoint>6</DataPoint>
<DataPoint>4</DataPoint>
<DataPoint>1</DataPoint>
<DataPoint>4</DataPoint>
<DataPoint>4</DataPoint>
<DataPoint>2</DataPoint>
<DataPoint>2</DataPoint>
<DataPoint>5</DataPoint>
<DataPoint>4</DataPoint>
<DataPoint>3</DataPoint>
<DataPoint>5</DataPoint>
<DataPoint>2</DataPoint>
<DataPoint>5</DataPoint>
<DataPoint>4</DataPoint>
<DataPoint>1</DataPoint>
<DataPoint>4</DataPoint>
<DataPoint>4</DataPoint>
<DataPoint>3</DataPoint>
<DataPoint>2</DataPoint>
<DataPoint>2</DataPoint>
<DataPoint>2</DataPoint>
<DataPoint>6</DataPoint>
<DataPoint>3</DataPoint>
<DataPoint>0</DataPoint>
<DataPoint>5</DataPoint>
<DataPoint>2</DataPoint>
<DataPoint>4</DataPoint>
<DataPoint>3</DataPoint>
<DataPoint>2</DataPoint>
<DataPoint>3</DataPoint>
<DataPoint>4</DataPoint>
<DataPoint>3</DataPoint>
<DataPoint>3</DataPoint>
<DataPoint>0</DataPoint>
<DataPoint>0</DataPoint>
<DataPoint>4</DataPoint>
<DataPoint>1</DataPoint>
<DataPoint>3</DataPoint>
<DataPoint>3</DataPoint>
<DataPoint>3</DataPoint>
<DataPoint>3</DataPoint>
<DataPoint>1</DataPoint>
<DataPoint>4</DataPoint>
<DataPoint>3</DataPoint>
<DataPoint>3</DataPoint>
<DataPoint>3</DataPoint>
<DataPoint>2</DataPoint>
<DataPoint>1</DataPoint>
<DataPoint>4</DataPoint>
<DataPoint>3</DataPoint>
<DataPoint>3</DataPoint>
<DataPoint>3</DataPoint>
<DataPoint>1</DataPoint>
<DataPoint>2</DataPoint>
<DataPoint>2</DataPoint>
<DataPoint>2</DataPoint>
<DataPoint>1</DataPoint>
<DataPoint>4</DataPoint>
<DataPoint>1</DataPoint>
<DataPoint>3</DataPoint>
<DataPoint>1</DataPoint>
<DataPoint>0</DataPoint>
<DataPoint>0</DataPoint>
<DataPoint>1</DataPoint>
<DataPoint>2</DataPoint>
<DataPoint>2</DataPoint>
<DataPoint>1</DataPoint>
<DataPoint>5</DataPoint>
<DataPoint>1</DataPoint>
<DataPoint>3</DataPoint>
<DataPoint>3</DataPoint>
<DataPoint>4</DataPoint>
<DataPoint>3</DataPoint>
<DataPoint>2</DataPoint>
<DataPoint>4</DataPoint>
<DataPoint>4</DataPoint>
<DataPoint>2</DataPoint>
<DataPoint>1</DataPoint>
<DataPoint>2</DataPoint>
<DataPoint>0</DataPoint>
<DataPoint>3</DataPoint>
<DataPoint>1</DataPoint>
<DataPoint>1</DataPoint>
<DataPoint>1</DataPoint>
<DataPoint>2</DataPoint>
<DataPoint>3</DataPoint>
<DataPoint>3</DataPoint>
<DataPoint>1</DataPoint>
<DataPoint>3</DataPoint>
<DataPoint>0</DataPoint>
<DataPoint>1</DataPoint>
<DataPoint>2</DataPoint>
<DataPoint>4</DataPoint>
<DataPoint>2</DataPoint>
<DataPoint>1</DataPoint>
<DataPoint>1</DataPoint>
<DataPoint>1</DataPoint>
<DataPoint>0</DataPoint>
<DataPoint>2</DataPoint>
<DataPoint>0</DataPoint>
<DataPoint>0</DataPoint>
<DataPoint>2</DataPoint>
<DataPoint>1</DataPoint>
<DataPoint>0</DataPoint>
<DataPoint>0</DataPoint>
<DataPoint>1</DataPoint>
<DataPoint>1</DataPoint>
<DataPoint>4</DataPoint>
<DataPoint>2</DataPoint>
<DataPoint>3</DataPoint>
<DataPoint>3</DataPoint>
<DataPoint>5</DataPoint>
<DataPoint>2</DataPoint>
<DataPoint>1</DataPoint>
<DataPoint>1</DataPoint>
<DataPoint>1</DataPoint>
<DataPoint>1</DataPoint>
<DataPoint>2</DataPoint>
<DataPoint>0</DataPoint>
<DataPoint>4</DataPoint>
<DataPoint>6</DataPoint>
<DataPoint>1</DataPoint>
<DataPoint>1</DataPoint>
<DataPoint>2</DataPoint>
<DataPoint>2</DataPoint>
<DataPoint>1</DataPoint>
<DataPoint>1</DataPoint>
<DataPoint>0</DataPoint>
<DataPoint>4</DataPoint>
<DataPoint>1</DataPoint>
<DataPoint>1</DataPoint>
<DataPoint>1</DataPoint>
<DataPoint>1</DataPoint>
<DataPoint>1</DataPoint>
<DataPoint>4</DataPoint>
<DataPoint>0</DataPoint>
<DataPoint>3</DataPoint>
<DataPoint>3</DataPoint>
<DataPoint>1</DataPoint>
<DataPoint>4</DataPoint>
<DataPoint>4</DataPoint>
<DataPoint>1</DataPoint>
<DataPoint>1</DataPoint>
<DataPoint>1</DataPoint>
<DataPoint>1</DataPoint>
<DataPoint>2</DataPoint>
<DataPoint>1</DataPoint>
<DataPoint>1</DataPoint>
<DataPoint>2</DataPoint>
<DataPoint>3</DataPoint>
<DataPoint>3</DataPoint>
<DataPoint>2</DataPoint>
<DataPoint>0</DataPoint>
<DataPoint>4</DataPoint>
<DataPoint>1</DataPoint>
<DataPoint>1</DataPoint>
<DataPoint>2</DataPoint>
<DataPoint>1</DataPoint>
<DataPoint>2</DataPoint>
<DataPoint>4</DataPoint>
<DataPoint>1</DataPoint>
<DataPoint>2</DataPoint>
<DataPoint>2</DataPoint>
<DataPoint>3</DataPoint>
<DataPoint>4</DataPoint>
<DataPoint>0</DataPoint>
<DataPoint>0</DataPoint>
<DataPoint>0</DataPoint>
<DataPoint>3</DataPoint>
<DataPoint>1</DataPoint>
<DataPoint>2</DataPoint>
<DataPoint>2</DataPoint>
<DataPoint>2</DataPoint>
<DataPoint>5</DataPoint>
<DataPoint>3</DataPoint>
<DataPoint>1</DataPoint>
<DataPoint>1</DataPoint>
<DataPoint>0</DataPoint>
<DataPoint>5</DataPoint>
<DataPoint>2</DataPoint>
<DataPoint>2</DataPoint>
<DataPoint>4</DataPoint>
<DataPoint>3</DataPoint>
<DataPoint>0</DataPoint>
<DataPoint>0</DataPoint>
<DataPoint>1</DataPoint>
<DataPoint>0</DataPoint>
<DataPoint>0</DataPoint>
<DataPoint>2</DataPoint>
<DataPoint>2</DataPoint>
<DataPoint>1</DataPoint>
<DataPoint>2</DataPoint>
<DataPoint>2</DataPoint>
<DataPoint>2</DataPoint>
<DataPoint>2</DataPoint>
<DataPoint>2</DataPoint>
<DataPoint>3</DataPoint>
<DataPoint>9</DataPoint>
<DataPoint>2</DataPoint>
<DataPoint>0</DataPoint>
<DataPoint>2</DataPoint>
<DataPoint>2</DataPoint>
<DataPoint>0</DataPoint>
<DataPoint>1</DataPoint>
<DataPoint>2</DataPoint>
<DataPoint>1</DataPoint>
<DataPoint>2</DataPoint>
<DataPoint>1</DataPoint>
<DataPoint>1</DataPoint>
<DataPoint>1</DataPoint>
<DataPoint>0</DataPoint>
<DataPoint>4</DataPoint>
<DataPoint>4</DataPoint>
<DataPoint>6</DataPoint>
<DataPoint>6</DataPoint>
<DataPoint>1</DataPoint>
<DataPoint>1</DataPoint>
<DataPoint>2</DataPoint>
<DataPoint>4</DataPoint>
<DataPoint>2</DataPoint>
<DataPoint>3</DataPoint>
<DataPoint>3</DataPoint>
<DataPoint>2</DataPoint>
<DataPoint>1</DataPoint>
<DataPoint>3</DataPoint>
<DataPoint>0</DataPoint>
<DataPoint>5</DataPoint>
<DataPoint>4</DataPoint>
<DataPoint>4</DataPoint>
<DataPoint>2</DataPoint>
<DataPoint>2</DataPoint>
<DataPoint>4</DataPoint>
<DataPoint>5</DataPoint>
<DataPoint>6</DataPoint>
<DataPoint>2</DataPoint>
<DataPoint>2</DataPoint>
<DataPoint>4</DataPoint>
<DataPoint>4</DataPoint>
<DataPoint>6</DataPoint>
<DataPoint>4</DataPoint>
<DataPoint>2</DataPoint>
<DataPoint>5</DataPoint>
<DataPoint>3</DataPoint>
<DataPoint>6</DataPoint>
<DataPoint>658</DataPoint>

  </Spectrum>
 </EnergySpectrum>


       <StartTime>2024-02-26T12:54:22</StartTime>
 <EndTime>2024-02-27T00:55:47</EndTime>

 <BackgroundEnergySpectrum>
  <NumberOfChannels>1024</NumberOfChannels>
  <ChannelPitch>1</ChannelPitch>
  <SpectrumName><![CDATA[Background1]]></SpectrumName>
  <Comment>@Comment</Comment>
  <SerialNumber>RC-101-001920</SerialNumber>
  <EnergyCalibration>
    <PolynomialOrder>2</PolynomialOrder>
    <Coefficients>
      <Coefficient>4.6426802</Coefficient>
      <Coefficient>2.29144</Coefficient>
      <Coefficient>0.00097</Coefficient>
    </Coefficients>
  </EnergyCalibration>
  <MeasurementTime>43285</MeasurementTime>
  <Spectrum>
    <DataPoint>0</DataPoint>
<DataPoint>0</DataPoint>
<DataPoint>0</DataPoint>
<DataPoint>0</DataPoint>
<DataPoint>0</DataPoint>
<DataPoint>0</DataPoint>
<DataPoint>0</DataPoint>
<DataPoint>0</DataPoint>
<DataPoint>0</DataPoint>
<DataPoint>0</DataPoint>
<DataPoint>0</DataPoint>
<DataPoint>0</DataPoint>
<DataPoint>5</DataPoint>
<DataPoint>76</DataPoint>
<DataPoint>200</DataPoint>
<DataPoint>312</DataPoint>
<DataPoint>525</DataPoint>
<DataPoint>584</DataPoint>
<DataPoint>747</DataPoint>
<DataPoint>872</DataPoint>
<DataPoint>1038</DataPoint>
<DataPoint>1195</DataPoint>
<DataPoint>1346</DataPoint>
<DataPoint>1546</DataPoint>
<DataPoint>1738</DataPoint>
<DataPoint>1936</DataPoint>
<DataPoint>2119</DataPoint>
<DataPoint>2207</DataPoint>
<DataPoint>2523</DataPoint>
<DataPoint>2643</DataPoint>
<DataPoint>2974</DataPoint>
<DataPoint>3148</DataPoint>
<DataPoint>3595</DataPoint>
<DataPoint>3396</DataPoint>
<DataPoint>3714</DataPoint>
<DataPoint>3650</DataPoint>
<DataPoint>3721</DataPoint>
<DataPoint>3792</DataPoint>
<DataPoint>3783</DataPoint>
<DataPoint>3682</DataPoint>
<DataPoint>3835</DataPoint>
<DataPoint>3623</DataPoint>
<DataPoint>3668</DataPoint>
<DataPoint>3472</DataPoint>
<DataPoint>3491</DataPoint>
<DataPoint>3408</DataPoint>
<DataPoint>3257</DataPoint>
<DataPoint>3303</DataPoint>
<DataPoint>3192</DataPoint>
<DataPoint>3007</DataPoint>
<DataPoint>2972</DataPoint>
<DataPoint>2910</DataPoint>
<DataPoint>2843</DataPoint>
<DataPoint>2729</DataPoint>
<DataPoint>2643</DataPoint>
<DataPoint>2437</DataPoint>
<DataPoint>2467</DataPoint>
<DataPoint>2343</DataPoint>
<DataPoint>2365</DataPoint>
<DataPoint>2210</DataPoint>
<DataPoint>2177</DataPoint>
<DataPoint>2150</DataPoint>
<DataPoint>1953</DataPoint>
<DataPoint>1860</DataPoint>
<DataPoint>1945</DataPoint>
<DataPoint>1773</DataPoint>
<DataPoint>1808</DataPoint>
<DataPoint>1687</DataPoint>
<DataPoint>1579</DataPoint>
<DataPoint>1566</DataPoint>
<DataPoint>1502</DataPoint>
<DataPoint>1400</DataPoint>
<DataPoint>1384</DataPoint>
<DataPoint>1277</DataPoint>
<DataPoint>1315</DataPoint>
<DataPoint>1216</DataPoint>
<DataPoint>1115</DataPoint>
<DataPoint>1158</DataPoint>
<DataPoint>1068</DataPoint>
<DataPoint>1135</DataPoint>
<DataPoint>1112</DataPoint>
<DataPoint>1012</DataPoint>
<DataPoint>929</DataPoint>
<DataPoint>864</DataPoint>
<DataPoint>903</DataPoint>
<DataPoint>821</DataPoint>
<DataPoint>803</DataPoint>
<DataPoint>688</DataPoint>
<DataPoint>752</DataPoint>
<DataPoint>723</DataPoint>
<DataPoint>711</DataPoint>
<DataPoint>662</DataPoint>
<DataPoint>658</DataPoint>
<DataPoint>689</DataPoint>
<DataPoint>665</DataPoint>
<DataPoint>644</DataPoint>
<DataPoint>586</DataPoint>
<DataPoint>571</DataPoint>
<DataPoint>575</DataPoint>
<DataPoint>517</DataPoint>
<DataPoint>507</DataPoint>
<DataPoint>548</DataPoint>
<DataPoint>512</DataPoint>
<DataPoint>455</DataPoint>
<DataPoint>463</DataPoint>
<DataPoint>450</DataPoint>
<DataPoint>432</DataPoint>
<DataPoint>394</DataPoint>
<DataPoint>415</DataPoint>
<DataPoint>379</DataPoint>
<DataPoint>354</DataPoint>
<DataPoint>355</DataPoint>
<DataPoint>348</DataPoint>
<DataPoint>300</DataPoint>
<DataPoint>303</DataPoint>
<DataPoint>345</DataPoint>
<DataPoint>327</DataPoint>
<DataPoint>309</DataPoint>
<DataPoint>252</DataPoint>
<DataPoint>274</DataPoint>
<DataPoint>241</DataPoint>
<DataPoint>255</DataPoint>
<DataPoint>259</DataPoint>
<DataPoint>252</DataPoint>
<DataPoint>234</DataPoint>
<DataPoint>257</DataPoint>
<DataPoint>248</DataPoint>
<DataPoint>227</DataPoint>
<DataPoint>229</DataPoint>
<DataPoint>220</DataPoint>
<DataPoint>228</DataPoint>
<DataPoint>198</DataPoint>
<DataPoint>200</DataPoint>
<DataPoint>171</DataPoint>
<DataPoint>162</DataPoint>
<DataPoint>182</DataPoint>
<DataPoint>182</DataPoint>
<DataPoint>208</DataPoint>
<DataPoint>159</DataPoint>
<DataPoint>136</DataPoint>
<DataPoint>175</DataPoint>
<DataPoint>168</DataPoint>
<DataPoint>154</DataPoint>
<DataPoint>166</DataPoint>
<DataPoint>153</DataPoint>
<DataPoint>157</DataPoint>
<DataPoint>142</DataPoint>
<DataPoint>126</DataPoint>
<DataPoint>132</DataPoint>
<DataPoint>139</DataPoint>
<DataPoint>123</DataPoint>
<DataPoint>118</DataPoint>
<DataPoint>127</DataPoint>
<DataPoint>111</DataPoint>
<DataPoint>107</DataPoint>
<DataPoint>106</DataPoint>
<DataPoint>97</DataPoint>
<DataPoint>101</DataPoint>
<DataPoint>86</DataPoint>
<DataPoint>92</DataPoint>
<DataPoint>86</DataPoint>
<DataPoint>80</DataPoint>
<DataPoint>72</DataPoint>
<DataPoint>87</DataPoint>
<DataPoint>82</DataPoint>
<DataPoint>89</DataPoint>
<DataPoint>75</DataPoint>
<DataPoint>76</DataPoint>
<DataPoint>83</DataPoint>
<DataPoint>76</DataPoint>
<DataPoint>83</DataPoint>
<DataPoint>86</DataPoint>
<DataPoint>79</DataPoint>
<DataPoint>73</DataPoint>
<DataPoint>63</DataPoint>
<DataPoint>70</DataPoint>
<DataPoint>74</DataPoint>
<DataPoint>75</DataPoint>
<DataPoint>71</DataPoint>
<DataPoint>72</DataPoint>
<DataPoint>79</DataPoint>
<DataPoint>60</DataPoint>
<DataPoint>56</DataPoint>
<DataPoint>57</DataPoint>
<DataPoint>49</DataPoint>
<DataPoint>66</DataPoint>
<DataPoint>66</DataPoint>
<DataPoint>56</DataPoint>
<DataPoint>66</DataPoint>
<DataPoint>59</DataPoint>
<DataPoint>49</DataPoint>
<DataPoint>52</DataPoint>
<DataPoint>58</DataPoint>
<DataPoint>77</DataPoint>
<DataPoint>48</DataPoint>
<DataPoint>54</DataPoint>
<DataPoint>55</DataPoint>
<DataPoint>40</DataPoint>
<DataPoint>45</DataPoint>
<DataPoint>48</DataPoint>
<DataPoint>59</DataPoint>
<DataPoint>56</DataPoint>
<DataPoint>55</DataPoint>
<DataPoint>48</DataPoint>
<DataPoint>47</DataPoint>
<DataPoint>41</DataPoint>
<DataPoint>61</DataPoint>
<DataPoint>38</DataPoint>
<DataPoint>64</DataPoint>
<DataPoint>60</DataPoint>
<DataPoint>54</DataPoint>
<DataPoint>36</DataPoint>
<DataPoint>55</DataPoint>
<DataPoint>41</DataPoint>
<DataPoint>48</DataPoint>
<DataPoint>41</DataPoint>
<DataPoint>47</DataPoint>
<DataPoint>52</DataPoint>
<DataPoint>44</DataPoint>
<DataPoint>62</DataPoint>
<DataPoint>52</DataPoint>
<DataPoint>54</DataPoint>
<DataPoint>46</DataPoint>
<DataPoint>46</DataPoint>
<DataPoint>55</DataPoint>
<DataPoint>40</DataPoint>
<DataPoint>45</DataPoint>
<DataPoint>48</DataPoint>
<DataPoint>37</DataPoint>
<DataPoint>42</DataPoint>
<DataPoint>42</DataPoint>
<DataPoint>43</DataPoint>
<DataPoint>45</DataPoint>
<DataPoint>42</DataPoint>
<DataPoint>42</DataPoint>
<DataPoint>33</DataPoint>
<DataPoint>43</DataPoint>
<DataPoint>45</DataPoint>
<DataPoint>40</DataPoint>
<DataPoint>45</DataPoint>
<DataPoint>40</DataPoint>
<DataPoint>45</DataPoint>
<DataPoint>36</DataPoint>
<DataPoint>28</DataPoint>
<DataPoint>31</DataPoint>
<DataPoint>39</DataPoint>
<DataPoint>42</DataPoint>
<DataPoint>25</DataPoint>
<DataPoint>39</DataPoint>
<DataPoint>28</DataPoint>
<DataPoint>31</DataPoint>
<DataPoint>27</DataPoint>
<DataPoint>39</DataPoint>
<DataPoint>33</DataPoint>
<DataPoint>39</DataPoint>
<DataPoint>35</DataPoint>
<DataPoint>45</DataPoint>
<DataPoint>21</DataPoint>
<DataPoint>22</DataPoint>
<DataPoint>33</DataPoint>
<DataPoint>24</DataPoint>
<DataPoint>23</DataPoint>
<DataPoint>24</DataPoint>
<DataPoint>34</DataPoint>
<DataPoint>23</DataPoint>
<DataPoint>18</DataPoint>
<DataPoint>22</DataPoint>
<DataPoint>27</DataPoint>
<DataPoint>26</DataPoint>
<DataPoint>30</DataPoint>
<DataPoint>22</DataPoint>
<DataPoint>27</DataPoint>
<DataPoint>40</DataPoint>
<DataPoint>14</DataPoint>
<DataPoint>22</DataPoint>
<DataPoint>27</DataPoint>
<DataPoint>24</DataPoint>
<DataPoint>17</DataPoint>
<DataPoint>25</DataPoint>
<DataPoint>14</DataPoint>
<DataPoint>21</DataPoint>
<DataPoint>20</DataPoint>
<DataPoint>22</DataPoint>
<DataPoint>19</DataPoint>
<DataPoint>17</DataPoint>
<DataPoint>23</DataPoint>
<DataPoint>22</DataPoint>
<DataPoint>20</DataPoint>
<DataPoint>25</DataPoint>
<DataPoint>21</DataPoint>
<DataPoint>22</DataPoint>
<DataPoint>16</DataPoint>
<DataPoint>17</DataPoint>
<DataPoint>26</DataPoint>
<DataPoint>31</DataPoint>
<DataPoint>26</DataPoint>
<DataPoint>15</DataPoint>
<DataPoint>19</DataPoint>
<DataPoint>17</DataPoint>
<DataPoint>21</DataPoint>
<DataPoint>24</DataPoint>
<DataPoint>26</DataPoint>
<DataPoint>19</DataPoint>
<DataPoint>21</DataPoint>
<DataPoint>21</DataPoint>
<DataPoint>18</DataPoint>
<DataPoint>19</DataPoint>
<DataPoint>14</DataPoint>
<DataPoint>11</DataPoint>
<DataPoint>26</DataPoint>
<DataPoint>20</DataPoint>
<DataPoint>19</DataPoint>
<DataPoint>17</DataPoint>
<DataPoint>22</DataPoint>
<DataPoint>25</DataPoint>
<DataPoint>26</DataPoint>
<DataPoint>21</DataPoint>
<DataPoint>18</DataPoint>
<DataPoint>24</DataPoint>
<DataPoint>18</DataPoint>
<DataPoint>12</DataPoint>
<DataPoint>23</DataPoint>
<DataPoint>22</DataPoint>
<DataPoint>14</DataPoint>
<DataPoint>18</DataPoint>
<DataPoint>21</DataPoint>
<DataPoint>14</DataPoint>
<DataPoint>22</DataPoint>
<DataPoint>14</DataPoint>
<DataPoint>14</DataPoint>
<DataPoint>24</DataPoint>
<DataPoint>16</DataPoint>
<DataPoint>13</DataPoint>
<DataPoint>12</DataPoint>
<DataPoint>20</DataPoint>
<DataPoint>15</DataPoint>
<DataPoint>19</DataPoint>
<DataPoint>13</DataPoint>
<DataPoint>21</DataPoint>
<DataPoint>14</DataPoint>
<DataPoint>18</DataPoint>
<DataPoint>18</DataPoint>
<DataPoint>12</DataPoint>
<DataPoint>11</DataPoint>
<DataPoint>21</DataPoint>
<DataPoint>10</DataPoint>
<DataPoint>21</DataPoint>
<DataPoint>17</DataPoint>
<DataPoint>13</DataPoint>
<DataPoint>9</DataPoint>
<DataPoint>21</DataPoint>
<DataPoint>17</DataPoint>
<DataPoint>14</DataPoint>
<DataPoint>7</DataPoint>
<DataPoint>15</DataPoint>
<DataPoint>15</DataPoint>
<DataPoint>18</DataPoint>
<DataPoint>17</DataPoint>
<DataPoint>18</DataPoint>
<DataPoint>7</DataPoint>
<DataPoint>17</DataPoint>
<DataPoint>16</DataPoint>
<DataPoint>21</DataPoint>
<DataPoint>20</DataPoint>
<DataPoint>17</DataPoint>
<DataPoint>15</DataPoint>
<DataPoint>16</DataPoint>
<DataPoint>10</DataPoint>
<DataPoint>15</DataPoint>
<DataPoint>10</DataPoint>
<DataPoint>12</DataPoint>
<DataPoint>10</DataPoint>
<DataPoint>11</DataPoint>
<DataPoint>14</DataPoint>
<DataPoint>15</DataPoint>
<DataPoint>11</DataPoint>
<DataPoint>12</DataPoint>
<DataPoint>10</DataPoint>
<DataPoint>10</DataPoint>
<DataPoint>10</DataPoint>
<DataPoint>8</DataPoint>
<DataPoint>18</DataPoint>
<DataPoint>11</DataPoint>
<DataPoint>14</DataPoint>
<DataPoint>8</DataPoint>
<DataPoint>20</DataPoint>
<DataPoint>8</DataPoint>
<DataPoint>7</DataPoint>
<DataPoint>12</DataPoint>
<DataPoint>14</DataPoint>
<DataPoint>18</DataPoint>
<DataPoint>10</DataPoint>
<DataPoint>9</DataPoint>
<DataPoint>23</DataPoint>
<DataPoint>10</DataPoint>
<DataPoint>10</DataPoint>
<DataPoint>13</DataPoint>
<DataPoint>13</DataPoint>
<DataPoint>9</DataPoint>
<DataPoint>10</DataPoint>
<DataPoint>10</DataPoint>
<DataPoint>11</DataPoint>
<DataPoint>17</DataPoint>
<DataPoint>10</DataPoint>
<DataPoint>10</DataPoint>
<DataPoint>13</DataPoint>
<DataPoint>12</DataPoint>
<DataPoint>15</DataPoint>
<DataPoint>15</DataPoint>
<DataPoint>4</DataPoint>
<DataPoint>26</DataPoint>
<DataPoint>10</DataPoint>
<DataPoint>13</DataPoint>
<DataPoint>15</DataPoint>
<DataPoint>12</DataPoint>
<DataPoint>17</DataPoint>
<DataPoint>12</DataPoint>
<DataPoint>9</DataPoint>
<DataPoint>13</DataPoint>
<DataPoint>16</DataPoint>
<DataPoint>14</DataPoint>
<DataPoint>13</DataPoint>
<DataPoint>10</DataPoint>
<DataPoint>18</DataPoint>
<DataPoint>16</DataPoint>
<DataPoint>12</DataPoint>
<DataPoint>17</DataPoint>
<DataPoint>15</DataPoint>
<DataPoint>10</DataPoint>
<DataPoint>9</DataPoint>
<DataPoint>11</DataPoint>
<DataPoint>11</DataPoint>
<DataPoint>13</DataPoint>
<DataPoint>13</DataPoint>
<DataPoint>16</DataPoint>
<DataPoint>6</DataPoint>
<DataPoint>13</DataPoint>
<DataPoint>9</DataPoint>
<DataPoint>10</DataPoint>
<DataPoint>14</DataPoint>
<DataPoint>12</DataPoint>
<DataPoint>12</DataPoint>
<DataPoint>7</DataPoint>
<DataPoint>8</DataPoint>
<DataPoint>13</DataPoint>
<DataPoint>8</DataPoint>
<DataPoint>14</DataPoint>
<DataPoint>10</DataPoint>
<DataPoint>7</DataPoint>
<DataPoint>13</DataPoint>
<DataPoint>8</DataPoint>
<DataPoint>11</DataPoint>
<DataPoint>4</DataPoint>
<DataPoint>4</DataPoint>
<DataPoint>4</DataPoint>
<DataPoint>4</DataPoint>
<DataPoint>9</DataPoint>
<DataPoint>7</DataPoint>
<DataPoint>9</DataPoint>
<DataPoint>7</DataPoint>
<DataPoint>9</DataPoint>
<DataPoint>4</DataPoint>
<DataPoint>4</DataPoint>
<DataPoint>14</DataPoint>
<DataPoint>9</DataPoint>
<DataPoint>6</DataPoint>
<DataPoint>9</DataPoint>
<DataPoint>7</DataPoint>
<DataPoint>11</DataPoint>
<DataPoint>2</DataPoint>
<DataPoint>8</DataPoint>
<DataPoint>9</DataPoint>
<DataPoint>5</DataPoint>
<DataPoint>7</DataPoint>
<DataPoint>6</DataPoint>
<DataPoint>9</DataPoint>
<DataPoint>7</DataPoint>
<DataPoint>5</DataPoint>
<DataPoint>4</DataPoint>
<DataPoint>5</DataPoint>
<DataPoint>3</DataPoint>
<DataPoint>4</DataPoint>
<DataPoint>9</DataPoint>
<DataPoint>10</DataPoint>
<DataPoint>5</DataPoint>
<DataPoint>6</DataPoint>
<DataPoint>5</DataPoint>
<DataPoint>4</DataPoint>
<DataPoint>8</DataPoint>
<DataPoint>8</DataPoint>
<DataPoint>8</DataPoint>
<DataPoint>8</DataPoint>
<DataPoint>7</DataPoint>
<DataPoint>6</DataPoint>
<DataPoint>6</DataPoint>
<DataPoint>9</DataPoint>
<DataPoint>7</DataPoint>
<DataPoint>2</DataPoint>
<DataPoint>6</DataPoint>
<DataPoint>6</DataPoint>
<DataPoint>3</DataPoint>
<DataPoint>6</DataPoint>
<DataPoint>2</DataPoint>
<DataPoint>9</DataPoint>
<DataPoint>12</DataPoint>
<DataPoint>8</DataPoint>
<DataPoint>7</DataPoint>
<DataPoint>6</DataPoint>
<DataPoint>5</DataPoint>
<DataPoint>12</DataPoint>
<DataPoint>6</DataPoint>
<DataPoint>2</DataPoint>
<DataPoint>6</DataPoint>
<DataPoint>13</DataPoint>
<DataPoint>10</DataPoint>
<DataPoint>11</DataPoint>
<DataPoint>3</DataPoint>
<DataPoint>10</DataPoint>
<DataPoint>14</DataPoint>
<DataPoint>6</DataPoint>
<DataPoint>6</DataPoint>
<DataPoint>6</DataPoint>
<DataPoint>6</DataPoint>
<DataPoint>7</DataPoint>
<DataPoint>4</DataPoint>
<DataPoint>9</DataPoint>
<DataPoint>9</DataPoint>
<DataPoint>11</DataPoint>
<DataPoint>6</DataPoint>
<DataPoint>7</DataPoint>
<DataPoint>10</DataPoint>
<DataPoint>4</DataPoint>
<DataPoint>7</DataPoint>
<DataPoint>6</DataPoint>
<DataPoint>3</DataPoint>
<DataPoint>8</DataPoint>
<DataPoint>6</DataPoint>
<DataPoint>5</DataPoint>
<DataPoint>9</DataPoint>
<DataPoint>5</DataPoint>
<DataPoint>8</DataPoint>
<DataPoint>9</DataPoint>
<DataPoint>3</DataPoint>
<DataPoint>7</DataPoint>
<DataPoint>6</DataPoint>
<DataPoint>5</DataPoint>
<DataPoint>5</DataPoint>
<DataPoint>6</DataPoint>
<DataPoint>4</DataPoint>
<DataPoint>6</DataPoint>
<DataPoint>6</DataPoint>
<DataPoint>3</DataPoint>
<DataPoint>10</DataPoint>
<DataPoint>6</DataPoint>
<DataPoint>5</DataPoint>
<DataPoint>6</DataPoint>
<DataPoint>1</DataPoint>
<DataPoint>3</DataPoint>
<DataPoint>3</DataPoint>
<DataPoint>5</DataPoint>
<DataPoint>3</DataPoint>
<DataPoint>7</DataPoint>
<DataPoint>4</DataPoint>
<DataPoint>7</DataPoint>
<DataPoint>6</DataPoint>
<DataPoint>4</DataPoint>
<DataPoint>5</DataPoint>
<DataPoint>7</DataPoint>
<DataPoint>6</DataPoint>
<DataPoint>7</DataPoint>
<DataPoint>4</DataPoint>
<DataPoint>6</DataPoint>
<DataPoint>3</DataPoint>
<DataPoint>4</DataPoint>
<DataPoint>5</DataPoint>
<DataPoint>3</DataPoint>
<DataPoint>2</DataPoint>
<DataPoint>4</DataPoint>
<DataPoint>3</DataPoint>
<DataPoint>6</DataPoint>
<DataPoint>2</DataPoint>
<DataPoint>2</DataPoint>
<DataPoint>3</DataPoint>
<DataPoint>6</DataPoint>
<DataPoint>1</DataPoint>
<DataPoint>8</DataPoint>
<DataPoint>5</DataPoint>
<DataPoint>3</DataPoint>
<DataPoint>2</DataPoint>
<DataPoint>2</DataPoint>
<DataPoint>3</DataPoint>
<DataPoint>6</DataPoint>
<DataPoint>4</DataPoint>
<DataPoint>2</DataPoint>
<DataPoint>3</DataPoint>
<DataPoint>3</DataPoint>
<DataPoint>1</DataPoint>
<DataPoint>6</DataPoint>
<DataPoint>4</DataPoint>
<DataPoint>1</DataPoint>
<DataPoint>3</DataPoint>
<DataPoint>5</DataPoint>
<DataPoint>4</DataPoint>
<DataPoint>0</DataPoint>
<DataPoint>3</DataPoint>
<DataPoint>4</DataPoint>
<DataPoint>3</DataPoint>
<DataPoint>6</DataPoint>
<DataPoint>4</DataPoint>
<DataPoint>5</DataPoint>
<DataPoint>3</DataPoint>
<DataPoint>3</DataPoint>
<DataPoint>1</DataPoint>
<DataPoint>5</DataPoint>
<DataPoint>4</DataPoint>
<DataPoint>3</DataPoint>
<DataPoint>4</DataPoint>
<DataPoint>3</DataPoint>
<DataPoint>2</DataPoint>
<DataPoint>3</DataPoint>
<DataPoint>3</DataPoint>
<DataPoint>3</DataPoint>
<DataPoint>3</DataPoint>
<DataPoint>1</DataPoint>
<DataPoint>3</DataPoint>
<DataPoint>7</DataPoint>
<DataPoint>1</DataPoint>
<DataPoint>2</DataPoint>
<DataPoint>2</DataPoint>
<DataPoint>1</DataPoint>
<DataPoint>3</DataPoint>
<DataPoint>1</DataPoint>
<DataPoint>6</DataPoint>
<DataPoint>1</DataPoint>
<DataPoint>1</DataPoint>
<DataPoint>2</DataPoint>
<DataPoint>5</DataPoint>
<DataPoint>1</DataPoint>
<DataPoint>7</DataPoint>
<DataPoint>2</DataPoint>
<DataPoint>3</DataPoint>
<DataPoint>2</DataPoint>
<DataPoint>3</DataPoint>
<DataPoint>2</DataPoint>
<DataPoint>0</DataPoint>
<DataPoint>4</DataPoint>
<DataPoint>1</DataPoint>
<DataPoint>1</DataPoint>
<DataPoint>3</DataPoint>
<DataPoint>4</DataPoint>
<DataPoint>2</DataPoint>
<DataPoint>1</DataPoint>
<DataPoint>6</DataPoint>
<DataPoint>7</DataPoint>
<DataPoint>0</DataPoint>
<DataPoint>5</DataPoint>
<DataPoint>3</DataPoint>
<DataPoint>1</DataPoint>
<DataPoint>3</DataPoint>
<DataPoint>5</DataPoint>
<DataPoint>0</DataPoint>
<DataPoint>1</DataPoint>
<DataPoint>1</DataPoint>
<DataPoint>2</DataPoint>
<DataPoint>4</DataPoint>
<DataPoint>3</DataPoint>
<DataPoint>0</DataPoint>
<DataPoint>1</DataPoint>
<DataPoint>3</DataPoint>
<DataPoint>2</DataPoint>
<DataPoint>2</DataPoint>
<DataPoint>2</DataPoint>
<DataPoint>3</DataPoint>
<DataPoint>2</DataPoint>
<DataPoint>0</DataPoint>
<DataPoint>2</DataPoint>
<DataPoint>1</DataPoint>
<DataPoint>1</DataPoint>
<DataPoint>3</DataPoint>
<DataPoint>3</DataPoint>
<DataPoint>0</DataPoint>
<DataPoint>2</DataPoint>
<DataPoint>1</DataPoint>
<DataPoint>4</DataPoint>
<DataPoint>2</DataPoint>
<DataPoint>3</DataPoint>
<DataPoint>4</DataPoint>
<DataPoint>1</DataPoint>
<DataPoint>1</DataPoint>
<DataPoint>2</DataPoint>
<DataPoint>2</DataPoint>
<DataPoint>2</DataPoint>
<DataPoint>2</DataPoint>
<DataPoint>4</DataPoint>
<DataPoint>1</DataPoint>
<DataPoint>0</DataPoint>
<DataPoint>2</DataPoint>
<DataPoint>2</DataPoint>
<DataPoint>2</DataPoint>
<DataPoint>3</DataPoint>
<DataPoint>0</DataPoint>
<DataPoint>1</DataPoint>
<DataPoint>1</DataPoint>
<DataPoint>4</DataPoint>
<DataPoint>5</DataPoint>
<DataPoint>3</DataPoint>
<DataPoint>4</DataPoint>
<DataPoint>0</DataPoint>
<DataPoint>1</DataPoint>
<DataPoint>2</DataPoint>
<DataPoint>2</DataPoint>
<DataPoint>4</DataPoint>
<DataPoint>5</DataPoint>
<DataPoint>1</DataPoint>
<DataPoint>1</DataPoint>
<DataPoint>0</DataPoint>
<DataPoint>3</DataPoint>
<DataPoint>3</DataPoint>
<DataPoint>1</DataPoint>
<DataPoint>4</DataPoint>
<DataPoint>2</DataPoint>
<DataPoint>3</DataPoint>
<DataPoint>1</DataPoint>
<DataPoint>0</DataPoint>
<DataPoint>2</DataPoint>
<DataPoint>3</DataPoint>
<DataPoint>1</DataPoint>
<DataPoint>2</DataPoint>
<DataPoint>2</DataPoint>
<DataPoint>0</DataPoint>
<DataPoint>1</DataPoint>
<DataPoint>4</DataPoint>
<DataPoint>3</DataPoint>
<DataPoint>3</DataPoint>
<DataPoint>3</DataPoint>
<DataPoint>0</DataPoint>
<DataPoint>2</DataPoint>
<DataPoint>4</DataPoint>
<DataPoint>1</DataPoint>
<DataPoint>4</DataPoint>
<DataPoint>2</DataPoint>
<DataPoint>3</DataPoint>
<DataPoint>5</DataPoint>
<DataPoint>2</DataPoint>
<DataPoint>3</DataPoint>
<DataPoint>3</DataPoint>
<DataPoint>3</DataPoint>
<DataPoint>2</DataPoint>
<DataPoint>2</DataPoint>
<DataPoint>4</DataPoint>
<DataPoint>1</DataPoint>
<DataPoint>1</DataPoint>
<DataPoint>1</DataPoint>
<DataPoint>0</DataPoint>
<DataPoint>1</DataPoint>
<DataPoint>3</DataPoint>
<DataPoint>1</DataPoint>
<DataPoint>1</DataPoint>
<DataPoint>1</DataPoint>
<DataPoint>3</DataPoint>
<DataPoint>1</DataPoint>
<DataPoint>1</DataPoint>
<DataPoint>1</DataPoint>
<DataPoint>0</DataPoint>
<DataPoint>1</DataPoint>
<DataPoint>5</DataPoint>
<DataPoint>1</DataPoint>
<DataPoint>0</DataPoint>
<DataPoint>3</DataPoint>
<DataPoint>4</DataPoint>
<DataPoint>1</DataPoint>
<DataPoint>0</DataPoint>
<DataPoint>0</DataPoint>
<DataPoint>3</DataPoint>
<DataPoint>1</DataPoint>
<DataPoint>3</DataPoint>
<DataPoint>2</DataPoint>
<DataPoint>2</DataPoint>
<DataPoint>2</DataPoint>
<DataPoint>0</DataPoint>
<DataPoint>1</DataPoint>
<DataPoint>3</DataPoint>
<DataPoint>1</DataPoint>
<DataPoint>1</DataPoint>
<DataPoint>2</DataPoint>
<DataPoint>1</DataPoint>
<DataPoint>1</DataPoint>
<DataPoint>1</DataPoint>
<DataPoint>0</DataPoint>
<DataPoint>0</DataPoint>
<DataPoint>1</DataPoint>
<DataPoint>1</DataPoint>
<DataPoint>0</DataPoint>
<DataPoint>1</DataPoint>
<DataPoint>7</DataPoint>
<DataPoint>0</DataPoint>
<DataPoint>1</DataPoint>
<DataPoint>1</DataPoint>
<DataPoint>0</DataPoint>
<DataPoint>0</DataPoint>
<DataPoint>0</DataPoint>
<DataPoint>0</DataPoint>
<DataPoint>2</DataPoint>
<DataPoint>1</DataPoint>
<DataPoint>1</DataPoint>
<DataPoint>3</DataPoint>
<DataPoint>4</DataPoint>
<DataPoint>0</DataPoint>
<DataPoint>0</DataPoint>
<DataPoint>1</DataPoint>
<DataPoint>0</DataPoint>
<DataPoint>2</DataPoint>
<DataPoint>3</DataPoint>
<DataPoint>2</DataPoint>
<DataPoint>1</DataPoint>
<DataPoint>0</DataPoint>
<DataPoint>2</DataPoint>
<DataPoint>0</DataPoint>
<DataPoint>3</DataPoint>
<DataPoint>1</DataPoint>
<DataPoint>2</DataPoint>
<DataPoint>2</DataPoint>
<DataPoint>1</DataPoint>
<DataPoint>1</DataPoint>
<DataPoint>1</DataPoint>
<DataPoint>1</DataPoint>
<DataPoint>1</DataPoint>
<DataPoint>2</DataPoint>
<DataPoint>1</DataPoint>
<DataPoint>4</DataPoint>
<DataPoint>3</DataPoint>
<DataPoint>2</DataPoint>
<DataPoint>0</DataPoint>
<DataPoint>1</DataPoint>
<DataPoint>1</DataPoint>
<DataPoint>1</DataPoint>
<DataPoint>1</DataPoint>
<DataPoint>1</DataPoint>
<DataPoint>7</DataPoint>
<DataPoint>2</DataPoint>
<DataPoint>3</DataPoint>
<DataPoint>0</DataPoint>
<DataPoint>1</DataPoint>
<DataPoint>3</DataPoint>
<DataPoint>3</DataPoint>
<DataPoint>0</DataPoint>
<DataPoint>1</DataPoint>
<DataPoint>0</DataPoint>
<DataPoint>0</DataPoint>
<DataPoint>1</DataPoint>
<DataPoint>2</DataPoint>
<DataPoint>0</DataPoint>
<DataPoint>0</DataPoint>
<DataPoint>0</DataPoint>
<DataPoint>2</DataPoint>
<DataPoint>1</DataPoint>
<DataPoint>1</DataPoint>
<DataPoint>2</DataPoint>
<DataPoint>0</DataPoint>
<DataPoint>0</DataPoint>
<DataPoint>2</DataPoint>
<DataPoint>1</DataPoint>
<DataPoint>1</DataPoint>
<DataPoint>0</DataPoint>
<DataPoint>1</DataPoint>
<DataPoint>0</DataPoint>
<DataPoint>1</DataPoint>
<DataPoint>0</DataPoint>
<DataPoint>1</DataPoint>
<DataPoint>1</DataPoint>
<DataPoint>3</DataPoint>
<DataPoint>3</DataPoint>
<DataPoint>2</DataPoint>
<DataPoint>0</DataPoint>
<DataPoint>1</DataPoint>
<DataPoint>0</DataPoint>
<DataPoint>0</DataPoint>
<DataPoint>1</DataPoint>
<DataPoint>2</DataPoint>
<DataPoint>3</DataPoint>
<DataPoint>2</DataPoint>
<DataPoint>1</DataPoint>
<DataPoint>3</DataPoint>
<DataPoint>2</DataPoint>
<DataPoint>2</DataPoint>
<DataPoint>1</DataPoint>
<DataPoint>0</DataPoint>
<DataPoint>3</DataPoint>
<DataPoint>2</DataPoint>
<DataPoint>1</DataPoint>
<DataPoint>0</DataPoint>
<DataPoint>3</DataPoint>
<DataPoint>1</DataPoint>
<DataPoint>2</DataPoint>
<DataPoint>0</DataPoint>
<DataPoint>3</DataPoint>
<DataPoint>2</DataPoint>
<DataPoint>2</DataPoint>
<DataPoint>2</DataPoint>
<DataPoint>0</DataPoint>
<DataPoint>0</DataPoint>
<DataPoint>1</DataPoint>
<DataPoint>2</DataPoint>
<DataPoint>3</DataPoint>
<DataPoint>1</DataPoint>
<DataPoint>0</DataPoint>
<DataPoint>4</DataPoint>
<DataPoint>1</DataPoint>
<DataPoint>1</DataPoint>
<DataPoint>2</DataPoint>
<DataPoint>0</DataPoint>
<DataPoint>0</DataPoint>
<DataPoint>0</DataPoint>
<DataPoint>0</DataPoint>
<DataPoint>3</DataPoint>
<DataPoint>4</DataPoint>
<DataPoint>1</DataPoint>
<DataPoint>0</DataPoint>
<DataPoint>3</DataPoint>
<DataPoint>1</DataPoint>
<DataPoint>2</DataPoint>
<DataPoint>1</DataPoint>
<DataPoint>1</DataPoint>
<DataPoint>2</DataPoint>
<DataPoint>0</DataPoint>
<DataPoint>3</DataPoint>
<DataPoint>2</DataPoint>
<DataPoint>0</DataPoint>
<DataPoint>3</DataPoint>
<DataPoint>0</DataPoint>
<DataPoint>2</DataPoint>
<DataPoint>1</DataPoint>
<DataPoint>1</DataPoint>
<DataPoint>1</DataPoint>
<DataPoint>3</DataPoint>
<DataPoint>2</DataPoint>
<DataPoint>1</DataPoint>
<DataPoint>1</DataPoint>
<DataPoint>1</DataPoint>
<DataPoint>2</DataPoint>
<DataPoint>1</DataPoint>
<DataPoint>2</DataPoint>
<DataPoint>0</DataPoint>
<DataPoint>3</DataPoint>
<DataPoint>1</DataPoint>
<DataPoint>2</DataPoint>
<DataPoint>0</DataPoint>
<DataPoint>1</DataPoint>
<DataPoint>4</DataPoint>
<DataPoint>3</DataPoint>
<DataPoint>1</DataPoint>
<DataPoint>2</DataPoint>
<DataPoint>1</DataPoint>
<DataPoint>0</DataPoint>
<DataPoint>0</DataPoint>
<DataPoint>1</DataPoint>
<DataPoint>4</DataPoint>
<DataPoint>2</DataPoint>
<DataPoint>3</DataPoint>
<DataPoint>2</DataPoint>
<DataPoint>2</DataPoint>
<DataPoint>1</DataPoint>
<DataPoint>1</DataPoint>
<DataPoint>2</DataPoint>
<DataPoint>1</DataPoint>
<DataPoint>2</DataPoint>
<DataPoint>0</DataPoint>
<DataPoint>2</DataPoint>
<DataPoint>0</DataPoint>
<DataPoint>2</DataPoint>
<DataPoint>0</DataPoint>
<DataPoint>2</DataPoint>
<DataPoint>4</DataPoint>
<DataPoint>2</DataPoint>
<DataPoint>1</DataPoint>
<DataPoint>3</DataPoint>
<DataPoint>2</DataPoint>
<DataPoint>3</DataPoint>
<DataPoint>2</DataPoint>
<DataPoint>1</DataPoint>
<DataPoint>3</DataPoint>
<DataPoint>1</DataPoint>
<DataPoint>3</DataPoint>
<DataPoint>5</DataPoint>
<DataPoint>2</DataPoint>
<DataPoint>2</DataPoint>
<DataPoint>1</DataPoint>
<DataPoint>1</DataPoint>
<DataPoint>1</DataPoint>
<DataPoint>3</DataPoint>
<DataPoint>2</DataPoint>
<DataPoint>1</DataPoint>
<DataPoint>2</DataPoint>
<DataPoint>1</DataPoint>
<DataPoint>2</DataPoint>
<DataPoint>2</DataPoint>
<DataPoint>3</DataPoint>
<DataPoint>3</DataPoint>
<DataPoint>2</DataPoint>
<DataPoint>5</DataPoint>
<DataPoint>1</DataPoint>
<DataPoint>5</DataPoint>
<DataPoint>3</DataPoint>
<DataPoint>0</DataPoint>
<DataPoint>2</DataPoint>
<DataPoint>1</DataPoint>
<DataPoint>1</DataPoint>
<DataPoint>3</DataPoint>
<DataPoint>2</DataPoint>
<DataPoint>2</DataPoint>
<DataPoint>4</DataPoint>
<DataPoint>2</DataPoint>
<DataPoint>3</DataPoint>
<DataPoint>4</DataPoint>
<DataPoint>3</DataPoint>
<DataPoint>0</DataPoint>
<DataPoint>2</DataPoint>
<DataPoint>4</DataPoint>
<DataPoint>3</DataPoint>
<DataPoint>2</DataPoint>
<DataPoint>4</DataPoint>
<DataPoint>1</DataPoint>
<DataPoint>1</DataPoint>
<DataPoint>578</DataPoint>

  </Spectrum>
 </BackgroundEnergySpectrum>


      <Visible>true</Visible>
      <PulseCollection>
        <Format>Base64 encoded binary</Format>
        <Pulses />
      </PulseCollection>
    </ResultData>
  </ResultDataList>
</ResultDataFile>
