<?xml version="1.0"?>
<ResultDataFile xmlns:xsd="http://www.w3.org/2001/XMLSchema" xmlns:xsi="http://www.w3.org/2001/XMLSchema-instance">
  <FormatVersion>120920</FormatVersion>
  <ResultDataList>
    <ResultData>
      <DeviceConfigReference>
        <Name>RadiaCode-101</Name>
      </DeviceConfigReference>
      <BackgroundSpectrumFile>Combined background</BackgroundSpectrumFile>

       <StartTime>2022-04-05T13:06:09</StartTime>
 <EndTime>2022-04-05T13:16:28</EndTime>

 <EnergySpectrum>
  <NumberOfChannels>256</NumberOfChannels>
  <SpectrumName>Dosemap.org Cs-137 OSGI source</SpectrumName>
  <SerialNumber>RC-101-000000</SerialNumber>
  <EnergyCalibration>
    <PolynomialOrder>2</PolynomialOrder>
    <Coefficients>
      <Coefficient>3.9137063</Coefficient>
      <Coefficient>9.032395</Coefficient>
      <Coefficient>0.014142612</Coefficient>
    </Coefficients>
  </EnergyCalibration>
  <MeasurementTime>619</MeasurementTime>
  <Spectrum>
    <DataPoint>0</DataPoint>
<DataPoint>0</DataPoint>
<DataPoint>9860</DataPoint>
<DataPoint>16445</DataPoint>
<DataPoint>14406</DataPoint>
<DataPoint>3564</DataPoint>
<DataPoint>2794</DataPoint>
<DataPoint>2875</DataPoint>
<DataPoint>2857</DataPoint>
<DataPoint>2829</DataPoint>
<DataPoint>2713</DataPoint>
<DataPoint>2681</DataPoint>
<DataPoint>2723</DataPoint>
<DataPoint>2724</DataPoint>
<DataPoint>2540</DataPoint>
<DataPoint>2527</DataPoint>
<DataPoint>2675</DataPoint>
<DataPoint>2612</DataPoint>
<DataPoint>2717</DataPoint>
<DataPoint>2994</DataPoint>
<DataPoint>3413</DataPoint>
<DataPoint>3711</DataPoint>
<DataPoint>3520</DataPoint>
<DataPoint>3146</DataPoint>
<DataPoint>2946</DataPoint>
<DataPoint>2736</DataPoint>
<DataPoint>2553</DataPoint>
<DataPoint>2433</DataPoint>
<DataPoint>2356</DataPoint>
<DataPoint>2310</DataPoint>
<DataPoint>2247</DataPoint>
<DataPoint>2094</DataPoint>
<DataPoint>2112</DataPoint>
<DataPoint>2026</DataPoint>
<DataPoint>2202</DataPoint>
<DataPoint>2047</DataPoint>
<DataPoint>2075</DataPoint>
<DataPoint>2095</DataPoint>
<DataPoint>2231</DataPoint>
<DataPoint>2222</DataPoint>
<DataPoint>2250</DataPoint>
<DataPoint>2318</DataPoint>
<DataPoint>2453</DataPoint>
<DataPoint>2471</DataPoint>
<DataPoint>2541</DataPoint>
<DataPoint>2417</DataPoint>
<DataPoint>2308</DataPoint>
<DataPoint>2007</DataPoint>
<DataPoint>1457</DataPoint>
<DataPoint>1049</DataPoint>
<DataPoint>760</DataPoint>
<DataPoint>524</DataPoint>
<DataPoint>342</DataPoint>
<DataPoint>277</DataPoint>
<DataPoint>252</DataPoint>
<DataPoint>203</DataPoint>
<DataPoint>175</DataPoint>
<DataPoint>159</DataPoint>
<DataPoint>162</DataPoint>
<DataPoint>243</DataPoint>
<DataPoint>381</DataPoint>
<DataPoint>701</DataPoint>
<DataPoint>1514</DataPoint>
<DataPoint>2792</DataPoint>
<DataPoint>4441</DataPoint>
<DataPoint>5494</DataPoint>
<DataPoint>5861</DataPoint>
<DataPoint>4931</DataPoint>
<DataPoint>3613</DataPoint>
<DataPoint>2016</DataPoint>
<DataPoint>1075</DataPoint>
<DataPoint>468</DataPoint>
<DataPoint>253</DataPoint>
<DataPoint>125</DataPoint>
<DataPoint>73</DataPoint>
<DataPoint>33</DataPoint>
<DataPoint>17</DataPoint>
<DataPoint>7</DataPoint>
<DataPoint>2</DataPoint>
<DataPoint>4</DataPoint>
<DataPoint>0</DataPoint>
<DataPoint>1</DataPoint>
<DataPoint>0</DataPoint>
<DataPoint>3</DataPoint>
<DataPoint>3</DataPoint>
<DataPoint>5</DataPoint>
<DataPoint>3</DataPoint>
<DataPoint>2</DataPoint>
<DataPoint>0</DataPoint>
<DataPoint>1</DataPoint>
<DataPoint>3</DataPoint>
<DataPoint>0</DataPoint>
<DataPoint>1</DataPoint>
<DataPoint>1</DataPoint>
<DataPoint>1</DataPoint>
<DataPoint>1</DataPoint>
<DataPoint>3</DataPoint>
<DataPoint>1</DataPoint>
<DataPoint>3</DataPoint>
<DataPoint>3</DataPoint>
<DataPoint>1</DataPoint>
<DataPoint>1</DataPoint>
<DataPoint>0</DataPoint>
<DataPoint>1</DataPoint>
<DataPoint>0</DataPoint>
<DataPoint>1</DataPoint>
<DataPoint>1</DataPoint>
<DataPoint>0</DataPoint>
<DataPoint>0</DataPoint>
<DataPoint>1</DataPoint>
<DataPoint>0</DataPoint>
<DataPoint>1</DataPoint>
<DataPoint>3</DataPoint>
<DataPoint>1</DataPoint>
<DataPoint>0</DataPoint>
<DataPoint>2</DataPoint>
<DataPoint>1</DataPoint>
<DataPoint>0</DataPoint>
<DataPoint>1</DataPoint>
<DataPoint>1</DataPoint>
<DataPoint>0</DataPoint>
<DataPoint>0</DataPoint>
<DataPoint>0</DataPoint>
<DataPoint>1</DataPoint>
<DataPoint>1</DataPoint>
<DataPoint>0</DataPoint>
<DataPoint>0</DataPoint>
<DataPoint>0</DataPoint>
<DataPoint>1</DataPoint>
<DataPoint>1</DataPoint>
<DataPoint>0</DataPoint>
<DataPoint>1</DataPoint>
<DataPoint>0</DataPoint>
<DataPoint>1</DataPoint>
<DataPoint>0</DataPoint>
<DataPoint>1</DataPoint>
<DataPoint>0</DataPoint>
<DataPoint>1</DataPoint>
<DataPoint>0</DataPoint>
<DataPoint>2</DataPoint>
<DataPoint>0</DataPoint>
<DataPoint>1</DataPoint>
<DataPoint>0</DataPoint>
<DataPoint>2</DataPoint>
<DataPoint>0</DataPoint>
<DataPoint>0</DataPoint>
<DataPoint>0</DataPoint>
<DataPoint>0</DataPoint>
<DataPoint>0</DataPoint>
<DataPoint>0</DataPoint>
<DataPoint>1</DataPoint>
<DataPoint>0</DataPoint>
<DataPoint>0</DataPoint>
<DataPoint>1</DataPoint>
<DataPoint>0</DataPoint>
<DataPoint>0</DataPoint>
<DataPoint>0</DataPoint>
<DataPoint>0</DataPoint>
<DataPoint>0</DataPoint>
<DataPoint>0</DataPoint>
<DataPoint>0</DataPoint>
<DataPoint>0</DataPoint>
<DataPoint>2</DataPoint>
<DataPoint>0</DataPoint>
<DataPoint>0</DataPoint>
<DataPoint>0</DataPoint>
<DataPoint>0</DataPoint>
<DataPoint>0</DataPoint>
<DataPoint>1</DataPoint>
<DataPoint>0</DataPoint>
<DataPoint>0</DataPoint>
<DataPoint>0</DataPoint>
<DataPoint>0</DataPoint>
<DataPoint>0</DataPoint>
<DataPoint>0</DataPoint>
<DataPoint>0</DataPoint>
<DataPoint>0</DataPoint>
<DataPoint>0</DataPoint>
<DataPoint>0</DataPoint>
<DataPoint>0</DataPoint>
<DataPoint>0</DataPoint>
<DataPoint>0</DataPoint>
<DataPoint>0</DataPoint>
<DataPoint>0</DataPoint>
<DataPoint>0</DataPoint>
<DataPoint>0</DataPoint>
<DataPoint>1</DataPoint>
<DataPoint>0</DataPoint>
<DataPoint>0</DataPoint>
<DataPoint>1</DataPoint>
<DataPoint>0</DataPoint>
<DataPoint>0</DataPoint>
<DataPoint>1</DataPoint>
<DataPoint>0</DataPoint>
<DataPoint>0</DataPoint>
<DataPoint>0</DataPoint>
<DataPoint>1</DataPoint>
<DataPoint>0</DataPoint>
<DataPoint>0</DataPoint>
<DataPoint>0</DataPoint>
<DataPoint>0</DataPoint>
<DataPoint>0</DataPoint>
<DataPoint>0</DataPoint>
<DataPoint>0</DataPoint>
<DataPoint>0</DataPoint>
<DataPoint>0</DataPoint>
<DataPoint>0</DataPoint>
<DataPoint>0</DataPoint>
<DataPoint>0</DataPoint>
<DataPoint>0</DataPoint>
<DataPoint>0</DataPoint>
<DataPoint>0</DataPoint>
<DataPoint>0</DataPoint>
<DataPoint>0</DataPoint>
<DataPoint>0</DataPoint>
<DataPoint>0</DataPoint>
<DataPoint>0</DataPoint>
<DataPoint>0</DataPoint>
<DataPoint>0</DataPoint>
<DataPoint>0</DataPoint>
<DataPoint>0</DataPoint>
<DataPoint>0</DataPoint>
<DataPoint>0</DataPoint>
<DataPoint>0</DataPoint>
<DataPoint>0</DataPoint>
<DataPoint>0</DataPoint>
<DataPoint>0</DataPoint>
<DataPoint>0</DataPoint>
<DataPoint>0</DataPoint>
<DataPoint>0</DataPoint>
<DataPoint>1</DataPoint>
<DataPoint>0</DataPoint>
<DataPoint>0</DataPoint>
<DataPoint>0</DataPoint>
<DataPoint>0</DataPoint>
<DataPoint>0</DataPoint>
<DataPoint>0</DataPoint>
<DataPoint>0</DataPoint>
<DataPoint>0</DataPoint>
<DataPoint>0</DataPoint>
<DataPoint>1</DataPoint>
<DataPoint>0</DataPoint>
<DataPoint>0</DataPoint>
<DataPoint>0</DataPoint>
<DataPoint>0</DataPoint>
<DataPoint>0</DataPoint>
<DataPoint>0</DataPoint>
<DataPoint>0</DataPoint>
<DataPoint>0</DataPoint>
<DataPoint>0</DataPoint>
<DataPoint>0</DataPoint>
<DataPoint>0</DataPoint>
<DataPoint>0</DataPoint>
<DataPoint>0</DataPoint>
<DataPoint>0</DataPoint>
<DataPoint>15</DataPoint>

  </Spectrum>
 </EnergySpectrum>


       <StartTime>2022-05-13T01:28:03</StartTime>
 <EndTime>2022-07-06T15:04:29</EndTime>

 <BackgroundEnergySpectrum>
  <NumberOfChannels>256</NumberOfChannels>
  <SpectrumName>Combined background</SpectrumName>
  <SerialNumber>RC-101-000000</SerialNumber>
  <EnergyCalibration>
    <PolynomialOrder>2</PolynomialOrder>
    <Coefficients>
      <Coefficient>3.91371</Coefficient>
      <Coefficient>9.15</Coefficient>
      <Coefficient>0.01414</Coefficient>
    </Coefficients>
  </EnergyCalibration>
  <MeasurementTime>4714586</MeasurementTime>
  <Spectrum>
    <DataPoint>0</DataPoint>
<DataPoint>0</DataPoint>
<DataPoint>166968</DataPoint>
<DataPoint>370450</DataPoint>
<DataPoint>544474</DataPoint>
<DataPoint>787800</DataPoint>
<DataPoint>1177949</DataPoint>
<DataPoint>1542278</DataPoint>
<DataPoint>1848882</DataPoint>
<DataPoint>1925377</DataPoint>
<DataPoint>1888996</DataPoint>
<DataPoint>1722858</DataPoint>
<DataPoint>1609651</DataPoint>
<DataPoint>1447584</DataPoint>
<DataPoint>1316270</DataPoint>
<DataPoint>1143029</DataPoint>
<DataPoint>1029438</DataPoint>
<DataPoint>891385</DataPoint>
<DataPoint>787556</DataPoint>
<DataPoint>685097</DataPoint>
<DataPoint>609838</DataPoint>
<DataPoint>528438</DataPoint>
<DataPoint>467370</DataPoint>
<DataPoint>405640</DataPoint>
<DataPoint>372018</DataPoint>
<DataPoint>330895</DataPoint>
<DataPoint>292619</DataPoint>
<DataPoint>247513</DataPoint>
<DataPoint>215347</DataPoint>
<DataPoint>188438</DataPoint>
<DataPoint>172462</DataPoint>
<DataPoint>151853</DataPoint>
<DataPoint>138734</DataPoint>
<DataPoint>122645</DataPoint>
<DataPoint>114105</DataPoint>
<DataPoint>108072</DataPoint>
<DataPoint>101753</DataPoint>
<DataPoint>92135</DataPoint>
<DataPoint>81056</DataPoint>
<DataPoint>71180</DataPoint>
<DataPoint>63087</DataPoint>
<DataPoint>56908</DataPoint>
<DataPoint>53588</DataPoint>
<DataPoint>50399</DataPoint>
<DataPoint>46488</DataPoint>
<DataPoint>43431</DataPoint>
<DataPoint>41661</DataPoint>
<DataPoint>39679</DataPoint>
<DataPoint>37107</DataPoint>
<DataPoint>35508</DataPoint>
<DataPoint>34456</DataPoint>
<DataPoint>33353</DataPoint>
<DataPoint>31517</DataPoint>
<DataPoint>29852</DataPoint>
<DataPoint>28738</DataPoint>
<DataPoint>28459</DataPoint>
<DataPoint>27259</DataPoint>
<DataPoint>27588</DataPoint>
<DataPoint>28478</DataPoint>
<DataPoint>28773</DataPoint>
<DataPoint>28588</DataPoint>
<DataPoint>27258</DataPoint>
<DataPoint>25671</DataPoint>
<DataPoint>23041</DataPoint>
<DataPoint>21253</DataPoint>
<DataPoint>19697</DataPoint>
<DataPoint>18578</DataPoint>
<DataPoint>17710</DataPoint>
<DataPoint>17115</DataPoint>
<DataPoint>15900</DataPoint>
<DataPoint>15755</DataPoint>
<DataPoint>15555</DataPoint>
<DataPoint>15279</DataPoint>
<DataPoint>14587</DataPoint>
<DataPoint>14587</DataPoint>
<DataPoint>13755</DataPoint>
<DataPoint>13692</DataPoint>
<DataPoint>13029</DataPoint>
<DataPoint>12943</DataPoint>
<DataPoint>12260</DataPoint>
<DataPoint>12140</DataPoint>
<DataPoint>11775</DataPoint>
<DataPoint>11928</DataPoint>
<DataPoint>11419</DataPoint>
<DataPoint>11419</DataPoint>
<DataPoint>11276</DataPoint>
<DataPoint>11417</DataPoint>
<DataPoint>11045</DataPoint>
<DataPoint>11193</DataPoint>
<DataPoint>11060</DataPoint>
<DataPoint>10490</DataPoint>
<DataPoint>10228</DataPoint>
<DataPoint>10315</DataPoint>
<DataPoint>9832</DataPoint>
<DataPoint>9631</DataPoint>
<DataPoint>9120</DataPoint>
<DataPoint>8847</DataPoint>
<DataPoint>8667</DataPoint>
<DataPoint>8468</DataPoint>
<DataPoint>8463</DataPoint>
<DataPoint>8399</DataPoint>
<DataPoint>8159</DataPoint>
<DataPoint>8524</DataPoint>
<DataPoint>8719</DataPoint>
<DataPoint>8624</DataPoint>
<DataPoint>8554</DataPoint>
<DataPoint>8621</DataPoint>
<DataPoint>8466</DataPoint>
<DataPoint>8372</DataPoint>
<DataPoint>8083</DataPoint>
<DataPoint>8011</DataPoint>
<DataPoint>7502</DataPoint>
<DataPoint>7151</DataPoint>
<DataPoint>6605</DataPoint>
<DataPoint>6225</DataPoint>
<DataPoint>5654</DataPoint>
<DataPoint>5306</DataPoint>
<DataPoint>4726</DataPoint>
<DataPoint>4589</DataPoint>
<DataPoint>4251</DataPoint>
<DataPoint>4064</DataPoint>
<DataPoint>3824</DataPoint>
<DataPoint>3858</DataPoint>
<DataPoint>3734</DataPoint>
<DataPoint>3686</DataPoint>
<DataPoint>3652</DataPoint>
<DataPoint>3688</DataPoint>
<DataPoint>3889</DataPoint>
<DataPoint>4294</DataPoint>
<DataPoint>4636</DataPoint>
<DataPoint>5070</DataPoint>
<DataPoint>5554</DataPoint>
<DataPoint>5551</DataPoint>
<DataPoint>5455</DataPoint>
<DataPoint>5188</DataPoint>
<DataPoint>4457</DataPoint>
<DataPoint>3871</DataPoint>
<DataPoint>3302</DataPoint>
<DataPoint>3003</DataPoint>
<DataPoint>2723</DataPoint>
<DataPoint>2651</DataPoint>
<DataPoint>2571</DataPoint>
<DataPoint>2682</DataPoint>
<DataPoint>2383</DataPoint>
<DataPoint>2237</DataPoint>
<DataPoint>2051</DataPoint>
<DataPoint>1804</DataPoint>
<DataPoint>1613</DataPoint>
<DataPoint>1631</DataPoint>
<DataPoint>1466</DataPoint>
<DataPoint>1574</DataPoint>
<DataPoint>1568</DataPoint>
<DataPoint>1682</DataPoint>
<DataPoint>1605</DataPoint>
<DataPoint>1637</DataPoint>
<DataPoint>1731</DataPoint>
<DataPoint>1711</DataPoint>
<DataPoint>1613</DataPoint>
<DataPoint>1512</DataPoint>
<DataPoint>1415</DataPoint>
<DataPoint>1421</DataPoint>
<DataPoint>1319</DataPoint>
<DataPoint>1289</DataPoint>
<DataPoint>1271</DataPoint>
<DataPoint>1243</DataPoint>
<DataPoint>1121</DataPoint>
<DataPoint>1130</DataPoint>
<DataPoint>1159</DataPoint>
<DataPoint>1105</DataPoint>
<DataPoint>1082</DataPoint>
<DataPoint>977</DataPoint>
<DataPoint>982</DataPoint>
<DataPoint>968</DataPoint>
<DataPoint>914</DataPoint>
<DataPoint>983</DataPoint>
<DataPoint>930</DataPoint>
<DataPoint>965</DataPoint>
<DataPoint>925</DataPoint>
<DataPoint>933</DataPoint>
<DataPoint>958</DataPoint>
<DataPoint>976</DataPoint>
<DataPoint>935</DataPoint>
<DataPoint>1001</DataPoint>
<DataPoint>959</DataPoint>
<DataPoint>953</DataPoint>
<DataPoint>1057</DataPoint>
<DataPoint>921</DataPoint>
<DataPoint>952</DataPoint>
<DataPoint>905</DataPoint>
<DataPoint>852</DataPoint>
<DataPoint>913</DataPoint>
<DataPoint>864</DataPoint>
<DataPoint>838</DataPoint>
<DataPoint>860</DataPoint>
<DataPoint>796</DataPoint>
<DataPoint>734</DataPoint>
<DataPoint>767</DataPoint>
<DataPoint>671</DataPoint>
<DataPoint>710</DataPoint>
<DataPoint>618</DataPoint>
<DataPoint>598</DataPoint>
<DataPoint>529</DataPoint>
<DataPoint>545</DataPoint>
<DataPoint>505</DataPoint>
<DataPoint>487</DataPoint>
<DataPoint>462</DataPoint>
<DataPoint>435</DataPoint>
<DataPoint>413</DataPoint>
<DataPoint>404</DataPoint>
<DataPoint>463</DataPoint>
<DataPoint>430</DataPoint>
<DataPoint>442</DataPoint>
<DataPoint>499</DataPoint>
<DataPoint>511</DataPoint>
<DataPoint>585</DataPoint>
<DataPoint>586</DataPoint>
<DataPoint>571</DataPoint>
<DataPoint>539</DataPoint>
<DataPoint>514</DataPoint>
<DataPoint>454</DataPoint>
<DataPoint>415</DataPoint>
<DataPoint>419</DataPoint>
<DataPoint>357</DataPoint>
<DataPoint>307</DataPoint>
<DataPoint>313</DataPoint>
<DataPoint>352</DataPoint>
<DataPoint>332</DataPoint>
<DataPoint>324</DataPoint>
<DataPoint>311</DataPoint>
<DataPoint>326</DataPoint>
<DataPoint>307</DataPoint>
<DataPoint>305</DataPoint>
<DataPoint>295</DataPoint>
<DataPoint>254</DataPoint>
<DataPoint>313</DataPoint>
<DataPoint>301</DataPoint>
<DataPoint>259</DataPoint>
<DataPoint>269</DataPoint>
<DataPoint>314</DataPoint>
<DataPoint>313</DataPoint>
<DataPoint>259</DataPoint>
<DataPoint>270</DataPoint>
<DataPoint>287</DataPoint>
<DataPoint>317</DataPoint>
<DataPoint>280</DataPoint>
<DataPoint>277</DataPoint>
<DataPoint>281</DataPoint>
<DataPoint>294</DataPoint>
<DataPoint>247</DataPoint>
<DataPoint>264</DataPoint>
<DataPoint>267</DataPoint>
<DataPoint>232</DataPoint>
<DataPoint>263</DataPoint>
<DataPoint>240</DataPoint>
<DataPoint>256</DataPoint>
<DataPoint>84103</DataPoint>

  </Spectrum>
 </BackgroundEnergySpectrum>


      <Visible>true</Visible>
      <PulseCollection>
        <Format>Base64 encoded binary</Format>
        <Pulses />
      </PulseCollection>
    </ResultData>
  </ResultDataList>
</ResultDataFile>
