<?xml version="1.0" encoding="UTF-8"?>
<metadata xml:lang="en"><Esri><CreaDate>20180906</CreaDate><CreaTime>09280400</CreaTime><ArcGISFormat>1.0</ArcGISFormat><SyncOnce>TRUE</SyncOnce><DataProperties><lineage><Process ToolSource="c:\program files (x86)\arcgis\desktop10.5\ArcToolbox\Toolboxes\Conversion Tools.tbx\PointToRaster" Date="20180906" Time="092804">PointToRaster Estimated_U_in_10x10km_grid_GISCO U G:\TGDR_working\raster_usoil MEAN U 10000</Process></lineage></DataProperties></Esri></metadata>
