<?xml version="1.0"?>
<ResultDataFile xmlns:xsd="http://www.w3.org/2001/XMLSchema" xmlns:xsi="http://www.w3.org/2001/XMLSchema-instance">
  <FormatVersion>120920</FormatVersion>
  <ResultDataList>
    <ResultData>
      <DeviceConfigReference>
        <Name>RadiaCode-101</Name>
      </DeviceConfigReference>
      <BackgroundSpectrumFile></BackgroundSpectrumFile>

       <StartTime>2022-04-22T04:34:01</StartTime>
 <EndTime>2022-04-22T07:57:27</EndTime>

 <EnergySpectrum>
  <NumberOfChannels>256</NumberOfChannels>
  <SpectrumName>2022-04-22 sochi msk</SpectrumName>
  <SerialNumber>RC-101-000544</SerialNumber>
  <EnergyCalibration>
    <PolynomialOrder>2</PolynomialOrder>
    <Coefficients>
      <Coefficient>-0.74289</Coefficient>
      <Coefficient>10.9</Coefficient>
      <Coefficient>0.00663</Coefficient>
    </Coefficients>
  </EnergyCalibration>
  <MeasurementTime>12206</MeasurementTime>
  <Spectrum>
    <DataPoint>0</DataPoint>
<DataPoint>0</DataPoint>
<DataPoint>1006</DataPoint>
<DataPoint>2934</DataPoint>
<DataPoint>4604</DataPoint>
<DataPoint>6557</DataPoint>
<DataPoint>8526</DataPoint>
<DataPoint>9780</DataPoint>
<DataPoint>10176</DataPoint>
<DataPoint>9875</DataPoint>
<DataPoint>8891</DataPoint>
<DataPoint>7940</DataPoint>
<DataPoint>7080</DataPoint>
<DataPoint>6289</DataPoint>
<DataPoint>5412</DataPoint>
<DataPoint>4706</DataPoint>
<DataPoint>4031</DataPoint>
<DataPoint>3574</DataPoint>
<DataPoint>3193</DataPoint>
<DataPoint>2725</DataPoint>
<DataPoint>2311</DataPoint>
<DataPoint>1961</DataPoint>
<DataPoint>1682</DataPoint>
<DataPoint>1625</DataPoint>
<DataPoint>1322</DataPoint>
<DataPoint>1261</DataPoint>
<DataPoint>1041</DataPoint>
<DataPoint>974</DataPoint>
<DataPoint>790</DataPoint>
<DataPoint>776</DataPoint>
<DataPoint>653</DataPoint>
<DataPoint>629</DataPoint>
<DataPoint>583</DataPoint>
<DataPoint>488</DataPoint>
<DataPoint>430</DataPoint>
<DataPoint>424</DataPoint>
<DataPoint>407</DataPoint>
<DataPoint>368</DataPoint>
<DataPoint>317</DataPoint>
<DataPoint>342</DataPoint>
<DataPoint>276</DataPoint>
<DataPoint>319</DataPoint>
<DataPoint>317</DataPoint>
<DataPoint>321</DataPoint>
<DataPoint>319</DataPoint>
<DataPoint>320</DataPoint>
<DataPoint>312</DataPoint>
<DataPoint>295</DataPoint>
<DataPoint>277</DataPoint>
<DataPoint>259</DataPoint>
<DataPoint>216</DataPoint>
<DataPoint>235</DataPoint>
<DataPoint>186</DataPoint>
<DataPoint>166</DataPoint>
<DataPoint>158</DataPoint>
<DataPoint>147</DataPoint>
<DataPoint>132</DataPoint>
<DataPoint>138</DataPoint>
<DataPoint>126</DataPoint>
<DataPoint>145</DataPoint>
<DataPoint>146</DataPoint>
<DataPoint>125</DataPoint>
<DataPoint>114</DataPoint>
<DataPoint>91</DataPoint>
<DataPoint>114</DataPoint>
<DataPoint>112</DataPoint>
<DataPoint>102</DataPoint>
<DataPoint>95</DataPoint>
<DataPoint>106</DataPoint>
<DataPoint>118</DataPoint>
<DataPoint>111</DataPoint>
<DataPoint>102</DataPoint>
<DataPoint>82</DataPoint>
<DataPoint>101</DataPoint>
<DataPoint>91</DataPoint>
<DataPoint>88</DataPoint>
<DataPoint>88</DataPoint>
<DataPoint>89</DataPoint>
<DataPoint>89</DataPoint>
<DataPoint>93</DataPoint>
<DataPoint>95</DataPoint>
<DataPoint>89</DataPoint>
<DataPoint>99</DataPoint>
<DataPoint>89</DataPoint>
<DataPoint>74</DataPoint>
<DataPoint>82</DataPoint>
<DataPoint>96</DataPoint>
<DataPoint>103</DataPoint>
<DataPoint>87</DataPoint>
<DataPoint>87</DataPoint>
<DataPoint>100</DataPoint>
<DataPoint>87</DataPoint>
<DataPoint>91</DataPoint>
<DataPoint>71</DataPoint>
<DataPoint>83</DataPoint>
<DataPoint>77</DataPoint>
<DataPoint>97</DataPoint>
<DataPoint>69</DataPoint>
<DataPoint>64</DataPoint>
<DataPoint>80</DataPoint>
<DataPoint>68</DataPoint>
<DataPoint>69</DataPoint>
<DataPoint>78</DataPoint>
<DataPoint>83</DataPoint>
<DataPoint>81</DataPoint>
<DataPoint>82</DataPoint>
<DataPoint>77</DataPoint>
<DataPoint>84</DataPoint>
<DataPoint>61</DataPoint>
<DataPoint>81</DataPoint>
<DataPoint>71</DataPoint>
<DataPoint>82</DataPoint>
<DataPoint>72</DataPoint>
<DataPoint>76</DataPoint>
<DataPoint>68</DataPoint>
<DataPoint>75</DataPoint>
<DataPoint>83</DataPoint>
<DataPoint>72</DataPoint>
<DataPoint>79</DataPoint>
<DataPoint>64</DataPoint>
<DataPoint>60</DataPoint>
<DataPoint>66</DataPoint>
<DataPoint>92</DataPoint>
<DataPoint>59</DataPoint>
<DataPoint>78</DataPoint>
<DataPoint>55</DataPoint>
<DataPoint>67</DataPoint>
<DataPoint>65</DataPoint>
<DataPoint>59</DataPoint>
<DataPoint>50</DataPoint>
<DataPoint>57</DataPoint>
<DataPoint>54</DataPoint>
<DataPoint>44</DataPoint>
<DataPoint>50</DataPoint>
<DataPoint>58</DataPoint>
<DataPoint>58</DataPoint>
<DataPoint>62</DataPoint>
<DataPoint>52</DataPoint>
<DataPoint>48</DataPoint>
<DataPoint>64</DataPoint>
<DataPoint>45</DataPoint>
<DataPoint>88</DataPoint>
<DataPoint>56</DataPoint>
<DataPoint>52</DataPoint>
<DataPoint>58</DataPoint>
<DataPoint>55</DataPoint>
<DataPoint>47</DataPoint>
<DataPoint>58</DataPoint>
<DataPoint>51</DataPoint>
<DataPoint>46</DataPoint>
<DataPoint>54</DataPoint>
<DataPoint>53</DataPoint>
<DataPoint>52</DataPoint>
<DataPoint>66</DataPoint>
<DataPoint>55</DataPoint>
<DataPoint>56</DataPoint>
<DataPoint>61</DataPoint>
<DataPoint>48</DataPoint>
<DataPoint>43</DataPoint>
<DataPoint>61</DataPoint>
<DataPoint>44</DataPoint>
<DataPoint>41</DataPoint>
<DataPoint>53</DataPoint>
<DataPoint>51</DataPoint>
<DataPoint>54</DataPoint>
<DataPoint>53</DataPoint>
<DataPoint>59</DataPoint>
<DataPoint>53</DataPoint>
<DataPoint>58</DataPoint>
<DataPoint>64</DataPoint>
<DataPoint>57</DataPoint>
<DataPoint>58</DataPoint>
<DataPoint>49</DataPoint>
<DataPoint>47</DataPoint>
<DataPoint>54</DataPoint>
<DataPoint>53</DataPoint>
<DataPoint>63</DataPoint>
<DataPoint>49</DataPoint>
<DataPoint>51</DataPoint>
<DataPoint>47</DataPoint>
<DataPoint>40</DataPoint>
<DataPoint>49</DataPoint>
<DataPoint>34</DataPoint>
<DataPoint>54</DataPoint>
<DataPoint>42</DataPoint>
<DataPoint>47</DataPoint>
<DataPoint>55</DataPoint>
<DataPoint>63</DataPoint>
<DataPoint>54</DataPoint>
<DataPoint>45</DataPoint>
<DataPoint>40</DataPoint>
<DataPoint>47</DataPoint>
<DataPoint>42</DataPoint>
<DataPoint>42</DataPoint>
<DataPoint>55</DataPoint>
<DataPoint>46</DataPoint>
<DataPoint>39</DataPoint>
<DataPoint>51</DataPoint>
<DataPoint>43</DataPoint>
<DataPoint>39</DataPoint>
<DataPoint>43</DataPoint>
<DataPoint>52</DataPoint>
<DataPoint>41</DataPoint>
<DataPoint>45</DataPoint>
<DataPoint>39</DataPoint>
<DataPoint>41</DataPoint>
<DataPoint>55</DataPoint>
<DataPoint>39</DataPoint>
<DataPoint>39</DataPoint>
<DataPoint>37</DataPoint>
<DataPoint>47</DataPoint>
<DataPoint>36</DataPoint>
<DataPoint>45</DataPoint>
<DataPoint>47</DataPoint>
<DataPoint>45</DataPoint>
<DataPoint>48</DataPoint>
<DataPoint>29</DataPoint>
<DataPoint>42</DataPoint>
<DataPoint>53</DataPoint>
<DataPoint>52</DataPoint>
<DataPoint>61</DataPoint>
<DataPoint>57</DataPoint>
<DataPoint>46</DataPoint>
<DataPoint>53</DataPoint>
<DataPoint>65</DataPoint>
<DataPoint>69</DataPoint>
<DataPoint>65</DataPoint>
<DataPoint>55</DataPoint>
<DataPoint>68</DataPoint>
<DataPoint>80</DataPoint>
<DataPoint>66</DataPoint>
<DataPoint>96</DataPoint>
<DataPoint>77</DataPoint>
<DataPoint>65</DataPoint>
<DataPoint>79</DataPoint>
<DataPoint>86</DataPoint>
<DataPoint>82</DataPoint>
<DataPoint>94</DataPoint>
<DataPoint>78</DataPoint>
<DataPoint>100</DataPoint>
<DataPoint>90</DataPoint>
<DataPoint>82</DataPoint>
<DataPoint>102</DataPoint>
<DataPoint>104</DataPoint>
<DataPoint>96</DataPoint>
<DataPoint>131</DataPoint>
<DataPoint>107</DataPoint>
<DataPoint>115</DataPoint>
<DataPoint>116</DataPoint>
<DataPoint>129</DataPoint>
<DataPoint>124</DataPoint>
<DataPoint>149</DataPoint>
<DataPoint>146</DataPoint>
<DataPoint>151</DataPoint>
<DataPoint>139</DataPoint>
<DataPoint>10748</DataPoint>

  </Spectrum>
 </EnergySpectrum>


      

      <Visible>true</Visible>
      <PulseCollection>
        <Format>Base64 encoded binary</Format>
        <Pulses />
      </PulseCollection>
    </ResultData>
  </ResultDataList>
</ResultDataFile>
