<?xml version="1.0"?>
<ResultDataFile xmlns:xsd="http://www.w3.org/2001/XMLSchema" xmlns:xsi="http://www.w3.org/2001/XMLSchema-instance">
  <FormatVersion>120920</FormatVersion>
  <ResultDataList>
    <ResultData>
      <DeviceConfigReference>
        <Name>RadiaCode-101</Name>
      </DeviceConfigReference>
      <BackgroundSpectrumFile></BackgroundSpectrumFile>

       <StartTime>2022-05-17T03:37:25</StartTime>
 <EndTime>2022-05-17T16:22:50</EndTime>

 <EnergySpectrum>
  <NumberOfChannels>256</NumberOfChannels>
  <SpectrumName>K-40</SpectrumName>
  <SerialNumber>RC-101-000544</SerialNumber>
  <EnergyCalibration>
    <PolynomialOrder>2</PolynomialOrder>
    <Coefficients>
      <Coefficient>-0.74289</Coefficient>
      <Coefficient>10.9</Coefficient>
      <Coefficient>0.00663</Coefficient>
    </Coefficients>
  </EnergyCalibration>
  <MeasurementTime>45925</MeasurementTime>
  <Spectrum>
    <DataPoint>0</DataPoint>
<DataPoint>0</DataPoint>
<DataPoint>1811</DataPoint>
<DataPoint>5233</DataPoint>
<DataPoint>7474</DataPoint>
<DataPoint>10726</DataPoint>
<DataPoint>14711</DataPoint>
<DataPoint>18430</DataPoint>
<DataPoint>20337</DataPoint>
<DataPoint>20182</DataPoint>
<DataPoint>19285</DataPoint>
<DataPoint>17718</DataPoint>
<DataPoint>15789</DataPoint>
<DataPoint>13905</DataPoint>
<DataPoint>12471</DataPoint>
<DataPoint>10682</DataPoint>
<DataPoint>9426</DataPoint>
<DataPoint>8110</DataPoint>
<DataPoint>7182</DataPoint>
<DataPoint>6208</DataPoint>
<DataPoint>5600</DataPoint>
<DataPoint>4962</DataPoint>
<DataPoint>4532</DataPoint>
<DataPoint>4049</DataPoint>
<DataPoint>3467</DataPoint>
<DataPoint>2945</DataPoint>
<DataPoint>2617</DataPoint>
<DataPoint>2455</DataPoint>
<DataPoint>2113</DataPoint>
<DataPoint>1932</DataPoint>
<DataPoint>1674</DataPoint>
<DataPoint>1581</DataPoint>
<DataPoint>1447</DataPoint>
<DataPoint>1291</DataPoint>
<DataPoint>1227</DataPoint>
<DataPoint>1080</DataPoint>
<DataPoint>1027</DataPoint>
<DataPoint>911</DataPoint>
<DataPoint>847</DataPoint>
<DataPoint>875</DataPoint>
<DataPoint>862</DataPoint>
<DataPoint>759</DataPoint>
<DataPoint>736</DataPoint>
<DataPoint>703</DataPoint>
<DataPoint>703</DataPoint>
<DataPoint>609</DataPoint>
<DataPoint>581</DataPoint>
<DataPoint>579</DataPoint>
<DataPoint>559</DataPoint>
<DataPoint>517</DataPoint>
<DataPoint>570</DataPoint>
<DataPoint>552</DataPoint>
<DataPoint>509</DataPoint>
<DataPoint>536</DataPoint>
<DataPoint>511</DataPoint>
<DataPoint>467</DataPoint>
<DataPoint>478</DataPoint>
<DataPoint>478</DataPoint>
<DataPoint>456</DataPoint>
<DataPoint>436</DataPoint>
<DataPoint>427</DataPoint>
<DataPoint>405</DataPoint>
<DataPoint>426</DataPoint>
<DataPoint>401</DataPoint>
<DataPoint>404</DataPoint>
<DataPoint>388</DataPoint>
<DataPoint>372</DataPoint>
<DataPoint>370</DataPoint>
<DataPoint>343</DataPoint>
<DataPoint>374</DataPoint>
<DataPoint>359</DataPoint>
<DataPoint>369</DataPoint>
<DataPoint>347</DataPoint>
<DataPoint>338</DataPoint>
<DataPoint>355</DataPoint>
<DataPoint>350</DataPoint>
<DataPoint>337</DataPoint>
<DataPoint>327</DataPoint>
<DataPoint>338</DataPoint>
<DataPoint>329</DataPoint>
<DataPoint>346</DataPoint>
<DataPoint>346</DataPoint>
<DataPoint>329</DataPoint>
<DataPoint>309</DataPoint>
<DataPoint>349</DataPoint>
<DataPoint>363</DataPoint>
<DataPoint>342</DataPoint>
<DataPoint>332</DataPoint>
<DataPoint>337</DataPoint>
<DataPoint>368</DataPoint>
<DataPoint>351</DataPoint>
<DataPoint>332</DataPoint>
<DataPoint>350</DataPoint>
<DataPoint>333</DataPoint>
<DataPoint>364</DataPoint>
<DataPoint>349</DataPoint>
<DataPoint>375</DataPoint>
<DataPoint>370</DataPoint>
<DataPoint>361</DataPoint>
<DataPoint>412</DataPoint>
<DataPoint>361</DataPoint>
<DataPoint>341</DataPoint>
<DataPoint>336</DataPoint>
<DataPoint>318</DataPoint>
<DataPoint>300</DataPoint>
<DataPoint>277</DataPoint>
<DataPoint>256</DataPoint>
<DataPoint>244</DataPoint>
<DataPoint>208</DataPoint>
<DataPoint>168</DataPoint>
<DataPoint>149</DataPoint>
<DataPoint>135</DataPoint>
<DataPoint>106</DataPoint>
<DataPoint>103</DataPoint>
<DataPoint>103</DataPoint>
<DataPoint>98</DataPoint>
<DataPoint>112</DataPoint>
<DataPoint>120</DataPoint>
<DataPoint>136</DataPoint>
<DataPoint>159</DataPoint>
<DataPoint>174</DataPoint>
<DataPoint>193</DataPoint>
<DataPoint>228</DataPoint>
<DataPoint>233</DataPoint>
<DataPoint>243</DataPoint>
<DataPoint>240</DataPoint>
<DataPoint>220</DataPoint>
<DataPoint>207</DataPoint>
<DataPoint>173</DataPoint>
<DataPoint>138</DataPoint>
<DataPoint>145</DataPoint>
<DataPoint>79</DataPoint>
<DataPoint>70</DataPoint>
<DataPoint>66</DataPoint>
<DataPoint>57</DataPoint>
<DataPoint>44</DataPoint>
<DataPoint>34</DataPoint>
<DataPoint>18</DataPoint>
<DataPoint>22</DataPoint>
<DataPoint>24</DataPoint>
<DataPoint>28</DataPoint>
<DataPoint>23</DataPoint>
<DataPoint>14</DataPoint>
<DataPoint>18</DataPoint>
<DataPoint>24</DataPoint>
<DataPoint>22</DataPoint>
<DataPoint>21</DataPoint>
<DataPoint>14</DataPoint>
<DataPoint>14</DataPoint>
<DataPoint>9</DataPoint>
<DataPoint>14</DataPoint>
<DataPoint>14</DataPoint>
<DataPoint>17</DataPoint>
<DataPoint>15</DataPoint>
<DataPoint>14</DataPoint>
<DataPoint>11</DataPoint>
<DataPoint>7</DataPoint>
<DataPoint>15</DataPoint>
<DataPoint>15</DataPoint>
<DataPoint>11</DataPoint>
<DataPoint>13</DataPoint>
<DataPoint>11</DataPoint>
<DataPoint>11</DataPoint>
<DataPoint>9</DataPoint>
<DataPoint>5</DataPoint>
<DataPoint>7</DataPoint>
<DataPoint>8</DataPoint>
<DataPoint>7</DataPoint>
<DataPoint>12</DataPoint>
<DataPoint>10</DataPoint>
<DataPoint>7</DataPoint>
<DataPoint>8</DataPoint>
<DataPoint>7</DataPoint>
<DataPoint>6</DataPoint>
<DataPoint>12</DataPoint>
<DataPoint>10</DataPoint>
<DataPoint>7</DataPoint>
<DataPoint>10</DataPoint>
<DataPoint>13</DataPoint>
<DataPoint>11</DataPoint>
<DataPoint>7</DataPoint>
<DataPoint>12</DataPoint>
<DataPoint>3</DataPoint>
<DataPoint>5</DataPoint>
<DataPoint>8</DataPoint>
<DataPoint>4</DataPoint>
<DataPoint>9</DataPoint>
<DataPoint>4</DataPoint>
<DataPoint>2</DataPoint>
<DataPoint>6</DataPoint>
<DataPoint>7</DataPoint>
<DataPoint>10</DataPoint>
<DataPoint>7</DataPoint>
<DataPoint>4</DataPoint>
<DataPoint>4</DataPoint>
<DataPoint>1</DataPoint>
<DataPoint>2</DataPoint>
<DataPoint>4</DataPoint>
<DataPoint>2</DataPoint>
<DataPoint>5</DataPoint>
<DataPoint>5</DataPoint>
<DataPoint>1</DataPoint>
<DataPoint>1</DataPoint>
<DataPoint>5</DataPoint>
<DataPoint>2</DataPoint>
<DataPoint>1</DataPoint>
<DataPoint>1</DataPoint>
<DataPoint>2</DataPoint>
<DataPoint>4</DataPoint>
<DataPoint>2</DataPoint>
<DataPoint>7</DataPoint>
<DataPoint>3</DataPoint>
<DataPoint>7</DataPoint>
<DataPoint>3</DataPoint>
<DataPoint>2</DataPoint>
<DataPoint>1</DataPoint>
<DataPoint>4</DataPoint>
<DataPoint>3</DataPoint>
<DataPoint>2</DataPoint>
<DataPoint>1</DataPoint>
<DataPoint>2</DataPoint>
<DataPoint>3</DataPoint>
<DataPoint>4</DataPoint>
<DataPoint>7</DataPoint>
<DataPoint>3</DataPoint>
<DataPoint>4</DataPoint>
<DataPoint>2</DataPoint>
<DataPoint>5</DataPoint>
<DataPoint>2</DataPoint>
<DataPoint>3</DataPoint>
<DataPoint>2</DataPoint>
<DataPoint>6</DataPoint>
<DataPoint>3</DataPoint>
<DataPoint>6</DataPoint>
<DataPoint>4</DataPoint>
<DataPoint>6</DataPoint>
<DataPoint>3</DataPoint>
<DataPoint>2</DataPoint>
<DataPoint>4</DataPoint>
<DataPoint>2</DataPoint>
<DataPoint>6</DataPoint>
<DataPoint>1</DataPoint>
<DataPoint>2</DataPoint>
<DataPoint>4</DataPoint>
<DataPoint>7</DataPoint>
<DataPoint>4</DataPoint>
<DataPoint>4</DataPoint>
<DataPoint>3</DataPoint>
<DataPoint>5</DataPoint>
<DataPoint>8</DataPoint>
<DataPoint>4</DataPoint>
<DataPoint>11</DataPoint>
<DataPoint>10</DataPoint>
<DataPoint>4</DataPoint>
<DataPoint>7</DataPoint>
<DataPoint>539</DataPoint>

  </Spectrum>
 </EnergySpectrum>


      

      <Visible>true</Visible>
      <PulseCollection>
        <Format>Base64 encoded binary</Format>
        <Pulses />
      </PulseCollection>
    </ResultData>
  </ResultDataList>
</ResultDataFile>
