<?xml version="1.0"?>
<ResultDataFile xmlns:xsd="http://www.w3.org/2001/XMLSchema" xmlns:xsi="http://www.w3.org/2001/XMLSchema-instance">
  <FormatVersion>120920</FormatVersion>
  <ResultDataList>
    <ResultData>
      <DeviceConfigReference>
        <Name>RadiaCode-101</Name>
      </DeviceConfigReference>
      <BackgroundSpectrumFile></BackgroundSpectrumFile>

       <StartTime>2022-05-17T17:54:47</StartTime>
 <EndTime>2022-05-18T15:57:25</EndTime>

 <EnergySpectrum>
  <NumberOfChannels>256</NumberOfChannels>
  <SpectrumName>Thorium</SpectrumName>
  <SerialNumber>RC-101-000544</SerialNumber>
  <EnergyCalibration>
    <PolynomialOrder>2</PolynomialOrder>
    <Coefficients>
      <Coefficient>-0.74289</Coefficient>
      <Coefficient>10.9</Coefficient>
      <Coefficient>0.00663</Coefficient>
    </Coefficients>
  </EnergyCalibration>
  <MeasurementTime>79358</MeasurementTime>
  <Spectrum>
    <DataPoint>0</DataPoint>
<DataPoint>0</DataPoint>
<DataPoint>32037</DataPoint>
<DataPoint>102606</DataPoint>
<DataPoint>148358</DataPoint>
<DataPoint>173946</DataPoint>
<DataPoint>243949</DataPoint>
<DataPoint>403545</DataPoint>
<DataPoint>517324</DataPoint>
<DataPoint>443969</DataPoint>
<DataPoint>296294</DataPoint>
<DataPoint>192434</DataPoint>
<DataPoint>148660</DataPoint>
<DataPoint>134002</DataPoint>
<DataPoint>121943</DataPoint>
<DataPoint>108141</DataPoint>
<DataPoint>97231</DataPoint>
<DataPoint>92005</DataPoint>
<DataPoint>91542</DataPoint>
<DataPoint>98046</DataPoint>
<DataPoint>112308</DataPoint>
<DataPoint>137327</DataPoint>
<DataPoint>161610</DataPoint>
<DataPoint>167419</DataPoint>
<DataPoint>138039</DataPoint>
<DataPoint>103005</DataPoint>
<DataPoint>73532</DataPoint>
<DataPoint>58760</DataPoint>
<DataPoint>48952</DataPoint>
<DataPoint>45897</DataPoint>
<DataPoint>45530</DataPoint>
<DataPoint>44944</DataPoint>
<DataPoint>42002</DataPoint>
<DataPoint>37875</DataPoint>
<DataPoint>32431</DataPoint>
<DataPoint>27423</DataPoint>
<DataPoint>21733</DataPoint>
<DataPoint>18756</DataPoint>
<DataPoint>16826</DataPoint>
<DataPoint>16285</DataPoint>
<DataPoint>15124</DataPoint>
<DataPoint>14867</DataPoint>
<DataPoint>14900</DataPoint>
<DataPoint>15067</DataPoint>
<DataPoint>14599</DataPoint>
<DataPoint>14912</DataPoint>
<DataPoint>14837</DataPoint>
<DataPoint>15348</DataPoint>
<DataPoint>15006</DataPoint>
<DataPoint>15479</DataPoint>
<DataPoint>16017</DataPoint>
<DataPoint>18088</DataPoint>
<DataPoint>18154</DataPoint>
<DataPoint>18250</DataPoint>
<DataPoint>17767</DataPoint>
<DataPoint>16839</DataPoint>
<DataPoint>14414</DataPoint>
<DataPoint>12559</DataPoint>
<DataPoint>10867</DataPoint>
<DataPoint>10088</DataPoint>
<DataPoint>8718</DataPoint>
<DataPoint>8298</DataPoint>
<DataPoint>8070</DataPoint>
<DataPoint>7872</DataPoint>
<DataPoint>7709</DataPoint>
<DataPoint>7566</DataPoint>
<DataPoint>7123</DataPoint>
<DataPoint>6897</DataPoint>
<DataPoint>6319</DataPoint>
<DataPoint>5976</DataPoint>
<DataPoint>5638</DataPoint>
<DataPoint>5411</DataPoint>
<DataPoint>5112</DataPoint>
<DataPoint>4870</DataPoint>
<DataPoint>4767</DataPoint>
<DataPoint>4894</DataPoint>
<DataPoint>5136</DataPoint>
<DataPoint>5218</DataPoint>
<DataPoint>5501</DataPoint>
<DataPoint>5779</DataPoint>
<DataPoint>5826</DataPoint>
<DataPoint>5969</DataPoint>
<DataPoint>5940</DataPoint>
<DataPoint>5592</DataPoint>
<DataPoint>5420</DataPoint>
<DataPoint>4980</DataPoint>
<DataPoint>4604</DataPoint>
<DataPoint>4001</DataPoint>
<DataPoint>3511</DataPoint>
<DataPoint>3120</DataPoint>
<DataPoint>2817</DataPoint>
<DataPoint>2587</DataPoint>
<DataPoint>2432</DataPoint>
<DataPoint>2268</DataPoint>
<DataPoint>2248</DataPoint>
<DataPoint>2008</DataPoint>
<DataPoint>2088</DataPoint>
<DataPoint>2008</DataPoint>
<DataPoint>2039</DataPoint>
<DataPoint>1942</DataPoint>
<DataPoint>1872</DataPoint>
<DataPoint>1793</DataPoint>
<DataPoint>1775</DataPoint>
<DataPoint>1797</DataPoint>
<DataPoint>1733</DataPoint>
<DataPoint>1717</DataPoint>
<DataPoint>1623</DataPoint>
<DataPoint>1579</DataPoint>
<DataPoint>1608</DataPoint>
<DataPoint>1536</DataPoint>
<DataPoint>1522</DataPoint>
<DataPoint>1515</DataPoint>
<DataPoint>1427</DataPoint>
<DataPoint>1458</DataPoint>
<DataPoint>1458</DataPoint>
<DataPoint>1423</DataPoint>
<DataPoint>1393</DataPoint>
<DataPoint>1269</DataPoint>
<DataPoint>1320</DataPoint>
<DataPoint>1227</DataPoint>
<DataPoint>1235</DataPoint>
<DataPoint>1264</DataPoint>
<DataPoint>1233</DataPoint>
<DataPoint>1349</DataPoint>
<DataPoint>1232</DataPoint>
<DataPoint>1295</DataPoint>
<DataPoint>1324</DataPoint>
<DataPoint>1390</DataPoint>
<DataPoint>1396</DataPoint>
<DataPoint>1501</DataPoint>
<DataPoint>1655</DataPoint>
<DataPoint>1720</DataPoint>
<DataPoint>1737</DataPoint>
<DataPoint>1845</DataPoint>
<DataPoint>1854</DataPoint>
<DataPoint>1914</DataPoint>
<DataPoint>1744</DataPoint>
<DataPoint>1680</DataPoint>
<DataPoint>1533</DataPoint>
<DataPoint>1376</DataPoint>
<DataPoint>1324</DataPoint>
<DataPoint>1164</DataPoint>
<DataPoint>1107</DataPoint>
<DataPoint>1022</DataPoint>
<DataPoint>1006</DataPoint>
<DataPoint>992</DataPoint>
<DataPoint>902</DataPoint>
<DataPoint>940</DataPoint>
<DataPoint>871</DataPoint>
<DataPoint>857</DataPoint>
<DataPoint>919</DataPoint>
<DataPoint>910</DataPoint>
<DataPoint>844</DataPoint>
<DataPoint>798</DataPoint>
<DataPoint>822</DataPoint>
<DataPoint>810</DataPoint>
<DataPoint>780</DataPoint>
<DataPoint>785</DataPoint>
<DataPoint>752</DataPoint>
<DataPoint>788</DataPoint>
<DataPoint>740</DataPoint>
<DataPoint>736</DataPoint>
<DataPoint>747</DataPoint>
<DataPoint>756</DataPoint>
<DataPoint>780</DataPoint>
<DataPoint>798</DataPoint>
<DataPoint>754</DataPoint>
<DataPoint>835</DataPoint>
<DataPoint>749</DataPoint>
<DataPoint>776</DataPoint>
<DataPoint>864</DataPoint>
<DataPoint>841</DataPoint>
<DataPoint>844</DataPoint>
<DataPoint>857</DataPoint>
<DataPoint>842</DataPoint>
<DataPoint>889</DataPoint>
<DataPoint>836</DataPoint>
<DataPoint>904</DataPoint>
<DataPoint>821</DataPoint>
<DataPoint>888</DataPoint>
<DataPoint>842</DataPoint>
<DataPoint>855</DataPoint>
<DataPoint>768</DataPoint>
<DataPoint>822</DataPoint>
<DataPoint>787</DataPoint>
<DataPoint>799</DataPoint>
<DataPoint>737</DataPoint>
<DataPoint>748</DataPoint>
<DataPoint>700</DataPoint>
<DataPoint>694</DataPoint>
<DataPoint>604</DataPoint>
<DataPoint>575</DataPoint>
<DataPoint>516</DataPoint>
<DataPoint>522</DataPoint>
<DataPoint>452</DataPoint>
<DataPoint>399</DataPoint>
<DataPoint>351</DataPoint>
<DataPoint>305</DataPoint>
<DataPoint>318</DataPoint>
<DataPoint>275</DataPoint>
<DataPoint>282</DataPoint>
<DataPoint>247</DataPoint>
<DataPoint>255</DataPoint>
<DataPoint>293</DataPoint>
<DataPoint>273</DataPoint>
<DataPoint>272</DataPoint>
<DataPoint>313</DataPoint>
<DataPoint>301</DataPoint>
<DataPoint>330</DataPoint>
<DataPoint>318</DataPoint>
<DataPoint>324</DataPoint>
<DataPoint>291</DataPoint>
<DataPoint>252</DataPoint>
<DataPoint>227</DataPoint>
<DataPoint>219</DataPoint>
<DataPoint>191</DataPoint>
<DataPoint>152</DataPoint>
<DataPoint>124</DataPoint>
<DataPoint>135</DataPoint>
<DataPoint>102</DataPoint>
<DataPoint>83</DataPoint>
<DataPoint>74</DataPoint>
<DataPoint>65</DataPoint>
<DataPoint>58</DataPoint>
<DataPoint>40</DataPoint>
<DataPoint>47</DataPoint>
<DataPoint>44</DataPoint>
<DataPoint>41</DataPoint>
<DataPoint>33</DataPoint>
<DataPoint>27</DataPoint>
<DataPoint>29</DataPoint>
<DataPoint>27</DataPoint>
<DataPoint>19</DataPoint>
<DataPoint>24</DataPoint>
<DataPoint>14</DataPoint>
<DataPoint>16</DataPoint>
<DataPoint>19</DataPoint>
<DataPoint>19</DataPoint>
<DataPoint>11</DataPoint>
<DataPoint>23</DataPoint>
<DataPoint>14</DataPoint>
<DataPoint>16</DataPoint>
<DataPoint>6</DataPoint>
<DataPoint>15</DataPoint>
<DataPoint>17</DataPoint>
<DataPoint>15</DataPoint>
<DataPoint>10</DataPoint>
<DataPoint>17</DataPoint>
<DataPoint>8</DataPoint>
<DataPoint>8</DataPoint>
<DataPoint>12</DataPoint>
<DataPoint>11</DataPoint>
<DataPoint>13</DataPoint>
<DataPoint>8</DataPoint>
<DataPoint>13</DataPoint>
<DataPoint>937</DataPoint>

  </Spectrum>
 </EnergySpectrum>


      

      <Visible>true</Visible>
      <PulseCollection>
        <Format>Base64 encoded binary</Format>
        <Pulses />
      </PulseCollection>
    </ResultData>
  </ResultDataList>
</ResultDataFile>
