<?xml version="1.0"?>
<ResultDataFile xmlns:xsd="http://www.w3.org/2001/XMLSchema" xmlns:xsi="http://www.w3.org/2001/XMLSchema-instance">
  <FormatVersion>120920</FormatVersion>
  <ResultDataList>
    <ResultData>
      <DeviceConfigReference>
        <Name>RadiaCode-101</Name>
      </DeviceConfigReference>
      <SampleInfo>
        <Name><![CDATA[Sediment_Danube-2024-03-02  13-22-16]]></Name>
        <Note><![CDATA[]]></Note>
      </SampleInfo>
      <BackgroundSpectrumFile>Background1</BackgroundSpectrumFile>

       <StartTime>2024-03-01T10:35:41</StartTime>
 <EndTime>2024-03-02T06:36:05</EndTime>

 <EnergySpectrum>
  <NumberOfChannels>1024</NumberOfChannels>
  <ChannelPitch>1</ChannelPitch>
  <SpectrumName><![CDATA[Sediment_Danube-2024-03-02  13-22-16]]></SpectrumName>
  <Comment>@Comment</Comment>
  <SerialNumber>RC-101-001920</SerialNumber>
  <EnergyCalibration>
    <PolynomialOrder>2</PolynomialOrder>
    <Coefficients>
      <Coefficient>4.6426802</Coefficient>
      <Coefficient>2.29144</Coefficient>
      <Coefficient>0.00097</Coefficient>
    </Coefficients>
  </EnergyCalibration>
  <MeasurementTime>72024</MeasurementTime>
  <Spectrum>
    <DataPoint>0</DataPoint>
<DataPoint>0</DataPoint>
<DataPoint>0</DataPoint>
<DataPoint>0</DataPoint>
<DataPoint>0</DataPoint>
<DataPoint>0</DataPoint>
<DataPoint>0</DataPoint>
<DataPoint>0</DataPoint>
<DataPoint>0</DataPoint>
<DataPoint>0</DataPoint>
<DataPoint>0</DataPoint>
<DataPoint>0</DataPoint>
<DataPoint>12</DataPoint>
<DataPoint>113</DataPoint>
<DataPoint>285</DataPoint>
<DataPoint>538</DataPoint>
<DataPoint>779</DataPoint>
<DataPoint>978</DataPoint>
<DataPoint>1167</DataPoint>
<DataPoint>1340</DataPoint>
<DataPoint>1611</DataPoint>
<DataPoint>1847</DataPoint>
<DataPoint>1952</DataPoint>
<DataPoint>2297</DataPoint>
<DataPoint>2543</DataPoint>
<DataPoint>2882</DataPoint>
<DataPoint>3237</DataPoint>
<DataPoint>3507</DataPoint>
<DataPoint>3905</DataPoint>
<DataPoint>4326</DataPoint>
<DataPoint>4712</DataPoint>
<DataPoint>4908</DataPoint>
<DataPoint>5493</DataPoint>
<DataPoint>5656</DataPoint>
<DataPoint>6012</DataPoint>
<DataPoint>6081</DataPoint>
<DataPoint>6307</DataPoint>
<DataPoint>6377</DataPoint>
<DataPoint>6443</DataPoint>
<DataPoint>6250</DataPoint>
<DataPoint>6367</DataPoint>
<DataPoint>6332</DataPoint>
<DataPoint>6335</DataPoint>
<DataPoint>6013</DataPoint>
<DataPoint>5864</DataPoint>
<DataPoint>5842</DataPoint>
<DataPoint>5667</DataPoint>
<DataPoint>5618</DataPoint>
<DataPoint>5511</DataPoint>
<DataPoint>5162</DataPoint>
<DataPoint>5210</DataPoint>
<DataPoint>4992</DataPoint>
<DataPoint>4674</DataPoint>
<DataPoint>4646</DataPoint>
<DataPoint>4402</DataPoint>
<DataPoint>4300</DataPoint>
<DataPoint>4248</DataPoint>
<DataPoint>3974</DataPoint>
<DataPoint>4013</DataPoint>
<DataPoint>3748</DataPoint>
<DataPoint>3689</DataPoint>
<DataPoint>3642</DataPoint>
<DataPoint>3410</DataPoint>
<DataPoint>3264</DataPoint>
<DataPoint>3507</DataPoint>
<DataPoint>3086</DataPoint>
<DataPoint>3041</DataPoint>
<DataPoint>2802</DataPoint>
<DataPoint>2809</DataPoint>
<DataPoint>2682</DataPoint>
<DataPoint>2648</DataPoint>
<DataPoint>2484</DataPoint>
<DataPoint>2421</DataPoint>
<DataPoint>2357</DataPoint>
<DataPoint>2296</DataPoint>
<DataPoint>2167</DataPoint>
<DataPoint>2085</DataPoint>
<DataPoint>2035</DataPoint>
<DataPoint>2072</DataPoint>
<DataPoint>2069</DataPoint>
<DataPoint>1933</DataPoint>
<DataPoint>1822</DataPoint>
<DataPoint>1651</DataPoint>
<DataPoint>1642</DataPoint>
<DataPoint>1669</DataPoint>
<DataPoint>1562</DataPoint>
<DataPoint>1553</DataPoint>
<DataPoint>1483</DataPoint>
<DataPoint>1436</DataPoint>
<DataPoint>1329</DataPoint>
<DataPoint>1363</DataPoint>
<DataPoint>1281</DataPoint>
<DataPoint>1290</DataPoint>
<DataPoint>1219</DataPoint>
<DataPoint>1198</DataPoint>
<DataPoint>1296</DataPoint>
<DataPoint>1188</DataPoint>
<DataPoint>1140</DataPoint>
<DataPoint>1124</DataPoint>
<DataPoint>1158</DataPoint>
<DataPoint>1081</DataPoint>
<DataPoint>1032</DataPoint>
<DataPoint>958</DataPoint>
<DataPoint>901</DataPoint>
<DataPoint>903</DataPoint>
<DataPoint>906</DataPoint>
<DataPoint>835</DataPoint>
<DataPoint>772</DataPoint>
<DataPoint>768</DataPoint>
<DataPoint>772</DataPoint>
<DataPoint>733</DataPoint>
<DataPoint>764</DataPoint>
<DataPoint>679</DataPoint>
<DataPoint>642</DataPoint>
<DataPoint>655</DataPoint>
<DataPoint>592</DataPoint>
<DataPoint>570</DataPoint>
<DataPoint>601</DataPoint>
<DataPoint>587</DataPoint>
<DataPoint>554</DataPoint>
<DataPoint>527</DataPoint>
<DataPoint>503</DataPoint>
<DataPoint>494</DataPoint>
<DataPoint>484</DataPoint>
<DataPoint>486</DataPoint>
<DataPoint>459</DataPoint>
<DataPoint>435</DataPoint>
<DataPoint>412</DataPoint>
<DataPoint>513</DataPoint>
<DataPoint>397</DataPoint>
<DataPoint>427</DataPoint>
<DataPoint>406</DataPoint>
<DataPoint>364</DataPoint>
<DataPoint>398</DataPoint>
<DataPoint>397</DataPoint>
<DataPoint>378</DataPoint>
<DataPoint>351</DataPoint>
<DataPoint>356</DataPoint>
<DataPoint>348</DataPoint>
<DataPoint>346</DataPoint>
<DataPoint>333</DataPoint>
<DataPoint>327</DataPoint>
<DataPoint>308</DataPoint>
<DataPoint>347</DataPoint>
<DataPoint>304</DataPoint>
<DataPoint>282</DataPoint>
<DataPoint>275</DataPoint>
<DataPoint>283</DataPoint>
<DataPoint>299</DataPoint>
<DataPoint>260</DataPoint>
<DataPoint>234</DataPoint>
<DataPoint>233</DataPoint>
<DataPoint>243</DataPoint>
<DataPoint>239</DataPoint>
<DataPoint>227</DataPoint>
<DataPoint>210</DataPoint>
<DataPoint>211</DataPoint>
<DataPoint>221</DataPoint>
<DataPoint>207</DataPoint>
<DataPoint>188</DataPoint>
<DataPoint>198</DataPoint>
<DataPoint>170</DataPoint>
<DataPoint>184</DataPoint>
<DataPoint>184</DataPoint>
<DataPoint>189</DataPoint>
<DataPoint>164</DataPoint>
<DataPoint>183</DataPoint>
<DataPoint>164</DataPoint>
<DataPoint>178</DataPoint>
<DataPoint>156</DataPoint>
<DataPoint>139</DataPoint>
<DataPoint>153</DataPoint>
<DataPoint>130</DataPoint>
<DataPoint>150</DataPoint>
<DataPoint>132</DataPoint>
<DataPoint>165</DataPoint>
<DataPoint>158</DataPoint>
<DataPoint>148</DataPoint>
<DataPoint>124</DataPoint>
<DataPoint>141</DataPoint>
<DataPoint>115</DataPoint>
<DataPoint>128</DataPoint>
<DataPoint>107</DataPoint>
<DataPoint>137</DataPoint>
<DataPoint>119</DataPoint>
<DataPoint>124</DataPoint>
<DataPoint>146</DataPoint>
<DataPoint>134</DataPoint>
<DataPoint>118</DataPoint>
<DataPoint>124</DataPoint>
<DataPoint>113</DataPoint>
<DataPoint>140</DataPoint>
<DataPoint>124</DataPoint>
<DataPoint>101</DataPoint>
<DataPoint>115</DataPoint>
<DataPoint>118</DataPoint>
<DataPoint>116</DataPoint>
<DataPoint>106</DataPoint>
<DataPoint>123</DataPoint>
<DataPoint>96</DataPoint>
<DataPoint>101</DataPoint>
<DataPoint>100</DataPoint>
<DataPoint>106</DataPoint>
<DataPoint>107</DataPoint>
<DataPoint>110</DataPoint>
<DataPoint>114</DataPoint>
<DataPoint>113</DataPoint>
<DataPoint>121</DataPoint>
<DataPoint>107</DataPoint>
<DataPoint>97</DataPoint>
<DataPoint>118</DataPoint>
<DataPoint>102</DataPoint>
<DataPoint>94</DataPoint>
<DataPoint>101</DataPoint>
<DataPoint>111</DataPoint>
<DataPoint>111</DataPoint>
<DataPoint>123</DataPoint>
<DataPoint>112</DataPoint>
<DataPoint>91</DataPoint>
<DataPoint>103</DataPoint>
<DataPoint>101</DataPoint>
<DataPoint>91</DataPoint>
<DataPoint>103</DataPoint>
<DataPoint>124</DataPoint>
<DataPoint>108</DataPoint>
<DataPoint>122</DataPoint>
<DataPoint>82</DataPoint>
<DataPoint>122</DataPoint>
<DataPoint>95</DataPoint>
<DataPoint>107</DataPoint>
<DataPoint>113</DataPoint>
<DataPoint>115</DataPoint>
<DataPoint>106</DataPoint>
<DataPoint>103</DataPoint>
<DataPoint>92</DataPoint>
<DataPoint>106</DataPoint>
<DataPoint>86</DataPoint>
<DataPoint>110</DataPoint>
<DataPoint>84</DataPoint>
<DataPoint>91</DataPoint>
<DataPoint>76</DataPoint>
<DataPoint>95</DataPoint>
<DataPoint>93</DataPoint>
<DataPoint>86</DataPoint>
<DataPoint>65</DataPoint>
<DataPoint>75</DataPoint>
<DataPoint>67</DataPoint>
<DataPoint>73</DataPoint>
<DataPoint>90</DataPoint>
<DataPoint>88</DataPoint>
<DataPoint>68</DataPoint>
<DataPoint>52</DataPoint>
<DataPoint>53</DataPoint>
<DataPoint>68</DataPoint>
<DataPoint>71</DataPoint>
<DataPoint>78</DataPoint>
<DataPoint>74</DataPoint>
<DataPoint>76</DataPoint>
<DataPoint>67</DataPoint>
<DataPoint>53</DataPoint>
<DataPoint>60</DataPoint>
<DataPoint>55</DataPoint>
<DataPoint>67</DataPoint>
<DataPoint>56</DataPoint>
<DataPoint>64</DataPoint>
<DataPoint>61</DataPoint>
<DataPoint>55</DataPoint>
<DataPoint>66</DataPoint>
<DataPoint>57</DataPoint>
<DataPoint>62</DataPoint>
<DataPoint>72</DataPoint>
<DataPoint>57</DataPoint>
<DataPoint>64</DataPoint>
<DataPoint>59</DataPoint>
<DataPoint>54</DataPoint>
<DataPoint>67</DataPoint>
<DataPoint>45</DataPoint>
<DataPoint>52</DataPoint>
<DataPoint>53</DataPoint>
<DataPoint>52</DataPoint>
<DataPoint>54</DataPoint>
<DataPoint>49</DataPoint>
<DataPoint>49</DataPoint>
<DataPoint>58</DataPoint>
<DataPoint>51</DataPoint>
<DataPoint>54</DataPoint>
<DataPoint>46</DataPoint>
<DataPoint>48</DataPoint>
<DataPoint>48</DataPoint>
<DataPoint>59</DataPoint>
<DataPoint>49</DataPoint>
<DataPoint>47</DataPoint>
<DataPoint>46</DataPoint>
<DataPoint>47</DataPoint>
<DataPoint>39</DataPoint>
<DataPoint>48</DataPoint>
<DataPoint>49</DataPoint>
<DataPoint>44</DataPoint>
<DataPoint>43</DataPoint>
<DataPoint>32</DataPoint>
<DataPoint>41</DataPoint>
<DataPoint>37</DataPoint>
<DataPoint>41</DataPoint>
<DataPoint>40</DataPoint>
<DataPoint>49</DataPoint>
<DataPoint>41</DataPoint>
<DataPoint>27</DataPoint>
<DataPoint>41</DataPoint>
<DataPoint>45</DataPoint>
<DataPoint>37</DataPoint>
<DataPoint>35</DataPoint>
<DataPoint>34</DataPoint>
<DataPoint>37</DataPoint>
<DataPoint>39</DataPoint>
<DataPoint>45</DataPoint>
<DataPoint>42</DataPoint>
<DataPoint>33</DataPoint>
<DataPoint>41</DataPoint>
<DataPoint>43</DataPoint>
<DataPoint>43</DataPoint>
<DataPoint>40</DataPoint>
<DataPoint>28</DataPoint>
<DataPoint>60</DataPoint>
<DataPoint>45</DataPoint>
<DataPoint>38</DataPoint>
<DataPoint>37</DataPoint>
<DataPoint>36</DataPoint>
<DataPoint>44</DataPoint>
<DataPoint>33</DataPoint>
<DataPoint>48</DataPoint>
<DataPoint>47</DataPoint>
<DataPoint>37</DataPoint>
<DataPoint>41</DataPoint>
<DataPoint>39</DataPoint>
<DataPoint>45</DataPoint>
<DataPoint>27</DataPoint>
<DataPoint>30</DataPoint>
<DataPoint>37</DataPoint>
<DataPoint>34</DataPoint>
<DataPoint>26</DataPoint>
<DataPoint>42</DataPoint>
<DataPoint>35</DataPoint>
<DataPoint>46</DataPoint>
<DataPoint>35</DataPoint>
<DataPoint>42</DataPoint>
<DataPoint>38</DataPoint>
<DataPoint>36</DataPoint>
<DataPoint>42</DataPoint>
<DataPoint>40</DataPoint>
<DataPoint>40</DataPoint>
<DataPoint>34</DataPoint>
<DataPoint>40</DataPoint>
<DataPoint>35</DataPoint>
<DataPoint>28</DataPoint>
<DataPoint>28</DataPoint>
<DataPoint>44</DataPoint>
<DataPoint>35</DataPoint>
<DataPoint>37</DataPoint>
<DataPoint>38</DataPoint>
<DataPoint>27</DataPoint>
<DataPoint>33</DataPoint>
<DataPoint>43</DataPoint>
<DataPoint>39</DataPoint>
<DataPoint>35</DataPoint>
<DataPoint>41</DataPoint>
<DataPoint>31</DataPoint>
<DataPoint>27</DataPoint>
<DataPoint>34</DataPoint>
<DataPoint>23</DataPoint>
<DataPoint>37</DataPoint>
<DataPoint>27</DataPoint>
<DataPoint>31</DataPoint>
<DataPoint>28</DataPoint>
<DataPoint>26</DataPoint>
<DataPoint>31</DataPoint>
<DataPoint>42</DataPoint>
<DataPoint>33</DataPoint>
<DataPoint>29</DataPoint>
<DataPoint>26</DataPoint>
<DataPoint>36</DataPoint>
<DataPoint>24</DataPoint>
<DataPoint>25</DataPoint>
<DataPoint>27</DataPoint>
<DataPoint>31</DataPoint>
<DataPoint>34</DataPoint>
<DataPoint>29</DataPoint>
<DataPoint>31</DataPoint>
<DataPoint>25</DataPoint>
<DataPoint>26</DataPoint>
<DataPoint>27</DataPoint>
<DataPoint>29</DataPoint>
<DataPoint>33</DataPoint>
<DataPoint>41</DataPoint>
<DataPoint>24</DataPoint>
<DataPoint>20</DataPoint>
<DataPoint>34</DataPoint>
<DataPoint>33</DataPoint>
<DataPoint>30</DataPoint>
<DataPoint>29</DataPoint>
<DataPoint>31</DataPoint>
<DataPoint>43</DataPoint>
<DataPoint>33</DataPoint>
<DataPoint>27</DataPoint>
<DataPoint>28</DataPoint>
<DataPoint>36</DataPoint>
<DataPoint>24</DataPoint>
<DataPoint>23</DataPoint>
<DataPoint>23</DataPoint>
<DataPoint>29</DataPoint>
<DataPoint>27</DataPoint>
<DataPoint>29</DataPoint>
<DataPoint>26</DataPoint>
<DataPoint>28</DataPoint>
<DataPoint>44</DataPoint>
<DataPoint>31</DataPoint>
<DataPoint>35</DataPoint>
<DataPoint>26</DataPoint>
<DataPoint>27</DataPoint>
<DataPoint>38</DataPoint>
<DataPoint>22</DataPoint>
<DataPoint>30</DataPoint>
<DataPoint>28</DataPoint>
<DataPoint>22</DataPoint>
<DataPoint>33</DataPoint>
<DataPoint>34</DataPoint>
<DataPoint>25</DataPoint>
<DataPoint>36</DataPoint>
<DataPoint>27</DataPoint>
<DataPoint>28</DataPoint>
<DataPoint>27</DataPoint>
<DataPoint>24</DataPoint>
<DataPoint>22</DataPoint>
<DataPoint>26</DataPoint>
<DataPoint>26</DataPoint>
<DataPoint>27</DataPoint>
<DataPoint>32</DataPoint>
<DataPoint>32</DataPoint>
<DataPoint>26</DataPoint>
<DataPoint>25</DataPoint>
<DataPoint>16</DataPoint>
<DataPoint>25</DataPoint>
<DataPoint>24</DataPoint>
<DataPoint>23</DataPoint>
<DataPoint>21</DataPoint>
<DataPoint>21</DataPoint>
<DataPoint>14</DataPoint>
<DataPoint>21</DataPoint>
<DataPoint>23</DataPoint>
<DataPoint>18</DataPoint>
<DataPoint>20</DataPoint>
<DataPoint>12</DataPoint>
<DataPoint>21</DataPoint>
<DataPoint>18</DataPoint>
<DataPoint>18</DataPoint>
<DataPoint>18</DataPoint>
<DataPoint>20</DataPoint>
<DataPoint>16</DataPoint>
<DataPoint>26</DataPoint>
<DataPoint>18</DataPoint>
<DataPoint>10</DataPoint>
<DataPoint>14</DataPoint>
<DataPoint>16</DataPoint>
<DataPoint>13</DataPoint>
<DataPoint>18</DataPoint>
<DataPoint>17</DataPoint>
<DataPoint>22</DataPoint>
<DataPoint>15</DataPoint>
<DataPoint>17</DataPoint>
<DataPoint>14</DataPoint>
<DataPoint>16</DataPoint>
<DataPoint>11</DataPoint>
<DataPoint>12</DataPoint>
<DataPoint>19</DataPoint>
<DataPoint>10</DataPoint>
<DataPoint>13</DataPoint>
<DataPoint>12</DataPoint>
<DataPoint>12</DataPoint>
<DataPoint>15</DataPoint>
<DataPoint>20</DataPoint>
<DataPoint>11</DataPoint>
<DataPoint>16</DataPoint>
<DataPoint>13</DataPoint>
<DataPoint>22</DataPoint>
<DataPoint>8</DataPoint>
<DataPoint>9</DataPoint>
<DataPoint>15</DataPoint>
<DataPoint>13</DataPoint>
<DataPoint>6</DataPoint>
<DataPoint>15</DataPoint>
<DataPoint>12</DataPoint>
<DataPoint>16</DataPoint>
<DataPoint>12</DataPoint>
<DataPoint>14</DataPoint>
<DataPoint>14</DataPoint>
<DataPoint>10</DataPoint>
<DataPoint>11</DataPoint>
<DataPoint>13</DataPoint>
<DataPoint>21</DataPoint>
<DataPoint>19</DataPoint>
<DataPoint>16</DataPoint>
<DataPoint>13</DataPoint>
<DataPoint>23</DataPoint>
<DataPoint>16</DataPoint>
<DataPoint>27</DataPoint>
<DataPoint>11</DataPoint>
<DataPoint>20</DataPoint>
<DataPoint>9</DataPoint>
<DataPoint>15</DataPoint>
<DataPoint>19</DataPoint>
<DataPoint>21</DataPoint>
<DataPoint>22</DataPoint>
<DataPoint>18</DataPoint>
<DataPoint>20</DataPoint>
<DataPoint>15</DataPoint>
<DataPoint>17</DataPoint>
<DataPoint>21</DataPoint>
<DataPoint>17</DataPoint>
<DataPoint>18</DataPoint>
<DataPoint>20</DataPoint>
<DataPoint>18</DataPoint>
<DataPoint>17</DataPoint>
<DataPoint>19</DataPoint>
<DataPoint>19</DataPoint>
<DataPoint>18</DataPoint>
<DataPoint>20</DataPoint>
<DataPoint>12</DataPoint>
<DataPoint>13</DataPoint>
<DataPoint>11</DataPoint>
<DataPoint>18</DataPoint>
<DataPoint>18</DataPoint>
<DataPoint>15</DataPoint>
<DataPoint>16</DataPoint>
<DataPoint>21</DataPoint>
<DataPoint>18</DataPoint>
<DataPoint>18</DataPoint>
<DataPoint>17</DataPoint>
<DataPoint>13</DataPoint>
<DataPoint>13</DataPoint>
<DataPoint>7</DataPoint>
<DataPoint>10</DataPoint>
<DataPoint>14</DataPoint>
<DataPoint>16</DataPoint>
<DataPoint>16</DataPoint>
<DataPoint>16</DataPoint>
<DataPoint>14</DataPoint>
<DataPoint>17</DataPoint>
<DataPoint>9</DataPoint>
<DataPoint>5</DataPoint>
<DataPoint>14</DataPoint>
<DataPoint>13</DataPoint>
<DataPoint>11</DataPoint>
<DataPoint>10</DataPoint>
<DataPoint>8</DataPoint>
<DataPoint>7</DataPoint>
<DataPoint>11</DataPoint>
<DataPoint>10</DataPoint>
<DataPoint>7</DataPoint>
<DataPoint>6</DataPoint>
<DataPoint>8</DataPoint>
<DataPoint>10</DataPoint>
<DataPoint>4</DataPoint>
<DataPoint>20</DataPoint>
<DataPoint>10</DataPoint>
<DataPoint>12</DataPoint>
<DataPoint>5</DataPoint>
<DataPoint>10</DataPoint>
<DataPoint>10</DataPoint>
<DataPoint>9</DataPoint>
<DataPoint>8</DataPoint>
<DataPoint>12</DataPoint>
<DataPoint>7</DataPoint>
<DataPoint>7</DataPoint>
<DataPoint>12</DataPoint>
<DataPoint>2</DataPoint>
<DataPoint>4</DataPoint>
<DataPoint>9</DataPoint>
<DataPoint>8</DataPoint>
<DataPoint>10</DataPoint>
<DataPoint>8</DataPoint>
<DataPoint>1</DataPoint>
<DataPoint>5</DataPoint>
<DataPoint>2</DataPoint>
<DataPoint>3</DataPoint>
<DataPoint>8</DataPoint>
<DataPoint>7</DataPoint>
<DataPoint>2</DataPoint>
<DataPoint>7</DataPoint>
<DataPoint>8</DataPoint>
<DataPoint>6</DataPoint>
<DataPoint>8</DataPoint>
<DataPoint>9</DataPoint>
<DataPoint>4</DataPoint>
<DataPoint>7</DataPoint>
<DataPoint>7</DataPoint>
<DataPoint>10</DataPoint>
<DataPoint>8</DataPoint>
<DataPoint>6</DataPoint>
<DataPoint>6</DataPoint>
<DataPoint>3</DataPoint>
<DataPoint>5</DataPoint>
<DataPoint>6</DataPoint>
<DataPoint>10</DataPoint>
<DataPoint>3</DataPoint>
<DataPoint>4</DataPoint>
<DataPoint>7</DataPoint>
<DataPoint>3</DataPoint>
<DataPoint>5</DataPoint>
<DataPoint>8</DataPoint>
<DataPoint>9</DataPoint>
<DataPoint>4</DataPoint>
<DataPoint>8</DataPoint>
<DataPoint>7</DataPoint>
<DataPoint>8</DataPoint>
<DataPoint>9</DataPoint>
<DataPoint>5</DataPoint>
<DataPoint>5</DataPoint>
<DataPoint>7</DataPoint>
<DataPoint>6</DataPoint>
<DataPoint>8</DataPoint>
<DataPoint>7</DataPoint>
<DataPoint>4</DataPoint>
<DataPoint>5</DataPoint>
<DataPoint>8</DataPoint>
<DataPoint>6</DataPoint>
<DataPoint>4</DataPoint>
<DataPoint>3</DataPoint>
<DataPoint>6</DataPoint>
<DataPoint>5</DataPoint>
<DataPoint>4</DataPoint>
<DataPoint>5</DataPoint>
<DataPoint>5</DataPoint>
<DataPoint>7</DataPoint>
<DataPoint>3</DataPoint>
<DataPoint>2</DataPoint>
<DataPoint>8</DataPoint>
<DataPoint>4</DataPoint>
<DataPoint>4</DataPoint>
<DataPoint>7</DataPoint>
<DataPoint>6</DataPoint>
<DataPoint>7</DataPoint>
<DataPoint>5</DataPoint>
<DataPoint>9</DataPoint>
<DataPoint>7</DataPoint>
<DataPoint>5</DataPoint>
<DataPoint>6</DataPoint>
<DataPoint>5</DataPoint>
<DataPoint>2</DataPoint>
<DataPoint>3</DataPoint>
<DataPoint>1</DataPoint>
<DataPoint>7</DataPoint>
<DataPoint>4</DataPoint>
<DataPoint>4</DataPoint>
<DataPoint>4</DataPoint>
<DataPoint>4</DataPoint>
<DataPoint>6</DataPoint>
<DataPoint>11</DataPoint>
<DataPoint>4</DataPoint>
<DataPoint>4</DataPoint>
<DataPoint>2</DataPoint>
<DataPoint>2</DataPoint>
<DataPoint>1</DataPoint>
<DataPoint>3</DataPoint>
<DataPoint>4</DataPoint>
<DataPoint>3</DataPoint>
<DataPoint>6</DataPoint>
<DataPoint>7</DataPoint>
<DataPoint>2</DataPoint>
<DataPoint>4</DataPoint>
<DataPoint>2</DataPoint>
<DataPoint>3</DataPoint>
<DataPoint>5</DataPoint>
<DataPoint>4</DataPoint>
<DataPoint>4</DataPoint>
<DataPoint>3</DataPoint>
<DataPoint>4</DataPoint>
<DataPoint>1</DataPoint>
<DataPoint>0</DataPoint>
<DataPoint>11</DataPoint>
<DataPoint>5</DataPoint>
<DataPoint>4</DataPoint>
<DataPoint>5</DataPoint>
<DataPoint>2</DataPoint>
<DataPoint>2</DataPoint>
<DataPoint>4</DataPoint>
<DataPoint>5</DataPoint>
<DataPoint>5</DataPoint>
<DataPoint>6</DataPoint>
<DataPoint>7</DataPoint>
<DataPoint>3</DataPoint>
<DataPoint>6</DataPoint>
<DataPoint>3</DataPoint>
<DataPoint>3</DataPoint>
<DataPoint>2</DataPoint>
<DataPoint>2</DataPoint>
<DataPoint>7</DataPoint>
<DataPoint>2</DataPoint>
<DataPoint>4</DataPoint>
<DataPoint>9</DataPoint>
<DataPoint>6</DataPoint>
<DataPoint>7</DataPoint>
<DataPoint>4</DataPoint>
<DataPoint>4</DataPoint>
<DataPoint>1</DataPoint>
<DataPoint>2</DataPoint>
<DataPoint>3</DataPoint>
<DataPoint>4</DataPoint>
<DataPoint>3</DataPoint>
<DataPoint>2</DataPoint>
<DataPoint>5</DataPoint>
<DataPoint>2</DataPoint>
<DataPoint>6</DataPoint>
<DataPoint>5</DataPoint>
<DataPoint>6</DataPoint>
<DataPoint>2</DataPoint>
<DataPoint>10</DataPoint>
<DataPoint>2</DataPoint>
<DataPoint>2</DataPoint>
<DataPoint>3</DataPoint>
<DataPoint>6</DataPoint>
<DataPoint>5</DataPoint>
<DataPoint>5</DataPoint>
<DataPoint>10</DataPoint>
<DataPoint>5</DataPoint>
<DataPoint>4</DataPoint>
<DataPoint>4</DataPoint>
<DataPoint>2</DataPoint>
<DataPoint>4</DataPoint>
<DataPoint>4</DataPoint>
<DataPoint>4</DataPoint>
<DataPoint>2</DataPoint>
<DataPoint>4</DataPoint>
<DataPoint>8</DataPoint>
<DataPoint>3</DataPoint>
<DataPoint>2</DataPoint>
<DataPoint>3</DataPoint>
<DataPoint>5</DataPoint>
<DataPoint>4</DataPoint>
<DataPoint>4</DataPoint>
<DataPoint>2</DataPoint>
<DataPoint>5</DataPoint>
<DataPoint>7</DataPoint>
<DataPoint>4</DataPoint>
<DataPoint>2</DataPoint>
<DataPoint>3</DataPoint>
<DataPoint>5</DataPoint>
<DataPoint>3</DataPoint>
<DataPoint>5</DataPoint>
<DataPoint>3</DataPoint>
<DataPoint>4</DataPoint>
<DataPoint>4</DataPoint>
<DataPoint>1</DataPoint>
<DataPoint>5</DataPoint>
<DataPoint>1</DataPoint>
<DataPoint>5</DataPoint>
<DataPoint>3</DataPoint>
<DataPoint>4</DataPoint>
<DataPoint>2</DataPoint>
<DataPoint>4</DataPoint>
<DataPoint>5</DataPoint>
<DataPoint>5</DataPoint>
<DataPoint>2</DataPoint>
<DataPoint>1</DataPoint>
<DataPoint>3</DataPoint>
<DataPoint>4</DataPoint>
<DataPoint>3</DataPoint>
<DataPoint>2</DataPoint>
<DataPoint>4</DataPoint>
<DataPoint>0</DataPoint>
<DataPoint>3</DataPoint>
<DataPoint>3</DataPoint>
<DataPoint>3</DataPoint>
<DataPoint>7</DataPoint>
<DataPoint>0</DataPoint>
<DataPoint>4</DataPoint>
<DataPoint>4</DataPoint>
<DataPoint>4</DataPoint>
<DataPoint>2</DataPoint>
<DataPoint>5</DataPoint>
<DataPoint>3</DataPoint>
<DataPoint>1</DataPoint>
<DataPoint>8</DataPoint>
<DataPoint>5</DataPoint>
<DataPoint>1</DataPoint>
<DataPoint>2</DataPoint>
<DataPoint>5</DataPoint>
<DataPoint>6</DataPoint>
<DataPoint>4</DataPoint>
<DataPoint>1</DataPoint>
<DataPoint>4</DataPoint>
<DataPoint>6</DataPoint>
<DataPoint>3</DataPoint>
<DataPoint>2</DataPoint>
<DataPoint>5</DataPoint>
<DataPoint>3</DataPoint>
<DataPoint>5</DataPoint>
<DataPoint>1</DataPoint>
<DataPoint>4</DataPoint>
<DataPoint>2</DataPoint>
<DataPoint>0</DataPoint>
<DataPoint>4</DataPoint>
<DataPoint>4</DataPoint>
<DataPoint>4</DataPoint>
<DataPoint>3</DataPoint>
<DataPoint>1</DataPoint>
<DataPoint>4</DataPoint>
<DataPoint>3</DataPoint>
<DataPoint>3</DataPoint>
<DataPoint>2</DataPoint>
<DataPoint>2</DataPoint>
<DataPoint>5</DataPoint>
<DataPoint>2</DataPoint>
<DataPoint>1</DataPoint>
<DataPoint>3</DataPoint>
<DataPoint>1</DataPoint>
<DataPoint>1</DataPoint>
<DataPoint>2</DataPoint>
<DataPoint>4</DataPoint>
<DataPoint>0</DataPoint>
<DataPoint>3</DataPoint>
<DataPoint>2</DataPoint>
<DataPoint>2</DataPoint>
<DataPoint>0</DataPoint>
<DataPoint>3</DataPoint>
<DataPoint>2</DataPoint>
<DataPoint>4</DataPoint>
<DataPoint>3</DataPoint>
<DataPoint>0</DataPoint>
<DataPoint>2</DataPoint>
<DataPoint>1</DataPoint>
<DataPoint>2</DataPoint>
<DataPoint>0</DataPoint>
<DataPoint>4</DataPoint>
<DataPoint>2</DataPoint>
<DataPoint>2</DataPoint>
<DataPoint>1</DataPoint>
<DataPoint>2</DataPoint>
<DataPoint>4</DataPoint>
<DataPoint>1</DataPoint>
<DataPoint>3</DataPoint>
<DataPoint>5</DataPoint>
<DataPoint>2</DataPoint>
<DataPoint>3</DataPoint>
<DataPoint>1</DataPoint>
<DataPoint>3</DataPoint>
<DataPoint>1</DataPoint>
<DataPoint>2</DataPoint>
<DataPoint>3</DataPoint>
<DataPoint>0</DataPoint>
<DataPoint>2</DataPoint>
<DataPoint>2</DataPoint>
<DataPoint>1</DataPoint>
<DataPoint>3</DataPoint>
<DataPoint>1</DataPoint>
<DataPoint>2</DataPoint>
<DataPoint>4</DataPoint>
<DataPoint>1</DataPoint>
<DataPoint>2</DataPoint>
<DataPoint>1</DataPoint>
<DataPoint>3</DataPoint>
<DataPoint>2</DataPoint>
<DataPoint>0</DataPoint>
<DataPoint>0</DataPoint>
<DataPoint>0</DataPoint>
<DataPoint>1</DataPoint>
<DataPoint>2</DataPoint>
<DataPoint>2</DataPoint>
<DataPoint>3</DataPoint>
<DataPoint>1</DataPoint>
<DataPoint>2</DataPoint>
<DataPoint>1</DataPoint>
<DataPoint>5</DataPoint>
<DataPoint>2</DataPoint>
<DataPoint>2</DataPoint>
<DataPoint>3</DataPoint>
<DataPoint>0</DataPoint>
<DataPoint>0</DataPoint>
<DataPoint>2</DataPoint>
<DataPoint>3</DataPoint>
<DataPoint>2</DataPoint>
<DataPoint>2</DataPoint>
<DataPoint>1</DataPoint>
<DataPoint>4</DataPoint>
<DataPoint>4</DataPoint>
<DataPoint>2</DataPoint>
<DataPoint>5</DataPoint>
<DataPoint>4</DataPoint>
<DataPoint>3</DataPoint>
<DataPoint>4</DataPoint>
<DataPoint>1</DataPoint>
<DataPoint>4</DataPoint>
<DataPoint>2</DataPoint>
<DataPoint>1</DataPoint>
<DataPoint>1</DataPoint>
<DataPoint>2</DataPoint>
<DataPoint>2</DataPoint>
<DataPoint>4</DataPoint>
<DataPoint>2</DataPoint>
<DataPoint>1</DataPoint>
<DataPoint>4</DataPoint>
<DataPoint>5</DataPoint>
<DataPoint>2</DataPoint>
<DataPoint>3</DataPoint>
<DataPoint>1</DataPoint>
<DataPoint>1</DataPoint>
<DataPoint>2</DataPoint>
<DataPoint>3</DataPoint>
<DataPoint>1</DataPoint>
<DataPoint>2</DataPoint>
<DataPoint>2</DataPoint>
<DataPoint>2</DataPoint>
<DataPoint>1</DataPoint>
<DataPoint>1</DataPoint>
<DataPoint>3</DataPoint>
<DataPoint>3</DataPoint>
<DataPoint>5</DataPoint>
<DataPoint>0</DataPoint>
<DataPoint>1</DataPoint>
<DataPoint>4</DataPoint>
<DataPoint>4</DataPoint>
<DataPoint>3</DataPoint>
<DataPoint>2</DataPoint>
<DataPoint>3</DataPoint>
<DataPoint>0</DataPoint>
<DataPoint>2</DataPoint>
<DataPoint>3</DataPoint>
<DataPoint>6</DataPoint>
<DataPoint>2</DataPoint>
<DataPoint>2</DataPoint>
<DataPoint>2</DataPoint>
<DataPoint>3</DataPoint>
<DataPoint>2</DataPoint>
<DataPoint>1</DataPoint>
<DataPoint>0</DataPoint>
<DataPoint>2</DataPoint>
<DataPoint>7</DataPoint>
<DataPoint>7</DataPoint>
<DataPoint>1</DataPoint>
<DataPoint>5</DataPoint>
<DataPoint>5</DataPoint>
<DataPoint>0</DataPoint>
<DataPoint>1</DataPoint>
<DataPoint>1</DataPoint>
<DataPoint>3</DataPoint>
<DataPoint>0</DataPoint>
<DataPoint>2</DataPoint>
<DataPoint>7</DataPoint>
<DataPoint>0</DataPoint>
<DataPoint>2</DataPoint>
<DataPoint>1</DataPoint>
<DataPoint>2</DataPoint>
<DataPoint>1</DataPoint>
<DataPoint>2</DataPoint>
<DataPoint>0</DataPoint>
<DataPoint>3</DataPoint>
<DataPoint>3</DataPoint>
<DataPoint>1</DataPoint>
<DataPoint>5</DataPoint>
<DataPoint>2</DataPoint>
<DataPoint>7</DataPoint>
<DataPoint>3</DataPoint>
<DataPoint>1</DataPoint>
<DataPoint>3</DataPoint>
<DataPoint>2</DataPoint>
<DataPoint>3</DataPoint>
<DataPoint>2</DataPoint>
<DataPoint>1</DataPoint>
<DataPoint>5</DataPoint>
<DataPoint>4</DataPoint>
<DataPoint>6</DataPoint>
<DataPoint>5</DataPoint>
<DataPoint>2</DataPoint>
<DataPoint>3</DataPoint>
<DataPoint>3</DataPoint>
<DataPoint>3</DataPoint>
<DataPoint>3</DataPoint>
<DataPoint>2</DataPoint>
<DataPoint>3</DataPoint>
<DataPoint>4</DataPoint>
<DataPoint>2</DataPoint>
<DataPoint>3</DataPoint>
<DataPoint>6</DataPoint>
<DataPoint>1</DataPoint>
<DataPoint>1</DataPoint>
<DataPoint>4</DataPoint>
<DataPoint>0</DataPoint>
<DataPoint>5</DataPoint>
<DataPoint>8</DataPoint>
<DataPoint>5</DataPoint>
<DataPoint>3</DataPoint>
<DataPoint>3</DataPoint>
<DataPoint>1</DataPoint>
<DataPoint>4</DataPoint>
<DataPoint>2</DataPoint>
<DataPoint>2</DataPoint>
<DataPoint>4</DataPoint>
<DataPoint>4</DataPoint>
<DataPoint>4</DataPoint>
<DataPoint>4</DataPoint>
<DataPoint>7</DataPoint>
<DataPoint>1</DataPoint>
<DataPoint>4</DataPoint>
<DataPoint>6</DataPoint>
<DataPoint>3</DataPoint>
<DataPoint>4</DataPoint>
<DataPoint>3</DataPoint>
<DataPoint>5</DataPoint>
<DataPoint>2</DataPoint>
<DataPoint>3</DataPoint>
<DataPoint>2</DataPoint>
<DataPoint>8</DataPoint>
<DataPoint>2</DataPoint>
<DataPoint>1</DataPoint>
<DataPoint>2</DataPoint>
<DataPoint>3</DataPoint>
<DataPoint>3</DataPoint>
<DataPoint>7</DataPoint>
<DataPoint>8</DataPoint>
<DataPoint>8</DataPoint>
<DataPoint>2</DataPoint>
<DataPoint>5</DataPoint>
<DataPoint>5</DataPoint>
<DataPoint>4</DataPoint>
<DataPoint>3</DataPoint>
<DataPoint>940</DataPoint>

  </Spectrum>
 </EnergySpectrum>


       <StartTime>2024-02-26T12:54:22</StartTime>
 <EndTime>2024-02-27T00:55:47</EndTime>

 <BackgroundEnergySpectrum>
  <NumberOfChannels>1024</NumberOfChannels>
  <ChannelPitch>1</ChannelPitch>
  <SpectrumName><![CDATA[Background1]]></SpectrumName>
  <Comment>@Comment</Comment>
  <SerialNumber>RC-101-001920</SerialNumber>
  <EnergyCalibration>
    <PolynomialOrder>2</PolynomialOrder>
    <Coefficients>
      <Coefficient>4.6426802</Coefficient>
      <Coefficient>2.29144</Coefficient>
      <Coefficient>0.00097</Coefficient>
    </Coefficients>
  </EnergyCalibration>
  <MeasurementTime>43285</MeasurementTime>
  <Spectrum>
    <DataPoint>0</DataPoint>
<DataPoint>0</DataPoint>
<DataPoint>0</DataPoint>
<DataPoint>0</DataPoint>
<DataPoint>0</DataPoint>
<DataPoint>0</DataPoint>
<DataPoint>0</DataPoint>
<DataPoint>0</DataPoint>
<DataPoint>0</DataPoint>
<DataPoint>0</DataPoint>
<DataPoint>0</DataPoint>
<DataPoint>0</DataPoint>
<DataPoint>5</DataPoint>
<DataPoint>76</DataPoint>
<DataPoint>200</DataPoint>
<DataPoint>312</DataPoint>
<DataPoint>525</DataPoint>
<DataPoint>584</DataPoint>
<DataPoint>747</DataPoint>
<DataPoint>872</DataPoint>
<DataPoint>1038</DataPoint>
<DataPoint>1195</DataPoint>
<DataPoint>1346</DataPoint>
<DataPoint>1546</DataPoint>
<DataPoint>1738</DataPoint>
<DataPoint>1936</DataPoint>
<DataPoint>2119</DataPoint>
<DataPoint>2207</DataPoint>
<DataPoint>2523</DataPoint>
<DataPoint>2643</DataPoint>
<DataPoint>2974</DataPoint>
<DataPoint>3148</DataPoint>
<DataPoint>3595</DataPoint>
<DataPoint>3396</DataPoint>
<DataPoint>3714</DataPoint>
<DataPoint>3650</DataPoint>
<DataPoint>3721</DataPoint>
<DataPoint>3792</DataPoint>
<DataPoint>3783</DataPoint>
<DataPoint>3682</DataPoint>
<DataPoint>3835</DataPoint>
<DataPoint>3623</DataPoint>
<DataPoint>3668</DataPoint>
<DataPoint>3472</DataPoint>
<DataPoint>3491</DataPoint>
<DataPoint>3408</DataPoint>
<DataPoint>3257</DataPoint>
<DataPoint>3303</DataPoint>
<DataPoint>3192</DataPoint>
<DataPoint>3007</DataPoint>
<DataPoint>2972</DataPoint>
<DataPoint>2910</DataPoint>
<DataPoint>2843</DataPoint>
<DataPoint>2729</DataPoint>
<DataPoint>2643</DataPoint>
<DataPoint>2437</DataPoint>
<DataPoint>2467</DataPoint>
<DataPoint>2343</DataPoint>
<DataPoint>2365</DataPoint>
<DataPoint>2210</DataPoint>
<DataPoint>2177</DataPoint>
<DataPoint>2150</DataPoint>
<DataPoint>1953</DataPoint>
<DataPoint>1860</DataPoint>
<DataPoint>1945</DataPoint>
<DataPoint>1773</DataPoint>
<DataPoint>1808</DataPoint>
<DataPoint>1687</DataPoint>
<DataPoint>1579</DataPoint>
<DataPoint>1566</DataPoint>
<DataPoint>1502</DataPoint>
<DataPoint>1400</DataPoint>
<DataPoint>1384</DataPoint>
<DataPoint>1277</DataPoint>
<DataPoint>1315</DataPoint>
<DataPoint>1216</DataPoint>
<DataPoint>1115</DataPoint>
<DataPoint>1158</DataPoint>
<DataPoint>1068</DataPoint>
<DataPoint>1135</DataPoint>
<DataPoint>1112</DataPoint>
<DataPoint>1012</DataPoint>
<DataPoint>929</DataPoint>
<DataPoint>864</DataPoint>
<DataPoint>903</DataPoint>
<DataPoint>821</DataPoint>
<DataPoint>803</DataPoint>
<DataPoint>688</DataPoint>
<DataPoint>752</DataPoint>
<DataPoint>723</DataPoint>
<DataPoint>711</DataPoint>
<DataPoint>662</DataPoint>
<DataPoint>658</DataPoint>
<DataPoint>689</DataPoint>
<DataPoint>665</DataPoint>
<DataPoint>644</DataPoint>
<DataPoint>586</DataPoint>
<DataPoint>571</DataPoint>
<DataPoint>575</DataPoint>
<DataPoint>517</DataPoint>
<DataPoint>507</DataPoint>
<DataPoint>548</DataPoint>
<DataPoint>512</DataPoint>
<DataPoint>455</DataPoint>
<DataPoint>463</DataPoint>
<DataPoint>450</DataPoint>
<DataPoint>432</DataPoint>
<DataPoint>394</DataPoint>
<DataPoint>415</DataPoint>
<DataPoint>379</DataPoint>
<DataPoint>354</DataPoint>
<DataPoint>355</DataPoint>
<DataPoint>348</DataPoint>
<DataPoint>300</DataPoint>
<DataPoint>303</DataPoint>
<DataPoint>345</DataPoint>
<DataPoint>327</DataPoint>
<DataPoint>309</DataPoint>
<DataPoint>252</DataPoint>
<DataPoint>274</DataPoint>
<DataPoint>241</DataPoint>
<DataPoint>255</DataPoint>
<DataPoint>259</DataPoint>
<DataPoint>252</DataPoint>
<DataPoint>234</DataPoint>
<DataPoint>257</DataPoint>
<DataPoint>248</DataPoint>
<DataPoint>227</DataPoint>
<DataPoint>229</DataPoint>
<DataPoint>220</DataPoint>
<DataPoint>228</DataPoint>
<DataPoint>198</DataPoint>
<DataPoint>200</DataPoint>
<DataPoint>171</DataPoint>
<DataPoint>162</DataPoint>
<DataPoint>182</DataPoint>
<DataPoint>182</DataPoint>
<DataPoint>208</DataPoint>
<DataPoint>159</DataPoint>
<DataPoint>136</DataPoint>
<DataPoint>175</DataPoint>
<DataPoint>168</DataPoint>
<DataPoint>154</DataPoint>
<DataPoint>166</DataPoint>
<DataPoint>153</DataPoint>
<DataPoint>157</DataPoint>
<DataPoint>142</DataPoint>
<DataPoint>126</DataPoint>
<DataPoint>132</DataPoint>
<DataPoint>139</DataPoint>
<DataPoint>123</DataPoint>
<DataPoint>118</DataPoint>
<DataPoint>127</DataPoint>
<DataPoint>111</DataPoint>
<DataPoint>107</DataPoint>
<DataPoint>106</DataPoint>
<DataPoint>97</DataPoint>
<DataPoint>101</DataPoint>
<DataPoint>86</DataPoint>
<DataPoint>92</DataPoint>
<DataPoint>86</DataPoint>
<DataPoint>80</DataPoint>
<DataPoint>72</DataPoint>
<DataPoint>87</DataPoint>
<DataPoint>82</DataPoint>
<DataPoint>89</DataPoint>
<DataPoint>75</DataPoint>
<DataPoint>76</DataPoint>
<DataPoint>83</DataPoint>
<DataPoint>76</DataPoint>
<DataPoint>83</DataPoint>
<DataPoint>86</DataPoint>
<DataPoint>79</DataPoint>
<DataPoint>73</DataPoint>
<DataPoint>63</DataPoint>
<DataPoint>70</DataPoint>
<DataPoint>74</DataPoint>
<DataPoint>75</DataPoint>
<DataPoint>71</DataPoint>
<DataPoint>72</DataPoint>
<DataPoint>79</DataPoint>
<DataPoint>60</DataPoint>
<DataPoint>56</DataPoint>
<DataPoint>57</DataPoint>
<DataPoint>49</DataPoint>
<DataPoint>66</DataPoint>
<DataPoint>66</DataPoint>
<DataPoint>56</DataPoint>
<DataPoint>66</DataPoint>
<DataPoint>59</DataPoint>
<DataPoint>49</DataPoint>
<DataPoint>52</DataPoint>
<DataPoint>58</DataPoint>
<DataPoint>77</DataPoint>
<DataPoint>48</DataPoint>
<DataPoint>54</DataPoint>
<DataPoint>55</DataPoint>
<DataPoint>40</DataPoint>
<DataPoint>45</DataPoint>
<DataPoint>48</DataPoint>
<DataPoint>59</DataPoint>
<DataPoint>56</DataPoint>
<DataPoint>55</DataPoint>
<DataPoint>48</DataPoint>
<DataPoint>47</DataPoint>
<DataPoint>41</DataPoint>
<DataPoint>61</DataPoint>
<DataPoint>38</DataPoint>
<DataPoint>64</DataPoint>
<DataPoint>60</DataPoint>
<DataPoint>54</DataPoint>
<DataPoint>36</DataPoint>
<DataPoint>55</DataPoint>
<DataPoint>41</DataPoint>
<DataPoint>48</DataPoint>
<DataPoint>41</DataPoint>
<DataPoint>47</DataPoint>
<DataPoint>52</DataPoint>
<DataPoint>44</DataPoint>
<DataPoint>62</DataPoint>
<DataPoint>52</DataPoint>
<DataPoint>54</DataPoint>
<DataPoint>46</DataPoint>
<DataPoint>46</DataPoint>
<DataPoint>55</DataPoint>
<DataPoint>40</DataPoint>
<DataPoint>45</DataPoint>
<DataPoint>48</DataPoint>
<DataPoint>37</DataPoint>
<DataPoint>42</DataPoint>
<DataPoint>42</DataPoint>
<DataPoint>43</DataPoint>
<DataPoint>45</DataPoint>
<DataPoint>42</DataPoint>
<DataPoint>42</DataPoint>
<DataPoint>33</DataPoint>
<DataPoint>43</DataPoint>
<DataPoint>45</DataPoint>
<DataPoint>40</DataPoint>
<DataPoint>45</DataPoint>
<DataPoint>40</DataPoint>
<DataPoint>45</DataPoint>
<DataPoint>36</DataPoint>
<DataPoint>28</DataPoint>
<DataPoint>31</DataPoint>
<DataPoint>39</DataPoint>
<DataPoint>42</DataPoint>
<DataPoint>25</DataPoint>
<DataPoint>39</DataPoint>
<DataPoint>28</DataPoint>
<DataPoint>31</DataPoint>
<DataPoint>27</DataPoint>
<DataPoint>39</DataPoint>
<DataPoint>33</DataPoint>
<DataPoint>39</DataPoint>
<DataPoint>35</DataPoint>
<DataPoint>45</DataPoint>
<DataPoint>21</DataPoint>
<DataPoint>22</DataPoint>
<DataPoint>33</DataPoint>
<DataPoint>24</DataPoint>
<DataPoint>23</DataPoint>
<DataPoint>24</DataPoint>
<DataPoint>34</DataPoint>
<DataPoint>23</DataPoint>
<DataPoint>18</DataPoint>
<DataPoint>22</DataPoint>
<DataPoint>27</DataPoint>
<DataPoint>26</DataPoint>
<DataPoint>30</DataPoint>
<DataPoint>22</DataPoint>
<DataPoint>27</DataPoint>
<DataPoint>40</DataPoint>
<DataPoint>14</DataPoint>
<DataPoint>22</DataPoint>
<DataPoint>27</DataPoint>
<DataPoint>24</DataPoint>
<DataPoint>17</DataPoint>
<DataPoint>25</DataPoint>
<DataPoint>14</DataPoint>
<DataPoint>21</DataPoint>
<DataPoint>20</DataPoint>
<DataPoint>22</DataPoint>
<DataPoint>19</DataPoint>
<DataPoint>17</DataPoint>
<DataPoint>23</DataPoint>
<DataPoint>22</DataPoint>
<DataPoint>20</DataPoint>
<DataPoint>25</DataPoint>
<DataPoint>21</DataPoint>
<DataPoint>22</DataPoint>
<DataPoint>16</DataPoint>
<DataPoint>17</DataPoint>
<DataPoint>26</DataPoint>
<DataPoint>31</DataPoint>
<DataPoint>26</DataPoint>
<DataPoint>15</DataPoint>
<DataPoint>19</DataPoint>
<DataPoint>17</DataPoint>
<DataPoint>21</DataPoint>
<DataPoint>24</DataPoint>
<DataPoint>26</DataPoint>
<DataPoint>19</DataPoint>
<DataPoint>21</DataPoint>
<DataPoint>21</DataPoint>
<DataPoint>18</DataPoint>
<DataPoint>19</DataPoint>
<DataPoint>14</DataPoint>
<DataPoint>11</DataPoint>
<DataPoint>26</DataPoint>
<DataPoint>20</DataPoint>
<DataPoint>19</DataPoint>
<DataPoint>17</DataPoint>
<DataPoint>22</DataPoint>
<DataPoint>25</DataPoint>
<DataPoint>26</DataPoint>
<DataPoint>21</DataPoint>
<DataPoint>18</DataPoint>
<DataPoint>24</DataPoint>
<DataPoint>18</DataPoint>
<DataPoint>12</DataPoint>
<DataPoint>23</DataPoint>
<DataPoint>22</DataPoint>
<DataPoint>14</DataPoint>
<DataPoint>18</DataPoint>
<DataPoint>21</DataPoint>
<DataPoint>14</DataPoint>
<DataPoint>22</DataPoint>
<DataPoint>14</DataPoint>
<DataPoint>14</DataPoint>
<DataPoint>24</DataPoint>
<DataPoint>16</DataPoint>
<DataPoint>13</DataPoint>
<DataPoint>12</DataPoint>
<DataPoint>20</DataPoint>
<DataPoint>15</DataPoint>
<DataPoint>19</DataPoint>
<DataPoint>13</DataPoint>
<DataPoint>21</DataPoint>
<DataPoint>14</DataPoint>
<DataPoint>18</DataPoint>
<DataPoint>18</DataPoint>
<DataPoint>12</DataPoint>
<DataPoint>11</DataPoint>
<DataPoint>21</DataPoint>
<DataPoint>10</DataPoint>
<DataPoint>21</DataPoint>
<DataPoint>17</DataPoint>
<DataPoint>13</DataPoint>
<DataPoint>9</DataPoint>
<DataPoint>21</DataPoint>
<DataPoint>17</DataPoint>
<DataPoint>14</DataPoint>
<DataPoint>7</DataPoint>
<DataPoint>15</DataPoint>
<DataPoint>15</DataPoint>
<DataPoint>18</DataPoint>
<DataPoint>17</DataPoint>
<DataPoint>18</DataPoint>
<DataPoint>7</DataPoint>
<DataPoint>17</DataPoint>
<DataPoint>16</DataPoint>
<DataPoint>21</DataPoint>
<DataPoint>20</DataPoint>
<DataPoint>17</DataPoint>
<DataPoint>15</DataPoint>
<DataPoint>16</DataPoint>
<DataPoint>10</DataPoint>
<DataPoint>15</DataPoint>
<DataPoint>10</DataPoint>
<DataPoint>12</DataPoint>
<DataPoint>10</DataPoint>
<DataPoint>11</DataPoint>
<DataPoint>14</DataPoint>
<DataPoint>15</DataPoint>
<DataPoint>11</DataPoint>
<DataPoint>12</DataPoint>
<DataPoint>10</DataPoint>
<DataPoint>10</DataPoint>
<DataPoint>10</DataPoint>
<DataPoint>8</DataPoint>
<DataPoint>18</DataPoint>
<DataPoint>11</DataPoint>
<DataPoint>14</DataPoint>
<DataPoint>8</DataPoint>
<DataPoint>20</DataPoint>
<DataPoint>8</DataPoint>
<DataPoint>7</DataPoint>
<DataPoint>12</DataPoint>
<DataPoint>14</DataPoint>
<DataPoint>18</DataPoint>
<DataPoint>10</DataPoint>
<DataPoint>9</DataPoint>
<DataPoint>23</DataPoint>
<DataPoint>10</DataPoint>
<DataPoint>10</DataPoint>
<DataPoint>13</DataPoint>
<DataPoint>13</DataPoint>
<DataPoint>9</DataPoint>
<DataPoint>10</DataPoint>
<DataPoint>10</DataPoint>
<DataPoint>11</DataPoint>
<DataPoint>17</DataPoint>
<DataPoint>10</DataPoint>
<DataPoint>10</DataPoint>
<DataPoint>13</DataPoint>
<DataPoint>12</DataPoint>
<DataPoint>15</DataPoint>
<DataPoint>15</DataPoint>
<DataPoint>4</DataPoint>
<DataPoint>26</DataPoint>
<DataPoint>10</DataPoint>
<DataPoint>13</DataPoint>
<DataPoint>15</DataPoint>
<DataPoint>12</DataPoint>
<DataPoint>17</DataPoint>
<DataPoint>12</DataPoint>
<DataPoint>9</DataPoint>
<DataPoint>13</DataPoint>
<DataPoint>16</DataPoint>
<DataPoint>14</DataPoint>
<DataPoint>13</DataPoint>
<DataPoint>10</DataPoint>
<DataPoint>18</DataPoint>
<DataPoint>16</DataPoint>
<DataPoint>12</DataPoint>
<DataPoint>17</DataPoint>
<DataPoint>15</DataPoint>
<DataPoint>10</DataPoint>
<DataPoint>9</DataPoint>
<DataPoint>11</DataPoint>
<DataPoint>11</DataPoint>
<DataPoint>13</DataPoint>
<DataPoint>13</DataPoint>
<DataPoint>16</DataPoint>
<DataPoint>6</DataPoint>
<DataPoint>13</DataPoint>
<DataPoint>9</DataPoint>
<DataPoint>10</DataPoint>
<DataPoint>14</DataPoint>
<DataPoint>12</DataPoint>
<DataPoint>12</DataPoint>
<DataPoint>7</DataPoint>
<DataPoint>8</DataPoint>
<DataPoint>13</DataPoint>
<DataPoint>8</DataPoint>
<DataPoint>14</DataPoint>
<DataPoint>10</DataPoint>
<DataPoint>7</DataPoint>
<DataPoint>13</DataPoint>
<DataPoint>8</DataPoint>
<DataPoint>11</DataPoint>
<DataPoint>4</DataPoint>
<DataPoint>4</DataPoint>
<DataPoint>4</DataPoint>
<DataPoint>4</DataPoint>
<DataPoint>9</DataPoint>
<DataPoint>7</DataPoint>
<DataPoint>9</DataPoint>
<DataPoint>7</DataPoint>
<DataPoint>9</DataPoint>
<DataPoint>4</DataPoint>
<DataPoint>4</DataPoint>
<DataPoint>14</DataPoint>
<DataPoint>9</DataPoint>
<DataPoint>6</DataPoint>
<DataPoint>9</DataPoint>
<DataPoint>7</DataPoint>
<DataPoint>11</DataPoint>
<DataPoint>2</DataPoint>
<DataPoint>8</DataPoint>
<DataPoint>9</DataPoint>
<DataPoint>5</DataPoint>
<DataPoint>7</DataPoint>
<DataPoint>6</DataPoint>
<DataPoint>9</DataPoint>
<DataPoint>7</DataPoint>
<DataPoint>5</DataPoint>
<DataPoint>4</DataPoint>
<DataPoint>5</DataPoint>
<DataPoint>3</DataPoint>
<DataPoint>4</DataPoint>
<DataPoint>9</DataPoint>
<DataPoint>10</DataPoint>
<DataPoint>5</DataPoint>
<DataPoint>6</DataPoint>
<DataPoint>5</DataPoint>
<DataPoint>4</DataPoint>
<DataPoint>8</DataPoint>
<DataPoint>8</DataPoint>
<DataPoint>8</DataPoint>
<DataPoint>8</DataPoint>
<DataPoint>7</DataPoint>
<DataPoint>6</DataPoint>
<DataPoint>6</DataPoint>
<DataPoint>9</DataPoint>
<DataPoint>7</DataPoint>
<DataPoint>2</DataPoint>
<DataPoint>6</DataPoint>
<DataPoint>6</DataPoint>
<DataPoint>3</DataPoint>
<DataPoint>6</DataPoint>
<DataPoint>2</DataPoint>
<DataPoint>9</DataPoint>
<DataPoint>12</DataPoint>
<DataPoint>8</DataPoint>
<DataPoint>7</DataPoint>
<DataPoint>6</DataPoint>
<DataPoint>5</DataPoint>
<DataPoint>12</DataPoint>
<DataPoint>6</DataPoint>
<DataPoint>2</DataPoint>
<DataPoint>6</DataPoint>
<DataPoint>13</DataPoint>
<DataPoint>10</DataPoint>
<DataPoint>11</DataPoint>
<DataPoint>3</DataPoint>
<DataPoint>10</DataPoint>
<DataPoint>14</DataPoint>
<DataPoint>6</DataPoint>
<DataPoint>6</DataPoint>
<DataPoint>6</DataPoint>
<DataPoint>6</DataPoint>
<DataPoint>7</DataPoint>
<DataPoint>4</DataPoint>
<DataPoint>9</DataPoint>
<DataPoint>9</DataPoint>
<DataPoint>11</DataPoint>
<DataPoint>6</DataPoint>
<DataPoint>7</DataPoint>
<DataPoint>10</DataPoint>
<DataPoint>4</DataPoint>
<DataPoint>7</DataPoint>
<DataPoint>6</DataPoint>
<DataPoint>3</DataPoint>
<DataPoint>8</DataPoint>
<DataPoint>6</DataPoint>
<DataPoint>5</DataPoint>
<DataPoint>9</DataPoint>
<DataPoint>5</DataPoint>
<DataPoint>8</DataPoint>
<DataPoint>9</DataPoint>
<DataPoint>3</DataPoint>
<DataPoint>7</DataPoint>
<DataPoint>6</DataPoint>
<DataPoint>5</DataPoint>
<DataPoint>5</DataPoint>
<DataPoint>6</DataPoint>
<DataPoint>4</DataPoint>
<DataPoint>6</DataPoint>
<DataPoint>6</DataPoint>
<DataPoint>3</DataPoint>
<DataPoint>10</DataPoint>
<DataPoint>6</DataPoint>
<DataPoint>5</DataPoint>
<DataPoint>6</DataPoint>
<DataPoint>1</DataPoint>
<DataPoint>3</DataPoint>
<DataPoint>3</DataPoint>
<DataPoint>5</DataPoint>
<DataPoint>3</DataPoint>
<DataPoint>7</DataPoint>
<DataPoint>4</DataPoint>
<DataPoint>7</DataPoint>
<DataPoint>6</DataPoint>
<DataPoint>4</DataPoint>
<DataPoint>5</DataPoint>
<DataPoint>7</DataPoint>
<DataPoint>6</DataPoint>
<DataPoint>7</DataPoint>
<DataPoint>4</DataPoint>
<DataPoint>6</DataPoint>
<DataPoint>3</DataPoint>
<DataPoint>4</DataPoint>
<DataPoint>5</DataPoint>
<DataPoint>3</DataPoint>
<DataPoint>2</DataPoint>
<DataPoint>4</DataPoint>
<DataPoint>3</DataPoint>
<DataPoint>6</DataPoint>
<DataPoint>2</DataPoint>
<DataPoint>2</DataPoint>
<DataPoint>3</DataPoint>
<DataPoint>6</DataPoint>
<DataPoint>1</DataPoint>
<DataPoint>8</DataPoint>
<DataPoint>5</DataPoint>
<DataPoint>3</DataPoint>
<DataPoint>2</DataPoint>
<DataPoint>2</DataPoint>
<DataPoint>3</DataPoint>
<DataPoint>6</DataPoint>
<DataPoint>4</DataPoint>
<DataPoint>2</DataPoint>
<DataPoint>3</DataPoint>
<DataPoint>3</DataPoint>
<DataPoint>1</DataPoint>
<DataPoint>6</DataPoint>
<DataPoint>4</DataPoint>
<DataPoint>1</DataPoint>
<DataPoint>3</DataPoint>
<DataPoint>5</DataPoint>
<DataPoint>4</DataPoint>
<DataPoint>0</DataPoint>
<DataPoint>3</DataPoint>
<DataPoint>4</DataPoint>
<DataPoint>3</DataPoint>
<DataPoint>6</DataPoint>
<DataPoint>4</DataPoint>
<DataPoint>5</DataPoint>
<DataPoint>3</DataPoint>
<DataPoint>3</DataPoint>
<DataPoint>1</DataPoint>
<DataPoint>5</DataPoint>
<DataPoint>4</DataPoint>
<DataPoint>3</DataPoint>
<DataPoint>4</DataPoint>
<DataPoint>3</DataPoint>
<DataPoint>2</DataPoint>
<DataPoint>3</DataPoint>
<DataPoint>3</DataPoint>
<DataPoint>3</DataPoint>
<DataPoint>3</DataPoint>
<DataPoint>1</DataPoint>
<DataPoint>3</DataPoint>
<DataPoint>7</DataPoint>
<DataPoint>1</DataPoint>
<DataPoint>2</DataPoint>
<DataPoint>2</DataPoint>
<DataPoint>1</DataPoint>
<DataPoint>3</DataPoint>
<DataPoint>1</DataPoint>
<DataPoint>6</DataPoint>
<DataPoint>1</DataPoint>
<DataPoint>1</DataPoint>
<DataPoint>2</DataPoint>
<DataPoint>5</DataPoint>
<DataPoint>1</DataPoint>
<DataPoint>7</DataPoint>
<DataPoint>2</DataPoint>
<DataPoint>3</DataPoint>
<DataPoint>2</DataPoint>
<DataPoint>3</DataPoint>
<DataPoint>2</DataPoint>
<DataPoint>0</DataPoint>
<DataPoint>4</DataPoint>
<DataPoint>1</DataPoint>
<DataPoint>1</DataPoint>
<DataPoint>3</DataPoint>
<DataPoint>4</DataPoint>
<DataPoint>2</DataPoint>
<DataPoint>1</DataPoint>
<DataPoint>6</DataPoint>
<DataPoint>7</DataPoint>
<DataPoint>0</DataPoint>
<DataPoint>5</DataPoint>
<DataPoint>3</DataPoint>
<DataPoint>1</DataPoint>
<DataPoint>3</DataPoint>
<DataPoint>5</DataPoint>
<DataPoint>0</DataPoint>
<DataPoint>1</DataPoint>
<DataPoint>1</DataPoint>
<DataPoint>2</DataPoint>
<DataPoint>4</DataPoint>
<DataPoint>3</DataPoint>
<DataPoint>0</DataPoint>
<DataPoint>1</DataPoint>
<DataPoint>3</DataPoint>
<DataPoint>2</DataPoint>
<DataPoint>2</DataPoint>
<DataPoint>2</DataPoint>
<DataPoint>3</DataPoint>
<DataPoint>2</DataPoint>
<DataPoint>0</DataPoint>
<DataPoint>2</DataPoint>
<DataPoint>1</DataPoint>
<DataPoint>1</DataPoint>
<DataPoint>3</DataPoint>
<DataPoint>3</DataPoint>
<DataPoint>0</DataPoint>
<DataPoint>2</DataPoint>
<DataPoint>1</DataPoint>
<DataPoint>4</DataPoint>
<DataPoint>2</DataPoint>
<DataPoint>3</DataPoint>
<DataPoint>4</DataPoint>
<DataPoint>1</DataPoint>
<DataPoint>1</DataPoint>
<DataPoint>2</DataPoint>
<DataPoint>2</DataPoint>
<DataPoint>2</DataPoint>
<DataPoint>2</DataPoint>
<DataPoint>4</DataPoint>
<DataPoint>1</DataPoint>
<DataPoint>0</DataPoint>
<DataPoint>2</DataPoint>
<DataPoint>2</DataPoint>
<DataPoint>2</DataPoint>
<DataPoint>3</DataPoint>
<DataPoint>0</DataPoint>
<DataPoint>1</DataPoint>
<DataPoint>1</DataPoint>
<DataPoint>4</DataPoint>
<DataPoint>5</DataPoint>
<DataPoint>3</DataPoint>
<DataPoint>4</DataPoint>
<DataPoint>0</DataPoint>
<DataPoint>1</DataPoint>
<DataPoint>2</DataPoint>
<DataPoint>2</DataPoint>
<DataPoint>4</DataPoint>
<DataPoint>5</DataPoint>
<DataPoint>1</DataPoint>
<DataPoint>1</DataPoint>
<DataPoint>0</DataPoint>
<DataPoint>3</DataPoint>
<DataPoint>3</DataPoint>
<DataPoint>1</DataPoint>
<DataPoint>4</DataPoint>
<DataPoint>2</DataPoint>
<DataPoint>3</DataPoint>
<DataPoint>1</DataPoint>
<DataPoint>0</DataPoint>
<DataPoint>2</DataPoint>
<DataPoint>3</DataPoint>
<DataPoint>1</DataPoint>
<DataPoint>2</DataPoint>
<DataPoint>2</DataPoint>
<DataPoint>0</DataPoint>
<DataPoint>1</DataPoint>
<DataPoint>4</DataPoint>
<DataPoint>3</DataPoint>
<DataPoint>3</DataPoint>
<DataPoint>3</DataPoint>
<DataPoint>0</DataPoint>
<DataPoint>2</DataPoint>
<DataPoint>4</DataPoint>
<DataPoint>1</DataPoint>
<DataPoint>4</DataPoint>
<DataPoint>2</DataPoint>
<DataPoint>3</DataPoint>
<DataPoint>5</DataPoint>
<DataPoint>2</DataPoint>
<DataPoint>3</DataPoint>
<DataPoint>3</DataPoint>
<DataPoint>3</DataPoint>
<DataPoint>2</DataPoint>
<DataPoint>2</DataPoint>
<DataPoint>4</DataPoint>
<DataPoint>1</DataPoint>
<DataPoint>1</DataPoint>
<DataPoint>1</DataPoint>
<DataPoint>0</DataPoint>
<DataPoint>1</DataPoint>
<DataPoint>3</DataPoint>
<DataPoint>1</DataPoint>
<DataPoint>1</DataPoint>
<DataPoint>1</DataPoint>
<DataPoint>3</DataPoint>
<DataPoint>1</DataPoint>
<DataPoint>1</DataPoint>
<DataPoint>1</DataPoint>
<DataPoint>0</DataPoint>
<DataPoint>1</DataPoint>
<DataPoint>5</DataPoint>
<DataPoint>1</DataPoint>
<DataPoint>0</DataPoint>
<DataPoint>3</DataPoint>
<DataPoint>4</DataPoint>
<DataPoint>1</DataPoint>
<DataPoint>0</DataPoint>
<DataPoint>0</DataPoint>
<DataPoint>3</DataPoint>
<DataPoint>1</DataPoint>
<DataPoint>3</DataPoint>
<DataPoint>2</DataPoint>
<DataPoint>2</DataPoint>
<DataPoint>2</DataPoint>
<DataPoint>0</DataPoint>
<DataPoint>1</DataPoint>
<DataPoint>3</DataPoint>
<DataPoint>1</DataPoint>
<DataPoint>1</DataPoint>
<DataPoint>2</DataPoint>
<DataPoint>1</DataPoint>
<DataPoint>1</DataPoint>
<DataPoint>1</DataPoint>
<DataPoint>0</DataPoint>
<DataPoint>0</DataPoint>
<DataPoint>1</DataPoint>
<DataPoint>1</DataPoint>
<DataPoint>0</DataPoint>
<DataPoint>1</DataPoint>
<DataPoint>7</DataPoint>
<DataPoint>0</DataPoint>
<DataPoint>1</DataPoint>
<DataPoint>1</DataPoint>
<DataPoint>0</DataPoint>
<DataPoint>0</DataPoint>
<DataPoint>0</DataPoint>
<DataPoint>0</DataPoint>
<DataPoint>2</DataPoint>
<DataPoint>1</DataPoint>
<DataPoint>1</DataPoint>
<DataPoint>3</DataPoint>
<DataPoint>4</DataPoint>
<DataPoint>0</DataPoint>
<DataPoint>0</DataPoint>
<DataPoint>1</DataPoint>
<DataPoint>0</DataPoint>
<DataPoint>2</DataPoint>
<DataPoint>3</DataPoint>
<DataPoint>2</DataPoint>
<DataPoint>1</DataPoint>
<DataPoint>0</DataPoint>
<DataPoint>2</DataPoint>
<DataPoint>0</DataPoint>
<DataPoint>3</DataPoint>
<DataPoint>1</DataPoint>
<DataPoint>2</DataPoint>
<DataPoint>2</DataPoint>
<DataPoint>1</DataPoint>
<DataPoint>1</DataPoint>
<DataPoint>1</DataPoint>
<DataPoint>1</DataPoint>
<DataPoint>1</DataPoint>
<DataPoint>2</DataPoint>
<DataPoint>1</DataPoint>
<DataPoint>4</DataPoint>
<DataPoint>3</DataPoint>
<DataPoint>2</DataPoint>
<DataPoint>0</DataPoint>
<DataPoint>1</DataPoint>
<DataPoint>1</DataPoint>
<DataPoint>1</DataPoint>
<DataPoint>1</DataPoint>
<DataPoint>1</DataPoint>
<DataPoint>7</DataPoint>
<DataPoint>2</DataPoint>
<DataPoint>3</DataPoint>
<DataPoint>0</DataPoint>
<DataPoint>1</DataPoint>
<DataPoint>3</DataPoint>
<DataPoint>3</DataPoint>
<DataPoint>0</DataPoint>
<DataPoint>1</DataPoint>
<DataPoint>0</DataPoint>
<DataPoint>0</DataPoint>
<DataPoint>1</DataPoint>
<DataPoint>2</DataPoint>
<DataPoint>0</DataPoint>
<DataPoint>0</DataPoint>
<DataPoint>0</DataPoint>
<DataPoint>2</DataPoint>
<DataPoint>1</DataPoint>
<DataPoint>1</DataPoint>
<DataPoint>2</DataPoint>
<DataPoint>0</DataPoint>
<DataPoint>0</DataPoint>
<DataPoint>2</DataPoint>
<DataPoint>1</DataPoint>
<DataPoint>1</DataPoint>
<DataPoint>0</DataPoint>
<DataPoint>1</DataPoint>
<DataPoint>0</DataPoint>
<DataPoint>1</DataPoint>
<DataPoint>0</DataPoint>
<DataPoint>1</DataPoint>
<DataPoint>1</DataPoint>
<DataPoint>3</DataPoint>
<DataPoint>3</DataPoint>
<DataPoint>2</DataPoint>
<DataPoint>0</DataPoint>
<DataPoint>1</DataPoint>
<DataPoint>0</DataPoint>
<DataPoint>0</DataPoint>
<DataPoint>1</DataPoint>
<DataPoint>2</DataPoint>
<DataPoint>3</DataPoint>
<DataPoint>2</DataPoint>
<DataPoint>1</DataPoint>
<DataPoint>3</DataPoint>
<DataPoint>2</DataPoint>
<DataPoint>2</DataPoint>
<DataPoint>1</DataPoint>
<DataPoint>0</DataPoint>
<DataPoint>3</DataPoint>
<DataPoint>2</DataPoint>
<DataPoint>1</DataPoint>
<DataPoint>0</DataPoint>
<DataPoint>3</DataPoint>
<DataPoint>1</DataPoint>
<DataPoint>2</DataPoint>
<DataPoint>0</DataPoint>
<DataPoint>3</DataPoint>
<DataPoint>2</DataPoint>
<DataPoint>2</DataPoint>
<DataPoint>2</DataPoint>
<DataPoint>0</DataPoint>
<DataPoint>0</DataPoint>
<DataPoint>1</DataPoint>
<DataPoint>2</DataPoint>
<DataPoint>3</DataPoint>
<DataPoint>1</DataPoint>
<DataPoint>0</DataPoint>
<DataPoint>4</DataPoint>
<DataPoint>1</DataPoint>
<DataPoint>1</DataPoint>
<DataPoint>2</DataPoint>
<DataPoint>0</DataPoint>
<DataPoint>0</DataPoint>
<DataPoint>0</DataPoint>
<DataPoint>0</DataPoint>
<DataPoint>3</DataPoint>
<DataPoint>4</DataPoint>
<DataPoint>1</DataPoint>
<DataPoint>0</DataPoint>
<DataPoint>3</DataPoint>
<DataPoint>1</DataPoint>
<DataPoint>2</DataPoint>
<DataPoint>1</DataPoint>
<DataPoint>1</DataPoint>
<DataPoint>2</DataPoint>
<DataPoint>0</DataPoint>
<DataPoint>3</DataPoint>
<DataPoint>2</DataPoint>
<DataPoint>0</DataPoint>
<DataPoint>3</DataPoint>
<DataPoint>0</DataPoint>
<DataPoint>2</DataPoint>
<DataPoint>1</DataPoint>
<DataPoint>1</DataPoint>
<DataPoint>1</DataPoint>
<DataPoint>3</DataPoint>
<DataPoint>2</DataPoint>
<DataPoint>1</DataPoint>
<DataPoint>1</DataPoint>
<DataPoint>1</DataPoint>
<DataPoint>2</DataPoint>
<DataPoint>1</DataPoint>
<DataPoint>2</DataPoint>
<DataPoint>0</DataPoint>
<DataPoint>3</DataPoint>
<DataPoint>1</DataPoint>
<DataPoint>2</DataPoint>
<DataPoint>0</DataPoint>
<DataPoint>1</DataPoint>
<DataPoint>4</DataPoint>
<DataPoint>3</DataPoint>
<DataPoint>1</DataPoint>
<DataPoint>2</DataPoint>
<DataPoint>1</DataPoint>
<DataPoint>0</DataPoint>
<DataPoint>0</DataPoint>
<DataPoint>1</DataPoint>
<DataPoint>4</DataPoint>
<DataPoint>2</DataPoint>
<DataPoint>3</DataPoint>
<DataPoint>2</DataPoint>
<DataPoint>2</DataPoint>
<DataPoint>1</DataPoint>
<DataPoint>1</DataPoint>
<DataPoint>2</DataPoint>
<DataPoint>1</DataPoint>
<DataPoint>2</DataPoint>
<DataPoint>0</DataPoint>
<DataPoint>2</DataPoint>
<DataPoint>0</DataPoint>
<DataPoint>2</DataPoint>
<DataPoint>0</DataPoint>
<DataPoint>2</DataPoint>
<DataPoint>4</DataPoint>
<DataPoint>2</DataPoint>
<DataPoint>1</DataPoint>
<DataPoint>3</DataPoint>
<DataPoint>2</DataPoint>
<DataPoint>3</DataPoint>
<DataPoint>2</DataPoint>
<DataPoint>1</DataPoint>
<DataPoint>3</DataPoint>
<DataPoint>1</DataPoint>
<DataPoint>3</DataPoint>
<DataPoint>5</DataPoint>
<DataPoint>2</DataPoint>
<DataPoint>2</DataPoint>
<DataPoint>1</DataPoint>
<DataPoint>1</DataPoint>
<DataPoint>1</DataPoint>
<DataPoint>3</DataPoint>
<DataPoint>2</DataPoint>
<DataPoint>1</DataPoint>
<DataPoint>2</DataPoint>
<DataPoint>1</DataPoint>
<DataPoint>2</DataPoint>
<DataPoint>2</DataPoint>
<DataPoint>3</DataPoint>
<DataPoint>3</DataPoint>
<DataPoint>2</DataPoint>
<DataPoint>5</DataPoint>
<DataPoint>1</DataPoint>
<DataPoint>5</DataPoint>
<DataPoint>3</DataPoint>
<DataPoint>0</DataPoint>
<DataPoint>2</DataPoint>
<DataPoint>1</DataPoint>
<DataPoint>1</DataPoint>
<DataPoint>3</DataPoint>
<DataPoint>2</DataPoint>
<DataPoint>2</DataPoint>
<DataPoint>4</DataPoint>
<DataPoint>2</DataPoint>
<DataPoint>3</DataPoint>
<DataPoint>4</DataPoint>
<DataPoint>3</DataPoint>
<DataPoint>0</DataPoint>
<DataPoint>2</DataPoint>
<DataPoint>4</DataPoint>
<DataPoint>3</DataPoint>
<DataPoint>2</DataPoint>
<DataPoint>4</DataPoint>
<DataPoint>1</DataPoint>
<DataPoint>1</DataPoint>
<DataPoint>578</DataPoint>

  </Spectrum>
 </BackgroundEnergySpectrum>


      <Visible>true</Visible>
      <PulseCollection>
        <Format>Base64 encoded binary</Format>
        <Pulses />
      </PulseCollection>
    </ResultData>
  </ResultDataList>
</ResultDataFile>
