<?xml version="1.0"?>
<ResultDataFile xmlns:xsd="http://www.w3.org/2001/XMLSchema" xmlns:xsi="http://www.w3.org/2001/XMLSchema-instance">
  <FormatVersion>120920</FormatVersion>
  <ResultDataList>
    <ResultData>
      <DeviceConfigReference>
        <Name>RadiaCode-101</Name>
      </DeviceConfigReference>
      <BackgroundSpectrumFile>Background - office 1 hour</BackgroundSpectrumFile>

       
 

 <EnergySpectrum>
  <NumberOfChannels>256</NumberOfChannels>
  <SpectrumName>Ba-133 source EG 3 - 2</SpectrumName>
  <SerialNumber>RC-101-001897</SerialNumber>
  <EnergyCalibration>
    <PolynomialOrder>2</PolynomialOrder>
    <Coefficients>
      <Coefficient>1.9060767</Coefficient>
      <Coefficient>9.45942</Coefficient>
      <Coefficient>0.00813342</Coefficient>
    </Coefficients>
  </EnergyCalibration>
  <MeasurementTime>676</MeasurementTime>
  <Spectrum>
    <DataPoint>0</DataPoint>
<DataPoint>0</DataPoint>
<DataPoint>8460</DataPoint>
<DataPoint>13631</DataPoint>
<DataPoint>5722</DataPoint>
<DataPoint>2123</DataPoint>
<DataPoint>2294</DataPoint>
<DataPoint>3044</DataPoint>
<DataPoint>4537</DataPoint>
<DataPoint>4408</DataPoint>
<DataPoint>2466</DataPoint>
<DataPoint>1184</DataPoint>
<DataPoint>952</DataPoint>
<DataPoint>924</DataPoint>
<DataPoint>1107</DataPoint>
<DataPoint>1153</DataPoint>
<DataPoint>1087</DataPoint>
<DataPoint>896</DataPoint>
<DataPoint>763</DataPoint>
<DataPoint>518</DataPoint>
<DataPoint>382</DataPoint>
<DataPoint>318</DataPoint>
<DataPoint>218</DataPoint>
<DataPoint>214</DataPoint>
<DataPoint>168</DataPoint>
<DataPoint>208</DataPoint>
<DataPoint>207</DataPoint>
<DataPoint>326</DataPoint>
<DataPoint>429</DataPoint>
<DataPoint>418</DataPoint>
<DataPoint>450</DataPoint>
<DataPoint>401</DataPoint>
<DataPoint>476</DataPoint>
<DataPoint>648</DataPoint>
<DataPoint>685</DataPoint>
<DataPoint>710</DataPoint>
<DataPoint>679</DataPoint>
<DataPoint>522</DataPoint>
<DataPoint>387</DataPoint>
<DataPoint>226</DataPoint>
<DataPoint>143</DataPoint>
<DataPoint>71</DataPoint>
<DataPoint>51</DataPoint>
<DataPoint>29</DataPoint>
<DataPoint>22</DataPoint>
<DataPoint>10</DataPoint>
<DataPoint>14</DataPoint>
<DataPoint>12</DataPoint>
<DataPoint>6</DataPoint>
<DataPoint>8</DataPoint>
<DataPoint>11</DataPoint>
<DataPoint>13</DataPoint>
<DataPoint>6</DataPoint>
<DataPoint>4</DataPoint>
<DataPoint>10</DataPoint>
<DataPoint>3</DataPoint>
<DataPoint>4</DataPoint>
<DataPoint>6</DataPoint>
<DataPoint>6</DataPoint>
<DataPoint>4</DataPoint>
<DataPoint>0</DataPoint>
<DataPoint>2</DataPoint>
<DataPoint>4</DataPoint>
<DataPoint>3</DataPoint>
<DataPoint>8</DataPoint>
<DataPoint>2</DataPoint>
<DataPoint>1</DataPoint>
<DataPoint>1</DataPoint>
<DataPoint>2</DataPoint>
<DataPoint>3</DataPoint>
<DataPoint>1</DataPoint>
<DataPoint>6</DataPoint>
<DataPoint>2</DataPoint>
<DataPoint>2</DataPoint>
<DataPoint>1</DataPoint>
<DataPoint>2</DataPoint>
<DataPoint>0</DataPoint>
<DataPoint>1</DataPoint>
<DataPoint>2</DataPoint>
<DataPoint>1</DataPoint>
<DataPoint>1</DataPoint>
<DataPoint>2</DataPoint>
<DataPoint>1</DataPoint>
<DataPoint>1</DataPoint>
<DataPoint>0</DataPoint>
<DataPoint>1</DataPoint>
<DataPoint>4</DataPoint>
<DataPoint>2</DataPoint>
<DataPoint>0</DataPoint>
<DataPoint>5</DataPoint>
<DataPoint>1</DataPoint>
<DataPoint>2</DataPoint>
<DataPoint>2</DataPoint>
<DataPoint>3</DataPoint>
<DataPoint>0</DataPoint>
<DataPoint>1</DataPoint>
<DataPoint>1</DataPoint>
<DataPoint>0</DataPoint>
<DataPoint>1</DataPoint>
<DataPoint>2</DataPoint>
<DataPoint>2</DataPoint>
<DataPoint>1</DataPoint>
<DataPoint>3</DataPoint>
<DataPoint>2</DataPoint>
<DataPoint>1</DataPoint>
<DataPoint>2</DataPoint>
<DataPoint>1</DataPoint>
<DataPoint>0</DataPoint>
<DataPoint>2</DataPoint>
<DataPoint>0</DataPoint>
<DataPoint>1</DataPoint>
<DataPoint>2</DataPoint>
<DataPoint>2</DataPoint>
<DataPoint>1</DataPoint>
<DataPoint>0</DataPoint>
<DataPoint>0</DataPoint>
<DataPoint>1</DataPoint>
<DataPoint>1</DataPoint>
<DataPoint>0</DataPoint>
<DataPoint>0</DataPoint>
<DataPoint>0</DataPoint>
<DataPoint>1</DataPoint>
<DataPoint>1</DataPoint>
<DataPoint>1</DataPoint>
<DataPoint>0</DataPoint>
<DataPoint>0</DataPoint>
<DataPoint>1</DataPoint>
<DataPoint>0</DataPoint>
<DataPoint>2</DataPoint>
<DataPoint>0</DataPoint>
<DataPoint>0</DataPoint>
<DataPoint>2</DataPoint>
<DataPoint>0</DataPoint>
<DataPoint>1</DataPoint>
<DataPoint>0</DataPoint>
<DataPoint>0</DataPoint>
<DataPoint>0</DataPoint>
<DataPoint>1</DataPoint>
<DataPoint>0</DataPoint>
<DataPoint>0</DataPoint>
<DataPoint>0</DataPoint>
<DataPoint>0</DataPoint>
<DataPoint>0</DataPoint>
<DataPoint>2</DataPoint>
<DataPoint>0</DataPoint>
<DataPoint>1</DataPoint>
<DataPoint>1</DataPoint>
<DataPoint>0</DataPoint>
<DataPoint>0</DataPoint>
<DataPoint>1</DataPoint>
<DataPoint>0</DataPoint>
<DataPoint>0</DataPoint>
<DataPoint>0</DataPoint>
<DataPoint>0</DataPoint>
<DataPoint>0</DataPoint>
<DataPoint>0</DataPoint>
<DataPoint>0</DataPoint>
<DataPoint>0</DataPoint>
<DataPoint>0</DataPoint>
<DataPoint>0</DataPoint>
<DataPoint>0</DataPoint>
<DataPoint>0</DataPoint>
<DataPoint>0</DataPoint>
<DataPoint>0</DataPoint>
<DataPoint>0</DataPoint>
<DataPoint>0</DataPoint>
<DataPoint>0</DataPoint>
<DataPoint>0</DataPoint>
<DataPoint>1</DataPoint>
<DataPoint>1</DataPoint>
<DataPoint>0</DataPoint>
<DataPoint>0</DataPoint>
<DataPoint>0</DataPoint>
<DataPoint>0</DataPoint>
<DataPoint>0</DataPoint>
<DataPoint>0</DataPoint>
<DataPoint>0</DataPoint>
<DataPoint>0</DataPoint>
<DataPoint>0</DataPoint>
<DataPoint>1</DataPoint>
<DataPoint>0</DataPoint>
<DataPoint>0</DataPoint>
<DataPoint>0</DataPoint>
<DataPoint>0</DataPoint>
<DataPoint>0</DataPoint>
<DataPoint>0</DataPoint>
<DataPoint>0</DataPoint>
<DataPoint>0</DataPoint>
<DataPoint>1</DataPoint>
<DataPoint>0</DataPoint>
<DataPoint>0</DataPoint>
<DataPoint>0</DataPoint>
<DataPoint>0</DataPoint>
<DataPoint>0</DataPoint>
<DataPoint>0</DataPoint>
<DataPoint>0</DataPoint>
<DataPoint>0</DataPoint>
<DataPoint>0</DataPoint>
<DataPoint>0</DataPoint>
<DataPoint>0</DataPoint>
<DataPoint>0</DataPoint>
<DataPoint>0</DataPoint>
<DataPoint>0</DataPoint>
<DataPoint>0</DataPoint>
<DataPoint>0</DataPoint>
<DataPoint>1</DataPoint>
<DataPoint>0</DataPoint>
<DataPoint>0</DataPoint>
<DataPoint>0</DataPoint>
<DataPoint>0</DataPoint>
<DataPoint>0</DataPoint>
<DataPoint>0</DataPoint>
<DataPoint>0</DataPoint>
<DataPoint>0</DataPoint>
<DataPoint>0</DataPoint>
<DataPoint>0</DataPoint>
<DataPoint>1</DataPoint>
<DataPoint>0</DataPoint>
<DataPoint>0</DataPoint>
<DataPoint>0</DataPoint>
<DataPoint>0</DataPoint>
<DataPoint>0</DataPoint>
<DataPoint>0</DataPoint>
<DataPoint>0</DataPoint>
<DataPoint>0</DataPoint>
<DataPoint>0</DataPoint>
<DataPoint>0</DataPoint>
<DataPoint>0</DataPoint>
<DataPoint>0</DataPoint>
<DataPoint>0</DataPoint>
<DataPoint>0</DataPoint>
<DataPoint>0</DataPoint>
<DataPoint>0</DataPoint>
<DataPoint>0</DataPoint>
<DataPoint>0</DataPoint>
<DataPoint>0</DataPoint>
<DataPoint>1</DataPoint>
<DataPoint>0</DataPoint>
<DataPoint>0</DataPoint>
<DataPoint>0</DataPoint>
<DataPoint>0</DataPoint>
<DataPoint>0</DataPoint>
<DataPoint>0</DataPoint>
<DataPoint>0</DataPoint>
<DataPoint>0</DataPoint>
<DataPoint>1</DataPoint>
<DataPoint>0</DataPoint>
<DataPoint>0</DataPoint>
<DataPoint>0</DataPoint>
<DataPoint>0</DataPoint>
<DataPoint>0</DataPoint>
<DataPoint>0</DataPoint>
<DataPoint>0</DataPoint>
<DataPoint>1</DataPoint>
<DataPoint>0</DataPoint>
<DataPoint>15</DataPoint>

  </Spectrum>
 </EnergySpectrum>


       
 

 <BackgroundEnergySpectrum>
  <NumberOfChannels>256</NumberOfChannels>
  <SpectrumName>Background - office 1 hour</SpectrumName>
  <SerialNumber>RC-101-001897</SerialNumber>
  <EnergyCalibration>
    <PolynomialOrder>2</PolynomialOrder>
    <Coefficients>
      <Coefficient>1.9060767</Coefficient>
      <Coefficient>9.45942</Coefficient>
      <Coefficient>0.00813342</Coefficient>
    </Coefficients>
  </EnergyCalibration>
  <MeasurementTime>4333</MeasurementTime>
  <Spectrum>
    <DataPoint>0</DataPoint>
<DataPoint>0</DataPoint>
<DataPoint>162</DataPoint>
<DataPoint>410</DataPoint>
<DataPoint>611</DataPoint>
<DataPoint>959</DataPoint>
<DataPoint>1359</DataPoint>
<DataPoint>1653</DataPoint>
<DataPoint>1954</DataPoint>
<DataPoint>2035</DataPoint>
<DataPoint>2031</DataPoint>
<DataPoint>1795</DataPoint>
<DataPoint>1614</DataPoint>
<DataPoint>1380</DataPoint>
<DataPoint>1247</DataPoint>
<DataPoint>1020</DataPoint>
<DataPoint>956</DataPoint>
<DataPoint>851</DataPoint>
<DataPoint>734</DataPoint>
<DataPoint>635</DataPoint>
<DataPoint>537</DataPoint>
<DataPoint>478</DataPoint>
<DataPoint>447</DataPoint>
<DataPoint>384</DataPoint>
<DataPoint>318</DataPoint>
<DataPoint>280</DataPoint>
<DataPoint>294</DataPoint>
<DataPoint>213</DataPoint>
<DataPoint>212</DataPoint>
<DataPoint>159</DataPoint>
<DataPoint>144</DataPoint>
<DataPoint>150</DataPoint>
<DataPoint>114</DataPoint>
<DataPoint>126</DataPoint>
<DataPoint>91</DataPoint>
<DataPoint>113</DataPoint>
<DataPoint>91</DataPoint>
<DataPoint>80</DataPoint>
<DataPoint>67</DataPoint>
<DataPoint>60</DataPoint>
<DataPoint>63</DataPoint>
<DataPoint>43</DataPoint>
<DataPoint>54</DataPoint>
<DataPoint>56</DataPoint>
<DataPoint>41</DataPoint>
<DataPoint>47</DataPoint>
<DataPoint>38</DataPoint>
<DataPoint>45</DataPoint>
<DataPoint>37</DataPoint>
<DataPoint>46</DataPoint>
<DataPoint>33</DataPoint>
<DataPoint>38</DataPoint>
<DataPoint>24</DataPoint>
<DataPoint>23</DataPoint>
<DataPoint>42</DataPoint>
<DataPoint>27</DataPoint>
<DataPoint>27</DataPoint>
<DataPoint>21</DataPoint>
<DataPoint>36</DataPoint>
<DataPoint>33</DataPoint>
<DataPoint>31</DataPoint>
<DataPoint>21</DataPoint>
<DataPoint>22</DataPoint>
<DataPoint>12</DataPoint>
<DataPoint>22</DataPoint>
<DataPoint>17</DataPoint>
<DataPoint>18</DataPoint>
<DataPoint>18</DataPoint>
<DataPoint>21</DataPoint>
<DataPoint>19</DataPoint>
<DataPoint>17</DataPoint>
<DataPoint>15</DataPoint>
<DataPoint>12</DataPoint>
<DataPoint>15</DataPoint>
<DataPoint>15</DataPoint>
<DataPoint>13</DataPoint>
<DataPoint>9</DataPoint>
<DataPoint>17</DataPoint>
<DataPoint>6</DataPoint>
<DataPoint>11</DataPoint>
<DataPoint>17</DataPoint>
<DataPoint>10</DataPoint>
<DataPoint>12</DataPoint>
<DataPoint>16</DataPoint>
<DataPoint>11</DataPoint>
<DataPoint>14</DataPoint>
<DataPoint>9</DataPoint>
<DataPoint>11</DataPoint>
<DataPoint>12</DataPoint>
<DataPoint>13</DataPoint>
<DataPoint>8</DataPoint>
<DataPoint>10</DataPoint>
<DataPoint>8</DataPoint>
<DataPoint>15</DataPoint>
<DataPoint>11</DataPoint>
<DataPoint>15</DataPoint>
<DataPoint>12</DataPoint>
<DataPoint>8</DataPoint>
<DataPoint>11</DataPoint>
<DataPoint>8</DataPoint>
<DataPoint>12</DataPoint>
<DataPoint>11</DataPoint>
<DataPoint>7</DataPoint>
<DataPoint>9</DataPoint>
<DataPoint>8</DataPoint>
<DataPoint>7</DataPoint>
<DataPoint>7</DataPoint>
<DataPoint>7</DataPoint>
<DataPoint>9</DataPoint>
<DataPoint>7</DataPoint>
<DataPoint>12</DataPoint>
<DataPoint>4</DataPoint>
<DataPoint>13</DataPoint>
<DataPoint>9</DataPoint>
<DataPoint>12</DataPoint>
<DataPoint>9</DataPoint>
<DataPoint>7</DataPoint>
<DataPoint>3</DataPoint>
<DataPoint>9</DataPoint>
<DataPoint>5</DataPoint>
<DataPoint>9</DataPoint>
<DataPoint>4</DataPoint>
<DataPoint>3</DataPoint>
<DataPoint>3</DataPoint>
<DataPoint>8</DataPoint>
<DataPoint>4</DataPoint>
<DataPoint>3</DataPoint>
<DataPoint>4</DataPoint>
<DataPoint>5</DataPoint>
<DataPoint>3</DataPoint>
<DataPoint>5</DataPoint>
<DataPoint>5</DataPoint>
<DataPoint>4</DataPoint>
<DataPoint>4</DataPoint>
<DataPoint>7</DataPoint>
<DataPoint>3</DataPoint>
<DataPoint>7</DataPoint>
<DataPoint>3</DataPoint>
<DataPoint>4</DataPoint>
<DataPoint>3</DataPoint>
<DataPoint>3</DataPoint>
<DataPoint>5</DataPoint>
<DataPoint>5</DataPoint>
<DataPoint>2</DataPoint>
<DataPoint>6</DataPoint>
<DataPoint>4</DataPoint>
<DataPoint>2</DataPoint>
<DataPoint>0</DataPoint>
<DataPoint>4</DataPoint>
<DataPoint>1</DataPoint>
<DataPoint>1</DataPoint>
<DataPoint>2</DataPoint>
<DataPoint>1</DataPoint>
<DataPoint>1</DataPoint>
<DataPoint>7</DataPoint>
<DataPoint>3</DataPoint>
<DataPoint>2</DataPoint>
<DataPoint>2</DataPoint>
<DataPoint>2</DataPoint>
<DataPoint>0</DataPoint>
<DataPoint>2</DataPoint>
<DataPoint>2</DataPoint>
<DataPoint>2</DataPoint>
<DataPoint>0</DataPoint>
<DataPoint>2</DataPoint>
<DataPoint>1</DataPoint>
<DataPoint>2</DataPoint>
<DataPoint>1</DataPoint>
<DataPoint>1</DataPoint>
<DataPoint>2</DataPoint>
<DataPoint>1</DataPoint>
<DataPoint>1</DataPoint>
<DataPoint>2</DataPoint>
<DataPoint>0</DataPoint>
<DataPoint>0</DataPoint>
<DataPoint>1</DataPoint>
<DataPoint>1</DataPoint>
<DataPoint>2</DataPoint>
<DataPoint>1</DataPoint>
<DataPoint>3</DataPoint>
<DataPoint>0</DataPoint>
<DataPoint>0</DataPoint>
<DataPoint>2</DataPoint>
<DataPoint>0</DataPoint>
<DataPoint>1</DataPoint>
<DataPoint>2</DataPoint>
<DataPoint>1</DataPoint>
<DataPoint>2</DataPoint>
<DataPoint>0</DataPoint>
<DataPoint>0</DataPoint>
<DataPoint>0</DataPoint>
<DataPoint>0</DataPoint>
<DataPoint>0</DataPoint>
<DataPoint>0</DataPoint>
<DataPoint>3</DataPoint>
<DataPoint>1</DataPoint>
<DataPoint>1</DataPoint>
<DataPoint>2</DataPoint>
<DataPoint>1</DataPoint>
<DataPoint>0</DataPoint>
<DataPoint>2</DataPoint>
<DataPoint>0</DataPoint>
<DataPoint>2</DataPoint>
<DataPoint>0</DataPoint>
<DataPoint>1</DataPoint>
<DataPoint>0</DataPoint>
<DataPoint>0</DataPoint>
<DataPoint>1</DataPoint>
<DataPoint>2</DataPoint>
<DataPoint>1</DataPoint>
<DataPoint>0</DataPoint>
<DataPoint>0</DataPoint>
<DataPoint>1</DataPoint>
<DataPoint>1</DataPoint>
<DataPoint>0</DataPoint>
<DataPoint>1</DataPoint>
<DataPoint>1</DataPoint>
<DataPoint>2</DataPoint>
<DataPoint>0</DataPoint>
<DataPoint>1</DataPoint>
<DataPoint>1</DataPoint>
<DataPoint>2</DataPoint>
<DataPoint>0</DataPoint>
<DataPoint>2</DataPoint>
<DataPoint>1</DataPoint>
<DataPoint>1</DataPoint>
<DataPoint>0</DataPoint>
<DataPoint>2</DataPoint>
<DataPoint>0</DataPoint>
<DataPoint>2</DataPoint>
<DataPoint>0</DataPoint>
<DataPoint>0</DataPoint>
<DataPoint>2</DataPoint>
<DataPoint>0</DataPoint>
<DataPoint>0</DataPoint>
<DataPoint>1</DataPoint>
<DataPoint>1</DataPoint>
<DataPoint>1</DataPoint>
<DataPoint>0</DataPoint>
<DataPoint>0</DataPoint>
<DataPoint>3</DataPoint>
<DataPoint>0</DataPoint>
<DataPoint>1</DataPoint>
<DataPoint>0</DataPoint>
<DataPoint>1</DataPoint>
<DataPoint>1</DataPoint>
<DataPoint>2</DataPoint>
<DataPoint>1</DataPoint>
<DataPoint>3</DataPoint>
<DataPoint>0</DataPoint>
<DataPoint>1</DataPoint>
<DataPoint>1</DataPoint>
<DataPoint>1</DataPoint>
<DataPoint>0</DataPoint>
<DataPoint>1</DataPoint>
<DataPoint>103</DataPoint>

  </Spectrum>
 </BackgroundEnergySpectrum>


      <Visible>true</Visible>
      <PulseCollection>
        <Format>Base64 encoded binary</Format>
        <Pulses />
      </PulseCollection>
    </ResultData>
  </ResultDataList>
</ResultDataFile>
