<?xml version="1.0"?>
<ResultDataFile xmlns:xsd="http://www.w3.org/2001/XMLSchema" xmlns:xsi="http://www.w3.org/2001/XMLSchema-instance">
  <FormatVersion>120920</FormatVersion>
  <ResultDataList>
    <ResultData>
      <DeviceConfigReference>
        <Name>RadiaCode-101</Name>
      </DeviceConfigReference>
      <BackgroundSpectrumFile>Background, place of sample measurement</BackgroundSpectrumFile>

       
 

 <EnergySpectrum>
  <NumberOfChannels>256</NumberOfChannels>
  <SpectrumName>Dosemap.org Cs-137 Russia Kirovo-Chepetsk soil</SpectrumName>
  <SerialNumber>RC-101-000001</SerialNumber>
  <EnergyCalibration>
    <PolynomialOrder>2</PolynomialOrder>
    <Coefficients>
      <Coefficient>-9.70666</Coefficient>
      <Coefficient>9.91014</Coefficient>
      <Coefficient>0.0088</Coefficient>
    </Coefficients>
  </EnergyCalibration>
  <MeasurementTime>278864</MeasurementTime>
  <Spectrum>
    <DataPoint>0</DataPoint>
<DataPoint>0</DataPoint>
<DataPoint>6117</DataPoint>
<DataPoint>15406</DataPoint>
<DataPoint>19838</DataPoint>
<DataPoint>23849</DataPoint>
<DataPoint>35119</DataPoint>
<DataPoint>46718</DataPoint>
<DataPoint>57537</DataPoint>
<DataPoint>59359</DataPoint>
<DataPoint>59446</DataPoint>
<DataPoint>53721</DataPoint>
<DataPoint>49463</DataPoint>
<DataPoint>43526</DataPoint>
<DataPoint>39757</DataPoint>
<DataPoint>33929</DataPoint>
<DataPoint>30463</DataPoint>
<DataPoint>26304</DataPoint>
<DataPoint>23918</DataPoint>
<DataPoint>20934</DataPoint>
<DataPoint>18624</DataPoint>
<DataPoint>16190</DataPoint>
<DataPoint>14448</DataPoint>
<DataPoint>12690</DataPoint>
<DataPoint>11251</DataPoint>
<DataPoint>9754</DataPoint>
<DataPoint>8589</DataPoint>
<DataPoint>7512</DataPoint>
<DataPoint>6649</DataPoint>
<DataPoint>5675</DataPoint>
<DataPoint>5406</DataPoint>
<DataPoint>4775</DataPoint>
<DataPoint>4513</DataPoint>
<DataPoint>3958</DataPoint>
<DataPoint>3858</DataPoint>
<DataPoint>3493</DataPoint>
<DataPoint>3278</DataPoint>
<DataPoint>2919</DataPoint>
<DataPoint>2868</DataPoint>
<DataPoint>2519</DataPoint>
<DataPoint>2475</DataPoint>
<DataPoint>2256</DataPoint>
<DataPoint>2133</DataPoint>
<DataPoint>2056</DataPoint>
<DataPoint>1809</DataPoint>
<DataPoint>1757</DataPoint>
<DataPoint>1614</DataPoint>
<DataPoint>1480</DataPoint>
<DataPoint>1373</DataPoint>
<DataPoint>1183</DataPoint>
<DataPoint>1115</DataPoint>
<DataPoint>1099</DataPoint>
<DataPoint>1016</DataPoint>
<DataPoint>1004</DataPoint>
<DataPoint>1038</DataPoint>
<DataPoint>932</DataPoint>
<DataPoint>1026</DataPoint>
<DataPoint>1113</DataPoint>
<DataPoint>1176</DataPoint>
<DataPoint>1284</DataPoint>
<DataPoint>1433</DataPoint>
<DataPoint>1559</DataPoint>
<DataPoint>1634</DataPoint>
<DataPoint>1657</DataPoint>
<DataPoint>1553</DataPoint>
<DataPoint>1363</DataPoint>
<DataPoint>1242</DataPoint>
<DataPoint>955</DataPoint>
<DataPoint>815</DataPoint>
<DataPoint>662</DataPoint>
<DataPoint>588</DataPoint>
<DataPoint>562</DataPoint>
<DataPoint>526</DataPoint>
<DataPoint>489</DataPoint>
<DataPoint>446</DataPoint>
<DataPoint>433</DataPoint>
<DataPoint>434</DataPoint>
<DataPoint>356</DataPoint>
<DataPoint>370</DataPoint>
<DataPoint>386</DataPoint>
<DataPoint>371</DataPoint>
<DataPoint>347</DataPoint>
<DataPoint>337</DataPoint>
<DataPoint>359</DataPoint>
<DataPoint>367</DataPoint>
<DataPoint>345</DataPoint>
<DataPoint>334</DataPoint>
<DataPoint>322</DataPoint>
<DataPoint>364</DataPoint>
<DataPoint>324</DataPoint>
<DataPoint>293</DataPoint>
<DataPoint>272</DataPoint>
<DataPoint>321</DataPoint>
<DataPoint>296</DataPoint>
<DataPoint>292</DataPoint>
<DataPoint>283</DataPoint>
<DataPoint>305</DataPoint>
<DataPoint>283</DataPoint>
<DataPoint>277</DataPoint>
<DataPoint>278</DataPoint>
<DataPoint>285</DataPoint>
<DataPoint>287</DataPoint>
<DataPoint>288</DataPoint>
<DataPoint>289</DataPoint>
<DataPoint>254</DataPoint>
<DataPoint>266</DataPoint>
<DataPoint>243</DataPoint>
<DataPoint>228</DataPoint>
<DataPoint>261</DataPoint>
<DataPoint>196</DataPoint>
<DataPoint>227</DataPoint>
<DataPoint>204</DataPoint>
<DataPoint>194</DataPoint>
<DataPoint>160</DataPoint>
<DataPoint>148</DataPoint>
<DataPoint>157</DataPoint>
<DataPoint>135</DataPoint>
<DataPoint>122</DataPoint>
<DataPoint>157</DataPoint>
<DataPoint>111</DataPoint>
<DataPoint>109</DataPoint>
<DataPoint>108</DataPoint>
<DataPoint>113</DataPoint>
<DataPoint>125</DataPoint>
<DataPoint>122</DataPoint>
<DataPoint>134</DataPoint>
<DataPoint>146</DataPoint>
<DataPoint>129</DataPoint>
<DataPoint>153</DataPoint>
<DataPoint>147</DataPoint>
<DataPoint>174</DataPoint>
<DataPoint>150</DataPoint>
<DataPoint>160</DataPoint>
<DataPoint>116</DataPoint>
<DataPoint>137</DataPoint>
<DataPoint>128</DataPoint>
<DataPoint>117</DataPoint>
<DataPoint>97</DataPoint>
<DataPoint>93</DataPoint>
<DataPoint>79</DataPoint>
<DataPoint>98</DataPoint>
<DataPoint>80</DataPoint>
<DataPoint>75</DataPoint>
<DataPoint>70</DataPoint>
<DataPoint>71</DataPoint>
<DataPoint>40</DataPoint>
<DataPoint>61</DataPoint>
<DataPoint>48</DataPoint>
<DataPoint>53</DataPoint>
<DataPoint>42</DataPoint>
<DataPoint>46</DataPoint>
<DataPoint>40</DataPoint>
<DataPoint>48</DataPoint>
<DataPoint>53</DataPoint>
<DataPoint>44</DataPoint>
<DataPoint>49</DataPoint>
<DataPoint>58</DataPoint>
<DataPoint>58</DataPoint>
<DataPoint>45</DataPoint>
<DataPoint>47</DataPoint>
<DataPoint>49</DataPoint>
<DataPoint>36</DataPoint>
<DataPoint>33</DataPoint>
<DataPoint>38</DataPoint>
<DataPoint>36</DataPoint>
<DataPoint>30</DataPoint>
<DataPoint>30</DataPoint>
<DataPoint>33</DataPoint>
<DataPoint>28</DataPoint>
<DataPoint>32</DataPoint>
<DataPoint>29</DataPoint>
<DataPoint>33</DataPoint>
<DataPoint>31</DataPoint>
<DataPoint>24</DataPoint>
<DataPoint>27</DataPoint>
<DataPoint>20</DataPoint>
<DataPoint>32</DataPoint>
<DataPoint>27</DataPoint>
<DataPoint>28</DataPoint>
<DataPoint>33</DataPoint>
<DataPoint>24</DataPoint>
<DataPoint>31</DataPoint>
<DataPoint>37</DataPoint>
<DataPoint>32</DataPoint>
<DataPoint>23</DataPoint>
<DataPoint>21</DataPoint>
<DataPoint>25</DataPoint>
<DataPoint>25</DataPoint>
<DataPoint>33</DataPoint>
<DataPoint>28</DataPoint>
<DataPoint>33</DataPoint>
<DataPoint>19</DataPoint>
<DataPoint>38</DataPoint>
<DataPoint>24</DataPoint>
<DataPoint>26</DataPoint>
<DataPoint>27</DataPoint>
<DataPoint>33</DataPoint>
<DataPoint>22</DataPoint>
<DataPoint>32</DataPoint>
<DataPoint>24</DataPoint>
<DataPoint>28</DataPoint>
<DataPoint>22</DataPoint>
<DataPoint>16</DataPoint>
<DataPoint>20</DataPoint>
<DataPoint>21</DataPoint>
<DataPoint>15</DataPoint>
<DataPoint>23</DataPoint>
<DataPoint>19</DataPoint>
<DataPoint>15</DataPoint>
<DataPoint>19</DataPoint>
<DataPoint>12</DataPoint>
<DataPoint>14</DataPoint>
<DataPoint>11</DataPoint>
<DataPoint>14</DataPoint>
<DataPoint>16</DataPoint>
<DataPoint>11</DataPoint>
<DataPoint>22</DataPoint>
<DataPoint>20</DataPoint>
<DataPoint>17</DataPoint>
<DataPoint>18</DataPoint>
<DataPoint>11</DataPoint>
<DataPoint>23</DataPoint>
<DataPoint>17</DataPoint>
<DataPoint>22</DataPoint>
<DataPoint>18</DataPoint>
<DataPoint>15</DataPoint>
<DataPoint>16</DataPoint>
<DataPoint>20</DataPoint>
<DataPoint>22</DataPoint>
<DataPoint>18</DataPoint>
<DataPoint>15</DataPoint>
<DataPoint>11</DataPoint>
<DataPoint>27</DataPoint>
<DataPoint>23</DataPoint>
<DataPoint>19</DataPoint>
<DataPoint>20</DataPoint>
<DataPoint>17</DataPoint>
<DataPoint>23</DataPoint>
<DataPoint>14</DataPoint>
<DataPoint>17</DataPoint>
<DataPoint>22</DataPoint>
<DataPoint>18</DataPoint>
<DataPoint>23</DataPoint>
<DataPoint>21</DataPoint>
<DataPoint>26</DataPoint>
<DataPoint>24</DataPoint>
<DataPoint>24</DataPoint>
<DataPoint>25</DataPoint>
<DataPoint>30</DataPoint>
<DataPoint>23</DataPoint>
<DataPoint>31</DataPoint>
<DataPoint>26</DataPoint>
<DataPoint>38</DataPoint>
<DataPoint>34</DataPoint>
<DataPoint>37</DataPoint>
<DataPoint>3005</DataPoint>

  </Spectrum>
 </EnergySpectrum>


       
 

 <BackgroundEnergySpectrum>
  <NumberOfChannels>256</NumberOfChannels>
  <SpectrumName>Background, place of sample measurement</SpectrumName>
  <SerialNumber>RC-101-000001</SerialNumber>
  <EnergyCalibration>
    <PolynomialOrder>2</PolynomialOrder>
    <Coefficients>
      <Coefficient>-9.70666</Coefficient>
      <Coefficient>9.91014</Coefficient>
      <Coefficient>0.0088</Coefficient>
    </Coefficients>
  </EnergyCalibration>
  <MeasurementTime>669132</MeasurementTime>
  <Spectrum>
    <DataPoint>0</DataPoint>
<DataPoint>0</DataPoint>
<DataPoint>9228</DataPoint>
<DataPoint>23120</DataPoint>
<DataPoint>32077</DataPoint>
<DataPoint>42063</DataPoint>
<DataPoint>64167</DataPoint>
<DataPoint>89578</DataPoint>
<DataPoint>115595</DataPoint>
<DataPoint>123681</DataPoint>
<DataPoint>126507</DataPoint>
<DataPoint>116639</DataPoint>
<DataPoint>110656</DataPoint>
<DataPoint>98440</DataPoint>
<DataPoint>89208</DataPoint>
<DataPoint>75994</DataPoint>
<DataPoint>69152</DataPoint>
<DataPoint>58409</DataPoint>
<DataPoint>52233</DataPoint>
<DataPoint>45586</DataPoint>
<DataPoint>39778</DataPoint>
<DataPoint>34097</DataPoint>
<DataPoint>30620</DataPoint>
<DataPoint>26735</DataPoint>
<DataPoint>24022</DataPoint>
<DataPoint>20442</DataPoint>
<DataPoint>18248</DataPoint>
<DataPoint>15395</DataPoint>
<DataPoint>14051</DataPoint>
<DataPoint>11983</DataPoint>
<DataPoint>11034</DataPoint>
<DataPoint>9761</DataPoint>
<DataPoint>9044</DataPoint>
<DataPoint>8086</DataPoint>
<DataPoint>7604</DataPoint>
<DataPoint>6895</DataPoint>
<DataPoint>6254</DataPoint>
<DataPoint>5417</DataPoint>
<DataPoint>5106</DataPoint>
<DataPoint>4531</DataPoint>
<DataPoint>4116</DataPoint>
<DataPoint>3738</DataPoint>
<DataPoint>3549</DataPoint>
<DataPoint>3371</DataPoint>
<DataPoint>3127</DataPoint>
<DataPoint>2902</DataPoint>
<DataPoint>2736</DataPoint>
<DataPoint>2814</DataPoint>
<DataPoint>2606</DataPoint>
<DataPoint>2317</DataPoint>
<DataPoint>2320</DataPoint>
<DataPoint>2354</DataPoint>
<DataPoint>2261</DataPoint>
<DataPoint>2030</DataPoint>
<DataPoint>2121</DataPoint>
<DataPoint>2102</DataPoint>
<DataPoint>2086</DataPoint>
<DataPoint>1941</DataPoint>
<DataPoint>1962</DataPoint>
<DataPoint>1884</DataPoint>
<DataPoint>1775</DataPoint>
<DataPoint>1518</DataPoint>
<DataPoint>1579</DataPoint>
<DataPoint>1452</DataPoint>
<DataPoint>1327</DataPoint>
<DataPoint>1207</DataPoint>
<DataPoint>1242</DataPoint>
<DataPoint>1191</DataPoint>
<DataPoint>1129</DataPoint>
<DataPoint>1097</DataPoint>
<DataPoint>1074</DataPoint>
<DataPoint>1118</DataPoint>
<DataPoint>1086</DataPoint>
<DataPoint>1034</DataPoint>
<DataPoint>1016</DataPoint>
<DataPoint>943</DataPoint>
<DataPoint>979</DataPoint>
<DataPoint>943</DataPoint>
<DataPoint>958</DataPoint>
<DataPoint>897</DataPoint>
<DataPoint>879</DataPoint>
<DataPoint>816</DataPoint>
<DataPoint>878</DataPoint>
<DataPoint>794</DataPoint>
<DataPoint>818</DataPoint>
<DataPoint>769</DataPoint>
<DataPoint>861</DataPoint>
<DataPoint>807</DataPoint>
<DataPoint>749</DataPoint>
<DataPoint>716</DataPoint>
<DataPoint>704</DataPoint>
<DataPoint>680</DataPoint>
<DataPoint>742</DataPoint>
<DataPoint>680</DataPoint>
<DataPoint>681</DataPoint>
<DataPoint>642</DataPoint>
<DataPoint>659</DataPoint>
<DataPoint>630</DataPoint>
<DataPoint>649</DataPoint>
<DataPoint>659</DataPoint>
<DataPoint>694</DataPoint>
<DataPoint>611</DataPoint>
<DataPoint>626</DataPoint>
<DataPoint>622</DataPoint>
<DataPoint>620</DataPoint>
<DataPoint>553</DataPoint>
<DataPoint>567</DataPoint>
<DataPoint>615</DataPoint>
<DataPoint>578</DataPoint>
<DataPoint>518</DataPoint>
<DataPoint>535</DataPoint>
<DataPoint>457</DataPoint>
<DataPoint>485</DataPoint>
<DataPoint>438</DataPoint>
<DataPoint>395</DataPoint>
<DataPoint>367</DataPoint>
<DataPoint>338</DataPoint>
<DataPoint>316</DataPoint>
<DataPoint>288</DataPoint>
<DataPoint>312</DataPoint>
<DataPoint>302</DataPoint>
<DataPoint>258</DataPoint>
<DataPoint>294</DataPoint>
<DataPoint>277</DataPoint>
<DataPoint>310</DataPoint>
<DataPoint>279</DataPoint>
<DataPoint>327</DataPoint>
<DataPoint>327</DataPoint>
<DataPoint>342</DataPoint>
<DataPoint>323</DataPoint>
<DataPoint>360</DataPoint>
<DataPoint>348</DataPoint>
<DataPoint>362</DataPoint>
<DataPoint>347</DataPoint>
<DataPoint>328</DataPoint>
<DataPoint>272</DataPoint>
<DataPoint>245</DataPoint>
<DataPoint>246</DataPoint>
<DataPoint>232</DataPoint>
<DataPoint>191</DataPoint>
<DataPoint>183</DataPoint>
<DataPoint>170</DataPoint>
<DataPoint>150</DataPoint>
<DataPoint>146</DataPoint>
<DataPoint>142</DataPoint>
<DataPoint>142</DataPoint>
<DataPoint>140</DataPoint>
<DataPoint>120</DataPoint>
<DataPoint>125</DataPoint>
<DataPoint>135</DataPoint>
<DataPoint>112</DataPoint>
<DataPoint>112</DataPoint>
<DataPoint>145</DataPoint>
<DataPoint>121</DataPoint>
<DataPoint>117</DataPoint>
<DataPoint>106</DataPoint>
<DataPoint>119</DataPoint>
<DataPoint>106</DataPoint>
<DataPoint>99</DataPoint>
<DataPoint>116</DataPoint>
<DataPoint>100</DataPoint>
<DataPoint>81</DataPoint>
<DataPoint>103</DataPoint>
<DataPoint>100</DataPoint>
<DataPoint>106</DataPoint>
<DataPoint>88</DataPoint>
<DataPoint>85</DataPoint>
<DataPoint>79</DataPoint>
<DataPoint>92</DataPoint>
<DataPoint>84</DataPoint>
<DataPoint>79</DataPoint>
<DataPoint>77</DataPoint>
<DataPoint>80</DataPoint>
<DataPoint>78</DataPoint>
<DataPoint>70</DataPoint>
<DataPoint>67</DataPoint>
<DataPoint>79</DataPoint>
<DataPoint>78</DataPoint>
<DataPoint>73</DataPoint>
<DataPoint>74</DataPoint>
<DataPoint>63</DataPoint>
<DataPoint>69</DataPoint>
<DataPoint>73</DataPoint>
<DataPoint>75</DataPoint>
<DataPoint>75</DataPoint>
<DataPoint>77</DataPoint>
<DataPoint>79</DataPoint>
<DataPoint>77</DataPoint>
<DataPoint>72</DataPoint>
<DataPoint>72</DataPoint>
<DataPoint>59</DataPoint>
<DataPoint>85</DataPoint>
<DataPoint>63</DataPoint>
<DataPoint>54</DataPoint>
<DataPoint>60</DataPoint>
<DataPoint>54</DataPoint>
<DataPoint>59</DataPoint>
<DataPoint>59</DataPoint>
<DataPoint>56</DataPoint>
<DataPoint>52</DataPoint>
<DataPoint>55</DataPoint>
<DataPoint>48</DataPoint>
<DataPoint>62</DataPoint>
<DataPoint>45</DataPoint>
<DataPoint>47</DataPoint>
<DataPoint>47</DataPoint>
<DataPoint>34</DataPoint>
<DataPoint>41</DataPoint>
<DataPoint>42</DataPoint>
<DataPoint>38</DataPoint>
<DataPoint>54</DataPoint>
<DataPoint>32</DataPoint>
<DataPoint>29</DataPoint>
<DataPoint>46</DataPoint>
<DataPoint>44</DataPoint>
<DataPoint>26</DataPoint>
<DataPoint>41</DataPoint>
<DataPoint>50</DataPoint>
<DataPoint>44</DataPoint>
<DataPoint>49</DataPoint>
<DataPoint>52</DataPoint>
<DataPoint>52</DataPoint>
<DataPoint>43</DataPoint>
<DataPoint>51</DataPoint>
<DataPoint>55</DataPoint>
<DataPoint>44</DataPoint>
<DataPoint>43</DataPoint>
<DataPoint>49</DataPoint>
<DataPoint>53</DataPoint>
<DataPoint>40</DataPoint>
<DataPoint>37</DataPoint>
<DataPoint>66</DataPoint>
<DataPoint>49</DataPoint>
<DataPoint>53</DataPoint>
<DataPoint>50</DataPoint>
<DataPoint>53</DataPoint>
<DataPoint>36</DataPoint>
<DataPoint>52</DataPoint>
<DataPoint>48</DataPoint>
<DataPoint>65</DataPoint>
<DataPoint>48</DataPoint>
<DataPoint>50</DataPoint>
<DataPoint>61</DataPoint>
<DataPoint>51</DataPoint>
<DataPoint>80</DataPoint>
<DataPoint>73</DataPoint>
<DataPoint>69</DataPoint>
<DataPoint>70</DataPoint>
<DataPoint>61</DataPoint>
<DataPoint>69</DataPoint>
<DataPoint>67</DataPoint>
<DataPoint>81</DataPoint>
<DataPoint>78</DataPoint>
<DataPoint>79</DataPoint>
<DataPoint>85</DataPoint>
<DataPoint>7265</DataPoint>

  </Spectrum>
 </BackgroundEnergySpectrum>


      <Visible>true</Visible>
      <PulseCollection>
        <Format>Base64 encoded binary</Format>
        <Pulses />
      </PulseCollection>
    </ResultData>
  </ResultDataList>
</ResultDataFile>
