<?xml version="1.0"?>
<ResultDataFile xmlns:xsd="http://www.w3.org/2001/XMLSchema" xmlns:xsi="http://www.w3.org/2001/XMLSchema-instance">
  <FormatVersion>120920</FormatVersion>
  <ResultDataList>
    <ResultData>
      <DeviceConfigReference>
        <Name>RadiaCode-101</Name>
      </DeviceConfigReference>
      <BackgroundSpectrumFile>Background, place of sample measurement</BackgroundSpectrumFile>

       
 

 <EnergySpectrum>
  <NumberOfChannels>256</NumberOfChannels>
  <ChannelPitch>1</ChannelPitch>
  <SpectrumName>Dosemap.org Cs-137 Russia Kirovo-Chepetsk soil</SpectrumName>
  <SerialNumber>RC-101-000001</SerialNumber>
  <EnergyCalibration>
    <PolynomialOrder>2</PolynomialOrder>
    <Coefficients>
      <Coefficient>-9.70666</Coefficient>
      <Coefficient>9.91014</Coefficient>
      <Coefficient>0.00880361</Coefficient>
    </Coefficients>
  </EnergyCalibration>
  <MeasurementTime>450705</MeasurementTime>
  <Spectrum>
    <DataPoint>0</DataPoint>
<DataPoint>0</DataPoint>
<DataPoint>44279</DataPoint>
<DataPoint>122718</DataPoint>
<DataPoint>126946</DataPoint>
<DataPoint>95748</DataPoint>
<DataPoint>109348</DataPoint>
<DataPoint>133461</DataPoint>
<DataPoint>159044</DataPoint>
<DataPoint>165673</DataPoint>
<DataPoint>171073</DataPoint>
<DataPoint>161778</DataPoint>
<DataPoint>161066</DataPoint>
<DataPoint>150715</DataPoint>
<DataPoint>144580</DataPoint>
<DataPoint>129219</DataPoint>
<DataPoint>126255</DataPoint>
<DataPoint>117336</DataPoint>
<DataPoint>119692</DataPoint>
<DataPoint>120225</DataPoint>
<DataPoint>117630</DataPoint>
<DataPoint>107164</DataPoint>
<DataPoint>97137</DataPoint>
<DataPoint>84461</DataPoint>
<DataPoint>74231</DataPoint>
<DataPoint>64107</DataPoint>
<DataPoint>57808</DataPoint>
<DataPoint>50866</DataPoint>
<DataPoint>46509</DataPoint>
<DataPoint>42045</DataPoint>
<DataPoint>40150</DataPoint>
<DataPoint>36894</DataPoint>
<DataPoint>36166</DataPoint>
<DataPoint>33546</DataPoint>
<DataPoint>32882</DataPoint>
<DataPoint>31470</DataPoint>
<DataPoint>31381</DataPoint>
<DataPoint>29793</DataPoint>
<DataPoint>30012</DataPoint>
<DataPoint>29551</DataPoint>
<DataPoint>29415</DataPoint>
<DataPoint>27853</DataPoint>
<DataPoint>27684</DataPoint>
<DataPoint>26663</DataPoint>
<DataPoint>23769</DataPoint>
<DataPoint>20573</DataPoint>
<DataPoint>17621</DataPoint>
<DataPoint>14844</DataPoint>
<DataPoint>12336</DataPoint>
<DataPoint>9852</DataPoint>
<DataPoint>8480</DataPoint>
<DataPoint>7453</DataPoint>
<DataPoint>6466</DataPoint>
<DataPoint>5902</DataPoint>
<DataPoint>6083</DataPoint>
<DataPoint>6433</DataPoint>
<DataPoint>7924</DataPoint>
<DataPoint>9950</DataPoint>
<DataPoint>13586</DataPoint>
<DataPoint>18532</DataPoint>
<DataPoint>24177</DataPoint>
<DataPoint>29217</DataPoint>
<DataPoint>34723</DataPoint>
<DataPoint>37032</DataPoint>
<DataPoint>37310</DataPoint>
<DataPoint>32767</DataPoint>
<DataPoint>27578</DataPoint>
<DataPoint>20994</DataPoint>
<DataPoint>14836</DataPoint>
<DataPoint>9478</DataPoint>
<DataPoint>6355</DataPoint>
<DataPoint>4116</DataPoint>
<DataPoint>2865</DataPoint>
<DataPoint>2083</DataPoint>
<DataPoint>1702</DataPoint>
<DataPoint>1497</DataPoint>
<DataPoint>1190</DataPoint>
<DataPoint>1175</DataPoint>
<DataPoint>1097</DataPoint>
<DataPoint>974</DataPoint>
<DataPoint>960</DataPoint>
<DataPoint>917</DataPoint>
<DataPoint>885</DataPoint>
<DataPoint>827</DataPoint>
<DataPoint>851</DataPoint>
<DataPoint>772</DataPoint>
<DataPoint>757</DataPoint>
<DataPoint>739</DataPoint>
<DataPoint>728</DataPoint>
<DataPoint>675</DataPoint>
<DataPoint>646</DataPoint>
<DataPoint>651</DataPoint>
<DataPoint>631</DataPoint>
<DataPoint>576</DataPoint>
<DataPoint>596</DataPoint>
<DataPoint>572</DataPoint>
<DataPoint>585</DataPoint>
<DataPoint>524</DataPoint>
<DataPoint>529</DataPoint>
<DataPoint>485</DataPoint>
<DataPoint>488</DataPoint>
<DataPoint>469</DataPoint>
<DataPoint>461</DataPoint>
<DataPoint>480</DataPoint>
<DataPoint>470</DataPoint>
<DataPoint>423</DataPoint>
<DataPoint>469</DataPoint>
<DataPoint>456</DataPoint>
<DataPoint>455</DataPoint>
<DataPoint>456</DataPoint>
<DataPoint>411</DataPoint>
<DataPoint>395</DataPoint>
<DataPoint>397</DataPoint>
<DataPoint>322</DataPoint>
<DataPoint>311</DataPoint>
<DataPoint>291</DataPoint>
<DataPoint>282</DataPoint>
<DataPoint>197</DataPoint>
<DataPoint>244</DataPoint>
<DataPoint>244</DataPoint>
<DataPoint>191</DataPoint>
<DataPoint>200</DataPoint>
<DataPoint>217</DataPoint>
<DataPoint>232</DataPoint>
<DataPoint>186</DataPoint>
<DataPoint>216</DataPoint>
<DataPoint>236</DataPoint>
<DataPoint>232</DataPoint>
<DataPoint>228</DataPoint>
<DataPoint>269</DataPoint>
<DataPoint>293</DataPoint>
<DataPoint>313</DataPoint>
<DataPoint>332</DataPoint>
<DataPoint>318</DataPoint>
<DataPoint>278</DataPoint>
<DataPoint>255</DataPoint>
<DataPoint>258</DataPoint>
<DataPoint>234</DataPoint>
<DataPoint>199</DataPoint>
<DataPoint>159</DataPoint>
<DataPoint>180</DataPoint>
<DataPoint>133</DataPoint>
<DataPoint>126</DataPoint>
<DataPoint>119</DataPoint>
<DataPoint>135</DataPoint>
<DataPoint>112</DataPoint>
<DataPoint>98</DataPoint>
<DataPoint>99</DataPoint>
<DataPoint>104</DataPoint>
<DataPoint>95</DataPoint>
<DataPoint>101</DataPoint>
<DataPoint>98</DataPoint>
<DataPoint>87</DataPoint>
<DataPoint>81</DataPoint>
<DataPoint>88</DataPoint>
<DataPoint>73</DataPoint>
<DataPoint>76</DataPoint>
<DataPoint>83</DataPoint>
<DataPoint>93</DataPoint>
<DataPoint>82</DataPoint>
<DataPoint>68</DataPoint>
<DataPoint>70</DataPoint>
<DataPoint>78</DataPoint>
<DataPoint>68</DataPoint>
<DataPoint>65</DataPoint>
<DataPoint>56</DataPoint>
<DataPoint>80</DataPoint>
<DataPoint>55</DataPoint>
<DataPoint>50</DataPoint>
<DataPoint>50</DataPoint>
<DataPoint>58</DataPoint>
<DataPoint>45</DataPoint>
<DataPoint>63</DataPoint>
<DataPoint>47</DataPoint>
<DataPoint>53</DataPoint>
<DataPoint>70</DataPoint>
<DataPoint>62</DataPoint>
<DataPoint>68</DataPoint>
<DataPoint>60</DataPoint>
<DataPoint>57</DataPoint>
<DataPoint>59</DataPoint>
<DataPoint>60</DataPoint>
<DataPoint>49</DataPoint>
<DataPoint>59</DataPoint>
<DataPoint>56</DataPoint>
<DataPoint>46</DataPoint>
<DataPoint>49</DataPoint>
<DataPoint>67</DataPoint>
<DataPoint>58</DataPoint>
<DataPoint>54</DataPoint>
<DataPoint>41</DataPoint>
<DataPoint>42</DataPoint>
<DataPoint>50</DataPoint>
<DataPoint>61</DataPoint>
<DataPoint>44</DataPoint>
<DataPoint>48</DataPoint>
<DataPoint>54</DataPoint>
<DataPoint>53</DataPoint>
<DataPoint>38</DataPoint>
<DataPoint>34</DataPoint>
<DataPoint>47</DataPoint>
<DataPoint>28</DataPoint>
<DataPoint>42</DataPoint>
<DataPoint>30</DataPoint>
<DataPoint>31</DataPoint>
<DataPoint>28</DataPoint>
<DataPoint>29</DataPoint>
<DataPoint>27</DataPoint>
<DataPoint>33</DataPoint>
<DataPoint>30</DataPoint>
<DataPoint>30</DataPoint>
<DataPoint>27</DataPoint>
<DataPoint>35</DataPoint>
<DataPoint>28</DataPoint>
<DataPoint>27</DataPoint>
<DataPoint>26</DataPoint>
<DataPoint>25</DataPoint>
<DataPoint>33</DataPoint>
<DataPoint>23</DataPoint>
<DataPoint>40</DataPoint>
<DataPoint>43</DataPoint>
<DataPoint>30</DataPoint>
<DataPoint>43</DataPoint>
<DataPoint>35</DataPoint>
<DataPoint>34</DataPoint>
<DataPoint>25</DataPoint>
<DataPoint>32</DataPoint>
<DataPoint>31</DataPoint>
<DataPoint>30</DataPoint>
<DataPoint>31</DataPoint>
<DataPoint>23</DataPoint>
<DataPoint>30</DataPoint>
<DataPoint>47</DataPoint>
<DataPoint>23</DataPoint>
<DataPoint>26</DataPoint>
<DataPoint>28</DataPoint>
<DataPoint>31</DataPoint>
<DataPoint>33</DataPoint>
<DataPoint>39</DataPoint>
<DataPoint>31</DataPoint>
<DataPoint>27</DataPoint>
<DataPoint>33</DataPoint>
<DataPoint>29</DataPoint>
<DataPoint>37</DataPoint>
<DataPoint>38</DataPoint>
<DataPoint>43</DataPoint>
<DataPoint>45</DataPoint>
<DataPoint>46</DataPoint>
<DataPoint>42</DataPoint>
<DataPoint>42</DataPoint>
<DataPoint>46</DataPoint>
<DataPoint>45</DataPoint>
<DataPoint>48</DataPoint>
<DataPoint>42</DataPoint>
<DataPoint>46</DataPoint>
<DataPoint>4629</DataPoint>

  </Spectrum>
 </EnergySpectrum>


       
 

 <BackgroundEnergySpectrum>
  <NumberOfChannels>256</NumberOfChannels>
  <ChannelPitch>1</ChannelPitch>
  <SpectrumName>Background, place of sample measurement</SpectrumName>
  <SerialNumber>RC-101-000001</SerialNumber>
  <EnergyCalibration>
    <PolynomialOrder>2</PolynomialOrder>
    <Coefficients>
      <Coefficient>-9.70666</Coefficient>
      <Coefficient>9.91014</Coefficient>
      <Coefficient>0.0088</Coefficient>
    </Coefficients>
  </EnergyCalibration>
  <MeasurementTime>669132</MeasurementTime>
  <Spectrum>
    <DataPoint>0</DataPoint>
<DataPoint>0</DataPoint>
<DataPoint>9228</DataPoint>
<DataPoint>23120</DataPoint>
<DataPoint>32077</DataPoint>
<DataPoint>42063</DataPoint>
<DataPoint>64167</DataPoint>
<DataPoint>89578</DataPoint>
<DataPoint>115595</DataPoint>
<DataPoint>123681</DataPoint>
<DataPoint>126507</DataPoint>
<DataPoint>116639</DataPoint>
<DataPoint>110656</DataPoint>
<DataPoint>98440</DataPoint>
<DataPoint>89208</DataPoint>
<DataPoint>75994</DataPoint>
<DataPoint>69152</DataPoint>
<DataPoint>58409</DataPoint>
<DataPoint>52233</DataPoint>
<DataPoint>45586</DataPoint>
<DataPoint>39778</DataPoint>
<DataPoint>34097</DataPoint>
<DataPoint>30620</DataPoint>
<DataPoint>26735</DataPoint>
<DataPoint>24022</DataPoint>
<DataPoint>20442</DataPoint>
<DataPoint>18248</DataPoint>
<DataPoint>15395</DataPoint>
<DataPoint>14051</DataPoint>
<DataPoint>11983</DataPoint>
<DataPoint>11034</DataPoint>
<DataPoint>9761</DataPoint>
<DataPoint>9044</DataPoint>
<DataPoint>8086</DataPoint>
<DataPoint>7604</DataPoint>
<DataPoint>6895</DataPoint>
<DataPoint>6254</DataPoint>
<DataPoint>5417</DataPoint>
<DataPoint>5106</DataPoint>
<DataPoint>4531</DataPoint>
<DataPoint>4116</DataPoint>
<DataPoint>3738</DataPoint>
<DataPoint>3549</DataPoint>
<DataPoint>3371</DataPoint>
<DataPoint>3127</DataPoint>
<DataPoint>2902</DataPoint>
<DataPoint>2736</DataPoint>
<DataPoint>2814</DataPoint>
<DataPoint>2606</DataPoint>
<DataPoint>2317</DataPoint>
<DataPoint>2320</DataPoint>
<DataPoint>2354</DataPoint>
<DataPoint>2261</DataPoint>
<DataPoint>2030</DataPoint>
<DataPoint>2121</DataPoint>
<DataPoint>2102</DataPoint>
<DataPoint>2086</DataPoint>
<DataPoint>1941</DataPoint>
<DataPoint>1962</DataPoint>
<DataPoint>1884</DataPoint>
<DataPoint>1775</DataPoint>
<DataPoint>1518</DataPoint>
<DataPoint>1579</DataPoint>
<DataPoint>1452</DataPoint>
<DataPoint>1327</DataPoint>
<DataPoint>1207</DataPoint>
<DataPoint>1242</DataPoint>
<DataPoint>1191</DataPoint>
<DataPoint>1129</DataPoint>
<DataPoint>1097</DataPoint>
<DataPoint>1074</DataPoint>
<DataPoint>1118</DataPoint>
<DataPoint>1086</DataPoint>
<DataPoint>1034</DataPoint>
<DataPoint>1016</DataPoint>
<DataPoint>943</DataPoint>
<DataPoint>979</DataPoint>
<DataPoint>943</DataPoint>
<DataPoint>958</DataPoint>
<DataPoint>897</DataPoint>
<DataPoint>879</DataPoint>
<DataPoint>816</DataPoint>
<DataPoint>878</DataPoint>
<DataPoint>794</DataPoint>
<DataPoint>818</DataPoint>
<DataPoint>769</DataPoint>
<DataPoint>861</DataPoint>
<DataPoint>807</DataPoint>
<DataPoint>749</DataPoint>
<DataPoint>716</DataPoint>
<DataPoint>704</DataPoint>
<DataPoint>680</DataPoint>
<DataPoint>742</DataPoint>
<DataPoint>680</DataPoint>
<DataPoint>681</DataPoint>
<DataPoint>642</DataPoint>
<DataPoint>659</DataPoint>
<DataPoint>630</DataPoint>
<DataPoint>649</DataPoint>
<DataPoint>659</DataPoint>
<DataPoint>694</DataPoint>
<DataPoint>611</DataPoint>
<DataPoint>626</DataPoint>
<DataPoint>622</DataPoint>
<DataPoint>620</DataPoint>
<DataPoint>553</DataPoint>
<DataPoint>567</DataPoint>
<DataPoint>615</DataPoint>
<DataPoint>578</DataPoint>
<DataPoint>518</DataPoint>
<DataPoint>535</DataPoint>
<DataPoint>457</DataPoint>
<DataPoint>485</DataPoint>
<DataPoint>438</DataPoint>
<DataPoint>395</DataPoint>
<DataPoint>367</DataPoint>
<DataPoint>338</DataPoint>
<DataPoint>316</DataPoint>
<DataPoint>288</DataPoint>
<DataPoint>312</DataPoint>
<DataPoint>302</DataPoint>
<DataPoint>258</DataPoint>
<DataPoint>294</DataPoint>
<DataPoint>277</DataPoint>
<DataPoint>310</DataPoint>
<DataPoint>279</DataPoint>
<DataPoint>327</DataPoint>
<DataPoint>327</DataPoint>
<DataPoint>342</DataPoint>
<DataPoint>323</DataPoint>
<DataPoint>360</DataPoint>
<DataPoint>348</DataPoint>
<DataPoint>362</DataPoint>
<DataPoint>347</DataPoint>
<DataPoint>328</DataPoint>
<DataPoint>272</DataPoint>
<DataPoint>245</DataPoint>
<DataPoint>246</DataPoint>
<DataPoint>232</DataPoint>
<DataPoint>191</DataPoint>
<DataPoint>183</DataPoint>
<DataPoint>170</DataPoint>
<DataPoint>150</DataPoint>
<DataPoint>146</DataPoint>
<DataPoint>142</DataPoint>
<DataPoint>142</DataPoint>
<DataPoint>140</DataPoint>
<DataPoint>120</DataPoint>
<DataPoint>125</DataPoint>
<DataPoint>135</DataPoint>
<DataPoint>112</DataPoint>
<DataPoint>112</DataPoint>
<DataPoint>145</DataPoint>
<DataPoint>121</DataPoint>
<DataPoint>117</DataPoint>
<DataPoint>106</DataPoint>
<DataPoint>119</DataPoint>
<DataPoint>106</DataPoint>
<DataPoint>99</DataPoint>
<DataPoint>116</DataPoint>
<DataPoint>100</DataPoint>
<DataPoint>81</DataPoint>
<DataPoint>103</DataPoint>
<DataPoint>100</DataPoint>
<DataPoint>106</DataPoint>
<DataPoint>88</DataPoint>
<DataPoint>85</DataPoint>
<DataPoint>79</DataPoint>
<DataPoint>92</DataPoint>
<DataPoint>84</DataPoint>
<DataPoint>79</DataPoint>
<DataPoint>77</DataPoint>
<DataPoint>80</DataPoint>
<DataPoint>78</DataPoint>
<DataPoint>70</DataPoint>
<DataPoint>67</DataPoint>
<DataPoint>79</DataPoint>
<DataPoint>78</DataPoint>
<DataPoint>73</DataPoint>
<DataPoint>74</DataPoint>
<DataPoint>63</DataPoint>
<DataPoint>69</DataPoint>
<DataPoint>73</DataPoint>
<DataPoint>75</DataPoint>
<DataPoint>75</DataPoint>
<DataPoint>77</DataPoint>
<DataPoint>79</DataPoint>
<DataPoint>77</DataPoint>
<DataPoint>72</DataPoint>
<DataPoint>72</DataPoint>
<DataPoint>59</DataPoint>
<DataPoint>85</DataPoint>
<DataPoint>63</DataPoint>
<DataPoint>54</DataPoint>
<DataPoint>60</DataPoint>
<DataPoint>54</DataPoint>
<DataPoint>59</DataPoint>
<DataPoint>59</DataPoint>
<DataPoint>56</DataPoint>
<DataPoint>52</DataPoint>
<DataPoint>55</DataPoint>
<DataPoint>48</DataPoint>
<DataPoint>62</DataPoint>
<DataPoint>45</DataPoint>
<DataPoint>47</DataPoint>
<DataPoint>47</DataPoint>
<DataPoint>34</DataPoint>
<DataPoint>41</DataPoint>
<DataPoint>42</DataPoint>
<DataPoint>38</DataPoint>
<DataPoint>54</DataPoint>
<DataPoint>32</DataPoint>
<DataPoint>29</DataPoint>
<DataPoint>46</DataPoint>
<DataPoint>44</DataPoint>
<DataPoint>26</DataPoint>
<DataPoint>41</DataPoint>
<DataPoint>50</DataPoint>
<DataPoint>44</DataPoint>
<DataPoint>49</DataPoint>
<DataPoint>52</DataPoint>
<DataPoint>52</DataPoint>
<DataPoint>43</DataPoint>
<DataPoint>51</DataPoint>
<DataPoint>55</DataPoint>
<DataPoint>44</DataPoint>
<DataPoint>43</DataPoint>
<DataPoint>49</DataPoint>
<DataPoint>53</DataPoint>
<DataPoint>40</DataPoint>
<DataPoint>37</DataPoint>
<DataPoint>66</DataPoint>
<DataPoint>49</DataPoint>
<DataPoint>53</DataPoint>
<DataPoint>50</DataPoint>
<DataPoint>53</DataPoint>
<DataPoint>36</DataPoint>
<DataPoint>52</DataPoint>
<DataPoint>48</DataPoint>
<DataPoint>65</DataPoint>
<DataPoint>48</DataPoint>
<DataPoint>50</DataPoint>
<DataPoint>61</DataPoint>
<DataPoint>51</DataPoint>
<DataPoint>80</DataPoint>
<DataPoint>73</DataPoint>
<DataPoint>69</DataPoint>
<DataPoint>70</DataPoint>
<DataPoint>61</DataPoint>
<DataPoint>69</DataPoint>
<DataPoint>67</DataPoint>
<DataPoint>81</DataPoint>
<DataPoint>78</DataPoint>
<DataPoint>79</DataPoint>
<DataPoint>85</DataPoint>
<DataPoint>7265</DataPoint>

  </Spectrum>
 </BackgroundEnergySpectrum>


      <Visible>true</Visible>
      <PulseCollection>
        <Format>Base64 encoded binary</Format>
        <Pulses />
      </PulseCollection>
    </ResultData>
  </ResultDataList>
</ResultDataFile>
