<?xml version="1.0"?>
<ResultDataFile xmlns:xsd="http://www.w3.org/2001/XMLSchema" xmlns:xsi="http://www.w3.org/2001/XMLSchema-instance">
  <FormatVersion>120920</FormatVersion>
  <ResultDataList>
    <ResultData>
      <DeviceConfigReference>
        <Name>RadiaCode-101</Name>
      </DeviceConfigReference>
      <SampleInfo>
        <Name><![CDATA[K-40-1--2024-03-02  13-26-43]]></Name>
        <Note><![CDATA[]]></Note>
      </SampleInfo>
      <BackgroundSpectrumFile>Background1</BackgroundSpectrumFile>

       <StartTime>2024-03-01T21:32:52</StartTime>
 <EndTime>2024-03-02T13:26:37</EndTime>

 <EnergySpectrum>
  <NumberOfChannels>1024</NumberOfChannels>
  <ChannelPitch>1</ChannelPitch>
  <SpectrumName><![CDATA[K-40-1--2024-03-02  13-26-43]]></SpectrumName>
  <Comment>@Comment</Comment>
  <SerialNumber>RC-101-001920</SerialNumber>
  <EnergyCalibration>
    <PolynomialOrder>2</PolynomialOrder>
    <Coefficients>
      <Coefficient>4.6426802</Coefficient>
      <Coefficient>2.29144</Coefficient>
      <Coefficient>0.00097</Coefficient>
    </Coefficients>
  </EnergyCalibration>
  <MeasurementTime>57225</MeasurementTime>
  <Spectrum>
    <DataPoint>0</DataPoint>
<DataPoint>0</DataPoint>
<DataPoint>0</DataPoint>
<DataPoint>0</DataPoint>
<DataPoint>0</DataPoint>
<DataPoint>0</DataPoint>
<DataPoint>0</DataPoint>
<DataPoint>0</DataPoint>
<DataPoint>0</DataPoint>
<DataPoint>0</DataPoint>
<DataPoint>0</DataPoint>
<DataPoint>1</DataPoint>
<DataPoint>29</DataPoint>
<DataPoint>180</DataPoint>
<DataPoint>491</DataPoint>
<DataPoint>834</DataPoint>
<DataPoint>1218</DataPoint>
<DataPoint>1381</DataPoint>
<DataPoint>1622</DataPoint>
<DataPoint>1948</DataPoint>
<DataPoint>2158</DataPoint>
<DataPoint>2411</DataPoint>
<DataPoint>2568</DataPoint>
<DataPoint>2791</DataPoint>
<DataPoint>3115</DataPoint>
<DataPoint>3320</DataPoint>
<DataPoint>3616</DataPoint>
<DataPoint>3939</DataPoint>
<DataPoint>4203</DataPoint>
<DataPoint>4564</DataPoint>
<DataPoint>4742</DataPoint>
<DataPoint>5322</DataPoint>
<DataPoint>5790</DataPoint>
<DataPoint>5766</DataPoint>
<DataPoint>6161</DataPoint>
<DataPoint>6120</DataPoint>
<DataPoint>6325</DataPoint>
<DataPoint>6597</DataPoint>
<DataPoint>6812</DataPoint>
<DataPoint>6600</DataPoint>
<DataPoint>6642</DataPoint>
<DataPoint>6786</DataPoint>
<DataPoint>6761</DataPoint>
<DataPoint>6527</DataPoint>
<DataPoint>6613</DataPoint>
<DataPoint>6544</DataPoint>
<DataPoint>6496</DataPoint>
<DataPoint>6499</DataPoint>
<DataPoint>6372</DataPoint>
<DataPoint>6182</DataPoint>
<DataPoint>6128</DataPoint>
<DataPoint>5845</DataPoint>
<DataPoint>5790</DataPoint>
<DataPoint>5582</DataPoint>
<DataPoint>5599</DataPoint>
<DataPoint>5373</DataPoint>
<DataPoint>5230</DataPoint>
<DataPoint>5017</DataPoint>
<DataPoint>4843</DataPoint>
<DataPoint>4738</DataPoint>
<DataPoint>4651</DataPoint>
<DataPoint>4582</DataPoint>
<DataPoint>4309</DataPoint>
<DataPoint>4048</DataPoint>
<DataPoint>4305</DataPoint>
<DataPoint>3916</DataPoint>
<DataPoint>3822</DataPoint>
<DataPoint>3665</DataPoint>
<DataPoint>3537</DataPoint>
<DataPoint>3316</DataPoint>
<DataPoint>3413</DataPoint>
<DataPoint>3176</DataPoint>
<DataPoint>3170</DataPoint>
<DataPoint>3018</DataPoint>
<DataPoint>2906</DataPoint>
<DataPoint>2812</DataPoint>
<DataPoint>2739</DataPoint>
<DataPoint>2554</DataPoint>
<DataPoint>2520</DataPoint>
<DataPoint>2714</DataPoint>
<DataPoint>2458</DataPoint>
<DataPoint>2369</DataPoint>
<DataPoint>2221</DataPoint>
<DataPoint>2219</DataPoint>
<DataPoint>2271</DataPoint>
<DataPoint>2058</DataPoint>
<DataPoint>2112</DataPoint>
<DataPoint>2027</DataPoint>
<DataPoint>2025</DataPoint>
<DataPoint>1983</DataPoint>
<DataPoint>1902</DataPoint>
<DataPoint>1829</DataPoint>
<DataPoint>1813</DataPoint>
<DataPoint>1777</DataPoint>
<DataPoint>1813</DataPoint>
<DataPoint>1759</DataPoint>
<DataPoint>1743</DataPoint>
<DataPoint>1618</DataPoint>
<DataPoint>1595</DataPoint>
<DataPoint>1531</DataPoint>
<DataPoint>1511</DataPoint>
<DataPoint>1475</DataPoint>
<DataPoint>1371</DataPoint>
<DataPoint>1370</DataPoint>
<DataPoint>1362</DataPoint>
<DataPoint>1369</DataPoint>
<DataPoint>1261</DataPoint>
<DataPoint>1269</DataPoint>
<DataPoint>1204</DataPoint>
<DataPoint>1184</DataPoint>
<DataPoint>1158</DataPoint>
<DataPoint>1111</DataPoint>
<DataPoint>1072</DataPoint>
<DataPoint>1093</DataPoint>
<DataPoint>985</DataPoint>
<DataPoint>958</DataPoint>
<DataPoint>909</DataPoint>
<DataPoint>938</DataPoint>
<DataPoint>922</DataPoint>
<DataPoint>865</DataPoint>
<DataPoint>834</DataPoint>
<DataPoint>853</DataPoint>
<DataPoint>793</DataPoint>
<DataPoint>772</DataPoint>
<DataPoint>786</DataPoint>
<DataPoint>699</DataPoint>
<DataPoint>749</DataPoint>
<DataPoint>690</DataPoint>
<DataPoint>726</DataPoint>
<DataPoint>707</DataPoint>
<DataPoint>648</DataPoint>
<DataPoint>664</DataPoint>
<DataPoint>640</DataPoint>
<DataPoint>625</DataPoint>
<DataPoint>617</DataPoint>
<DataPoint>631</DataPoint>
<DataPoint>580</DataPoint>
<DataPoint>581</DataPoint>
<DataPoint>574</DataPoint>
<DataPoint>576</DataPoint>
<DataPoint>554</DataPoint>
<DataPoint>556</DataPoint>
<DataPoint>530</DataPoint>
<DataPoint>553</DataPoint>
<DataPoint>524</DataPoint>
<DataPoint>477</DataPoint>
<DataPoint>531</DataPoint>
<DataPoint>453</DataPoint>
<DataPoint>429</DataPoint>
<DataPoint>452</DataPoint>
<DataPoint>474</DataPoint>
<DataPoint>443</DataPoint>
<DataPoint>400</DataPoint>
<DataPoint>428</DataPoint>
<DataPoint>439</DataPoint>
<DataPoint>424</DataPoint>
<DataPoint>380</DataPoint>
<DataPoint>412</DataPoint>
<DataPoint>394</DataPoint>
<DataPoint>447</DataPoint>
<DataPoint>426</DataPoint>
<DataPoint>385</DataPoint>
<DataPoint>381</DataPoint>
<DataPoint>388</DataPoint>
<DataPoint>393</DataPoint>
<DataPoint>385</DataPoint>
<DataPoint>397</DataPoint>
<DataPoint>380</DataPoint>
<DataPoint>407</DataPoint>
<DataPoint>387</DataPoint>
<DataPoint>374</DataPoint>
<DataPoint>343</DataPoint>
<DataPoint>366</DataPoint>
<DataPoint>370</DataPoint>
<DataPoint>362</DataPoint>
<DataPoint>379</DataPoint>
<DataPoint>373</DataPoint>
<DataPoint>352</DataPoint>
<DataPoint>333</DataPoint>
<DataPoint>352</DataPoint>
<DataPoint>305</DataPoint>
<DataPoint>373</DataPoint>
<DataPoint>330</DataPoint>
<DataPoint>313</DataPoint>
<DataPoint>268</DataPoint>
<DataPoint>310</DataPoint>
<DataPoint>367</DataPoint>
<DataPoint>305</DataPoint>
<DataPoint>309</DataPoint>
<DataPoint>291</DataPoint>
<DataPoint>284</DataPoint>
<DataPoint>326</DataPoint>
<DataPoint>330</DataPoint>
<DataPoint>322</DataPoint>
<DataPoint>286</DataPoint>
<DataPoint>309</DataPoint>
<DataPoint>278</DataPoint>
<DataPoint>296</DataPoint>
<DataPoint>298</DataPoint>
<DataPoint>258</DataPoint>
<DataPoint>276</DataPoint>
<DataPoint>293</DataPoint>
<DataPoint>255</DataPoint>
<DataPoint>267</DataPoint>
<DataPoint>264</DataPoint>
<DataPoint>270</DataPoint>
<DataPoint>271</DataPoint>
<DataPoint>297</DataPoint>
<DataPoint>252</DataPoint>
<DataPoint>259</DataPoint>
<DataPoint>270</DataPoint>
<DataPoint>244</DataPoint>
<DataPoint>257</DataPoint>
<DataPoint>249</DataPoint>
<DataPoint>246</DataPoint>
<DataPoint>254</DataPoint>
<DataPoint>225</DataPoint>
<DataPoint>238</DataPoint>
<DataPoint>258</DataPoint>
<DataPoint>252</DataPoint>
<DataPoint>257</DataPoint>
<DataPoint>268</DataPoint>
<DataPoint>242</DataPoint>
<DataPoint>234</DataPoint>
<DataPoint>258</DataPoint>
<DataPoint>253</DataPoint>
<DataPoint>237</DataPoint>
<DataPoint>240</DataPoint>
<DataPoint>205</DataPoint>
<DataPoint>256</DataPoint>
<DataPoint>206</DataPoint>
<DataPoint>219</DataPoint>
<DataPoint>224</DataPoint>
<DataPoint>231</DataPoint>
<DataPoint>234</DataPoint>
<DataPoint>245</DataPoint>
<DataPoint>206</DataPoint>
<DataPoint>252</DataPoint>
<DataPoint>236</DataPoint>
<DataPoint>248</DataPoint>
<DataPoint>234</DataPoint>
<DataPoint>207</DataPoint>
<DataPoint>222</DataPoint>
<DataPoint>198</DataPoint>
<DataPoint>224</DataPoint>
<DataPoint>226</DataPoint>
<DataPoint>192</DataPoint>
<DataPoint>195</DataPoint>
<DataPoint>185</DataPoint>
<DataPoint>210</DataPoint>
<DataPoint>228</DataPoint>
<DataPoint>208</DataPoint>
<DataPoint>226</DataPoint>
<DataPoint>185</DataPoint>
<DataPoint>192</DataPoint>
<DataPoint>210</DataPoint>
<DataPoint>231</DataPoint>
<DataPoint>194</DataPoint>
<DataPoint>208</DataPoint>
<DataPoint>197</DataPoint>
<DataPoint>188</DataPoint>
<DataPoint>193</DataPoint>
<DataPoint>212</DataPoint>
<DataPoint>192</DataPoint>
<DataPoint>192</DataPoint>
<DataPoint>181</DataPoint>
<DataPoint>194</DataPoint>
<DataPoint>203</DataPoint>
<DataPoint>179</DataPoint>
<DataPoint>208</DataPoint>
<DataPoint>207</DataPoint>
<DataPoint>180</DataPoint>
<DataPoint>205</DataPoint>
<DataPoint>206</DataPoint>
<DataPoint>207</DataPoint>
<DataPoint>206</DataPoint>
<DataPoint>204</DataPoint>
<DataPoint>191</DataPoint>
<DataPoint>174</DataPoint>
<DataPoint>220</DataPoint>
<DataPoint>184</DataPoint>
<DataPoint>204</DataPoint>
<DataPoint>185</DataPoint>
<DataPoint>198</DataPoint>
<DataPoint>182</DataPoint>
<DataPoint>173</DataPoint>
<DataPoint>185</DataPoint>
<DataPoint>198</DataPoint>
<DataPoint>195</DataPoint>
<DataPoint>188</DataPoint>
<DataPoint>190</DataPoint>
<DataPoint>200</DataPoint>
<DataPoint>188</DataPoint>
<DataPoint>205</DataPoint>
<DataPoint>194</DataPoint>
<DataPoint>167</DataPoint>
<DataPoint>167</DataPoint>
<DataPoint>194</DataPoint>
<DataPoint>178</DataPoint>
<DataPoint>201</DataPoint>
<DataPoint>199</DataPoint>
<DataPoint>175</DataPoint>
<DataPoint>160</DataPoint>
<DataPoint>178</DataPoint>
<DataPoint>195</DataPoint>
<DataPoint>199</DataPoint>
<DataPoint>193</DataPoint>
<DataPoint>176</DataPoint>
<DataPoint>167</DataPoint>
<DataPoint>193</DataPoint>
<DataPoint>169</DataPoint>
<DataPoint>190</DataPoint>
<DataPoint>172</DataPoint>
<DataPoint>177</DataPoint>
<DataPoint>193</DataPoint>
<DataPoint>193</DataPoint>
<DataPoint>175</DataPoint>
<DataPoint>200</DataPoint>
<DataPoint>183</DataPoint>
<DataPoint>185</DataPoint>
<DataPoint>192</DataPoint>
<DataPoint>206</DataPoint>
<DataPoint>177</DataPoint>
<DataPoint>227</DataPoint>
<DataPoint>192</DataPoint>
<DataPoint>204</DataPoint>
<DataPoint>190</DataPoint>
<DataPoint>182</DataPoint>
<DataPoint>181</DataPoint>
<DataPoint>198</DataPoint>
<DataPoint>205</DataPoint>
<DataPoint>194</DataPoint>
<DataPoint>180</DataPoint>
<DataPoint>177</DataPoint>
<DataPoint>197</DataPoint>
<DataPoint>182</DataPoint>
<DataPoint>178</DataPoint>
<DataPoint>190</DataPoint>
<DataPoint>189</DataPoint>
<DataPoint>199</DataPoint>
<DataPoint>171</DataPoint>
<DataPoint>206</DataPoint>
<DataPoint>169</DataPoint>
<DataPoint>190</DataPoint>
<DataPoint>174</DataPoint>
<DataPoint>188</DataPoint>
<DataPoint>191</DataPoint>
<DataPoint>196</DataPoint>
<DataPoint>190</DataPoint>
<DataPoint>185</DataPoint>
<DataPoint>218</DataPoint>
<DataPoint>185</DataPoint>
<DataPoint>187</DataPoint>
<DataPoint>191</DataPoint>
<DataPoint>191</DataPoint>
<DataPoint>171</DataPoint>
<DataPoint>185</DataPoint>
<DataPoint>209</DataPoint>
<DataPoint>198</DataPoint>
<DataPoint>212</DataPoint>
<DataPoint>180</DataPoint>
<DataPoint>170</DataPoint>
<DataPoint>189</DataPoint>
<DataPoint>202</DataPoint>
<DataPoint>183</DataPoint>
<DataPoint>182</DataPoint>
<DataPoint>203</DataPoint>
<DataPoint>203</DataPoint>
<DataPoint>208</DataPoint>
<DataPoint>204</DataPoint>
<DataPoint>232</DataPoint>
<DataPoint>167</DataPoint>
<DataPoint>188</DataPoint>
<DataPoint>208</DataPoint>
<DataPoint>173</DataPoint>
<DataPoint>198</DataPoint>
<DataPoint>218</DataPoint>
<DataPoint>204</DataPoint>
<DataPoint>176</DataPoint>
<DataPoint>206</DataPoint>
<DataPoint>186</DataPoint>
<DataPoint>182</DataPoint>
<DataPoint>216</DataPoint>
<DataPoint>192</DataPoint>
<DataPoint>191</DataPoint>
<DataPoint>233</DataPoint>
<DataPoint>200</DataPoint>
<DataPoint>223</DataPoint>
<DataPoint>195</DataPoint>
<DataPoint>220</DataPoint>
<DataPoint>201</DataPoint>
<DataPoint>220</DataPoint>
<DataPoint>216</DataPoint>
<DataPoint>203</DataPoint>
<DataPoint>200</DataPoint>
<DataPoint>201</DataPoint>
<DataPoint>231</DataPoint>
<DataPoint>211</DataPoint>
<DataPoint>187</DataPoint>
<DataPoint>202</DataPoint>
<DataPoint>259</DataPoint>
<DataPoint>220</DataPoint>
<DataPoint>210</DataPoint>
<DataPoint>204</DataPoint>
<DataPoint>230</DataPoint>
<DataPoint>241</DataPoint>
<DataPoint>234</DataPoint>
<DataPoint>234</DataPoint>
<DataPoint>219</DataPoint>
<DataPoint>219</DataPoint>
<DataPoint>265</DataPoint>
<DataPoint>248</DataPoint>
<DataPoint>224</DataPoint>
<DataPoint>208</DataPoint>
<DataPoint>229</DataPoint>
<DataPoint>205</DataPoint>
<DataPoint>238</DataPoint>
<DataPoint>209</DataPoint>
<DataPoint>215</DataPoint>
<DataPoint>212</DataPoint>
<DataPoint>208</DataPoint>
<DataPoint>210</DataPoint>
<DataPoint>215</DataPoint>
<DataPoint>224</DataPoint>
<DataPoint>228</DataPoint>
<DataPoint>213</DataPoint>
<DataPoint>236</DataPoint>
<DataPoint>216</DataPoint>
<DataPoint>208</DataPoint>
<DataPoint>216</DataPoint>
<DataPoint>214</DataPoint>
<DataPoint>237</DataPoint>
<DataPoint>228</DataPoint>
<DataPoint>189</DataPoint>
<DataPoint>209</DataPoint>
<DataPoint>179</DataPoint>
<DataPoint>176</DataPoint>
<DataPoint>202</DataPoint>
<DataPoint>181</DataPoint>
<DataPoint>192</DataPoint>
<DataPoint>183</DataPoint>
<DataPoint>153</DataPoint>
<DataPoint>137</DataPoint>
<DataPoint>147</DataPoint>
<DataPoint>162</DataPoint>
<DataPoint>152</DataPoint>
<DataPoint>126</DataPoint>
<DataPoint>172</DataPoint>
<DataPoint>126</DataPoint>
<DataPoint>137</DataPoint>
<DataPoint>114</DataPoint>
<DataPoint>124</DataPoint>
<DataPoint>126</DataPoint>
<DataPoint>124</DataPoint>
<DataPoint>118</DataPoint>
<DataPoint>108</DataPoint>
<DataPoint>103</DataPoint>
<DataPoint>102</DataPoint>
<DataPoint>91</DataPoint>
<DataPoint>98</DataPoint>
<DataPoint>92</DataPoint>
<DataPoint>95</DataPoint>
<DataPoint>89</DataPoint>
<DataPoint>75</DataPoint>
<DataPoint>73</DataPoint>
<DataPoint>71</DataPoint>
<DataPoint>80</DataPoint>
<DataPoint>72</DataPoint>
<DataPoint>65</DataPoint>
<DataPoint>59</DataPoint>
<DataPoint>67</DataPoint>
<DataPoint>63</DataPoint>
<DataPoint>59</DataPoint>
<DataPoint>53</DataPoint>
<DataPoint>65</DataPoint>
<DataPoint>58</DataPoint>
<DataPoint>64</DataPoint>
<DataPoint>47</DataPoint>
<DataPoint>53</DataPoint>
<DataPoint>50</DataPoint>
<DataPoint>70</DataPoint>
<DataPoint>45</DataPoint>
<DataPoint>47</DataPoint>
<DataPoint>45</DataPoint>
<DataPoint>62</DataPoint>
<DataPoint>58</DataPoint>
<DataPoint>63</DataPoint>
<DataPoint>57</DataPoint>
<DataPoint>69</DataPoint>
<DataPoint>54</DataPoint>
<DataPoint>58</DataPoint>
<DataPoint>78</DataPoint>
<DataPoint>77</DataPoint>
<DataPoint>67</DataPoint>
<DataPoint>72</DataPoint>
<DataPoint>87</DataPoint>
<DataPoint>82</DataPoint>
<DataPoint>84</DataPoint>
<DataPoint>89</DataPoint>
<DataPoint>96</DataPoint>
<DataPoint>88</DataPoint>
<DataPoint>87</DataPoint>
<DataPoint>92</DataPoint>
<DataPoint>104</DataPoint>
<DataPoint>104</DataPoint>
<DataPoint>120</DataPoint>
<DataPoint>118</DataPoint>
<DataPoint>101</DataPoint>
<DataPoint>126</DataPoint>
<DataPoint>129</DataPoint>
<DataPoint>129</DataPoint>
<DataPoint>154</DataPoint>
<DataPoint>121</DataPoint>
<DataPoint>135</DataPoint>
<DataPoint>148</DataPoint>
<DataPoint>146</DataPoint>
<DataPoint>153</DataPoint>
<DataPoint>148</DataPoint>
<DataPoint>134</DataPoint>
<DataPoint>141</DataPoint>
<DataPoint>152</DataPoint>
<DataPoint>158</DataPoint>
<DataPoint>151</DataPoint>
<DataPoint>151</DataPoint>
<DataPoint>137</DataPoint>
<DataPoint>137</DataPoint>
<DataPoint>147</DataPoint>
<DataPoint>143</DataPoint>
<DataPoint>146</DataPoint>
<DataPoint>137</DataPoint>
<DataPoint>141</DataPoint>
<DataPoint>169</DataPoint>
<DataPoint>127</DataPoint>
<DataPoint>138</DataPoint>
<DataPoint>142</DataPoint>
<DataPoint>124</DataPoint>
<DataPoint>113</DataPoint>
<DataPoint>101</DataPoint>
<DataPoint>121</DataPoint>
<DataPoint>117</DataPoint>
<DataPoint>81</DataPoint>
<DataPoint>90</DataPoint>
<DataPoint>73</DataPoint>
<DataPoint>78</DataPoint>
<DataPoint>78</DataPoint>
<DataPoint>86</DataPoint>
<DataPoint>71</DataPoint>
<DataPoint>67</DataPoint>
<DataPoint>66</DataPoint>
<DataPoint>55</DataPoint>
<DataPoint>58</DataPoint>
<DataPoint>55</DataPoint>
<DataPoint>50</DataPoint>
<DataPoint>39</DataPoint>
<DataPoint>36</DataPoint>
<DataPoint>37</DataPoint>
<DataPoint>49</DataPoint>
<DataPoint>47</DataPoint>
<DataPoint>28</DataPoint>
<DataPoint>35</DataPoint>
<DataPoint>25</DataPoint>
<DataPoint>27</DataPoint>
<DataPoint>29</DataPoint>
<DataPoint>21</DataPoint>
<DataPoint>21</DataPoint>
<DataPoint>30</DataPoint>
<DataPoint>26</DataPoint>
<DataPoint>30</DataPoint>
<DataPoint>16</DataPoint>
<DataPoint>10</DataPoint>
<DataPoint>18</DataPoint>
<DataPoint>9</DataPoint>
<DataPoint>15</DataPoint>
<DataPoint>16</DataPoint>
<DataPoint>19</DataPoint>
<DataPoint>7</DataPoint>
<DataPoint>12</DataPoint>
<DataPoint>12</DataPoint>
<DataPoint>12</DataPoint>
<DataPoint>19</DataPoint>
<DataPoint>16</DataPoint>
<DataPoint>9</DataPoint>
<DataPoint>8</DataPoint>
<DataPoint>13</DataPoint>
<DataPoint>11</DataPoint>
<DataPoint>12</DataPoint>
<DataPoint>7</DataPoint>
<DataPoint>14</DataPoint>
<DataPoint>5</DataPoint>
<DataPoint>7</DataPoint>
<DataPoint>9</DataPoint>
<DataPoint>6</DataPoint>
<DataPoint>11</DataPoint>
<DataPoint>6</DataPoint>
<DataPoint>8</DataPoint>
<DataPoint>7</DataPoint>
<DataPoint>7</DataPoint>
<DataPoint>3</DataPoint>
<DataPoint>4</DataPoint>
<DataPoint>6</DataPoint>
<DataPoint>5</DataPoint>
<DataPoint>4</DataPoint>
<DataPoint>5</DataPoint>
<DataPoint>7</DataPoint>
<DataPoint>7</DataPoint>
<DataPoint>9</DataPoint>
<DataPoint>5</DataPoint>
<DataPoint>5</DataPoint>
<DataPoint>7</DataPoint>
<DataPoint>8</DataPoint>
<DataPoint>7</DataPoint>
<DataPoint>6</DataPoint>
<DataPoint>4</DataPoint>
<DataPoint>8</DataPoint>
<DataPoint>9</DataPoint>
<DataPoint>13</DataPoint>
<DataPoint>5</DataPoint>
<DataPoint>7</DataPoint>
<DataPoint>5</DataPoint>
<DataPoint>4</DataPoint>
<DataPoint>9</DataPoint>
<DataPoint>4</DataPoint>
<DataPoint>14</DataPoint>
<DataPoint>1</DataPoint>
<DataPoint>3</DataPoint>
<DataPoint>7</DataPoint>
<DataPoint>5</DataPoint>
<DataPoint>3</DataPoint>
<DataPoint>6</DataPoint>
<DataPoint>3</DataPoint>
<DataPoint>3</DataPoint>
<DataPoint>7</DataPoint>
<DataPoint>4</DataPoint>
<DataPoint>4</DataPoint>
<DataPoint>3</DataPoint>
<DataPoint>7</DataPoint>
<DataPoint>3</DataPoint>
<DataPoint>2</DataPoint>
<DataPoint>7</DataPoint>
<DataPoint>3</DataPoint>
<DataPoint>8</DataPoint>
<DataPoint>5</DataPoint>
<DataPoint>5</DataPoint>
<DataPoint>7</DataPoint>
<DataPoint>3</DataPoint>
<DataPoint>7</DataPoint>
<DataPoint>5</DataPoint>
<DataPoint>1</DataPoint>
<DataPoint>6</DataPoint>
<DataPoint>5</DataPoint>
<DataPoint>5</DataPoint>
<DataPoint>4</DataPoint>
<DataPoint>5</DataPoint>
<DataPoint>4</DataPoint>
<DataPoint>4</DataPoint>
<DataPoint>4</DataPoint>
<DataPoint>8</DataPoint>
<DataPoint>3</DataPoint>
<DataPoint>3</DataPoint>
<DataPoint>3</DataPoint>
<DataPoint>1</DataPoint>
<DataPoint>2</DataPoint>
<DataPoint>5</DataPoint>
<DataPoint>5</DataPoint>
<DataPoint>3</DataPoint>
<DataPoint>4</DataPoint>
<DataPoint>2</DataPoint>
<DataPoint>7</DataPoint>
<DataPoint>3</DataPoint>
<DataPoint>6</DataPoint>
<DataPoint>3</DataPoint>
<DataPoint>4</DataPoint>
<DataPoint>2</DataPoint>
<DataPoint>2</DataPoint>
<DataPoint>5</DataPoint>
<DataPoint>4</DataPoint>
<DataPoint>1</DataPoint>
<DataPoint>2</DataPoint>
<DataPoint>2</DataPoint>
<DataPoint>5</DataPoint>
<DataPoint>2</DataPoint>
<DataPoint>4</DataPoint>
<DataPoint>6</DataPoint>
<DataPoint>5</DataPoint>
<DataPoint>3</DataPoint>
<DataPoint>5</DataPoint>
<DataPoint>2</DataPoint>
<DataPoint>3</DataPoint>
<DataPoint>2</DataPoint>
<DataPoint>0</DataPoint>
<DataPoint>6</DataPoint>
<DataPoint>2</DataPoint>
<DataPoint>7</DataPoint>
<DataPoint>1</DataPoint>
<DataPoint>5</DataPoint>
<DataPoint>4</DataPoint>
<DataPoint>2</DataPoint>
<DataPoint>3</DataPoint>
<DataPoint>1</DataPoint>
<DataPoint>3</DataPoint>
<DataPoint>7</DataPoint>
<DataPoint>2</DataPoint>
<DataPoint>7</DataPoint>
<DataPoint>4</DataPoint>
<DataPoint>3</DataPoint>
<DataPoint>2</DataPoint>
<DataPoint>0</DataPoint>
<DataPoint>1</DataPoint>
<DataPoint>5</DataPoint>
<DataPoint>5</DataPoint>
<DataPoint>2</DataPoint>
<DataPoint>2</DataPoint>
<DataPoint>6</DataPoint>
<DataPoint>6</DataPoint>
<DataPoint>2</DataPoint>
<DataPoint>0</DataPoint>
<DataPoint>8</DataPoint>
<DataPoint>0</DataPoint>
<DataPoint>4</DataPoint>
<DataPoint>2</DataPoint>
<DataPoint>2</DataPoint>
<DataPoint>2</DataPoint>
<DataPoint>3</DataPoint>
<DataPoint>6</DataPoint>
<DataPoint>2</DataPoint>
<DataPoint>6</DataPoint>
<DataPoint>0</DataPoint>
<DataPoint>4</DataPoint>
<DataPoint>1</DataPoint>
<DataPoint>3</DataPoint>
<DataPoint>2</DataPoint>
<DataPoint>2</DataPoint>
<DataPoint>0</DataPoint>
<DataPoint>3</DataPoint>
<DataPoint>6</DataPoint>
<DataPoint>1</DataPoint>
<DataPoint>1</DataPoint>
<DataPoint>1</DataPoint>
<DataPoint>4</DataPoint>
<DataPoint>1</DataPoint>
<DataPoint>1</DataPoint>
<DataPoint>7</DataPoint>
<DataPoint>3</DataPoint>
<DataPoint>4</DataPoint>
<DataPoint>0</DataPoint>
<DataPoint>7</DataPoint>
<DataPoint>1</DataPoint>
<DataPoint>5</DataPoint>
<DataPoint>3</DataPoint>
<DataPoint>5</DataPoint>
<DataPoint>1</DataPoint>
<DataPoint>5</DataPoint>
<DataPoint>2</DataPoint>
<DataPoint>1</DataPoint>
<DataPoint>6</DataPoint>
<DataPoint>3</DataPoint>
<DataPoint>6</DataPoint>
<DataPoint>2</DataPoint>
<DataPoint>3</DataPoint>
<DataPoint>0</DataPoint>
<DataPoint>1</DataPoint>
<DataPoint>0</DataPoint>
<DataPoint>3</DataPoint>
<DataPoint>3</DataPoint>
<DataPoint>2</DataPoint>
<DataPoint>2</DataPoint>
<DataPoint>0</DataPoint>
<DataPoint>1</DataPoint>
<DataPoint>0</DataPoint>
<DataPoint>5</DataPoint>
<DataPoint>1</DataPoint>
<DataPoint>2</DataPoint>
<DataPoint>2</DataPoint>
<DataPoint>3</DataPoint>
<DataPoint>2</DataPoint>
<DataPoint>0</DataPoint>
<DataPoint>2</DataPoint>
<DataPoint>2</DataPoint>
<DataPoint>1</DataPoint>
<DataPoint>2</DataPoint>
<DataPoint>2</DataPoint>
<DataPoint>2</DataPoint>
<DataPoint>0</DataPoint>
<DataPoint>3</DataPoint>
<DataPoint>2</DataPoint>
<DataPoint>1</DataPoint>
<DataPoint>4</DataPoint>
<DataPoint>0</DataPoint>
<DataPoint>1</DataPoint>
<DataPoint>4</DataPoint>
<DataPoint>2</DataPoint>
<DataPoint>2</DataPoint>
<DataPoint>3</DataPoint>
<DataPoint>1</DataPoint>
<DataPoint>4</DataPoint>
<DataPoint>0</DataPoint>
<DataPoint>2</DataPoint>
<DataPoint>2</DataPoint>
<DataPoint>2</DataPoint>
<DataPoint>4</DataPoint>
<DataPoint>2</DataPoint>
<DataPoint>2</DataPoint>
<DataPoint>0</DataPoint>
<DataPoint>2</DataPoint>
<DataPoint>1</DataPoint>
<DataPoint>2</DataPoint>
<DataPoint>7</DataPoint>
<DataPoint>2</DataPoint>
<DataPoint>5</DataPoint>
<DataPoint>1</DataPoint>
<DataPoint>0</DataPoint>
<DataPoint>5</DataPoint>
<DataPoint>0</DataPoint>
<DataPoint>3</DataPoint>
<DataPoint>2</DataPoint>
<DataPoint>1</DataPoint>
<DataPoint>1</DataPoint>
<DataPoint>2</DataPoint>
<DataPoint>0</DataPoint>
<DataPoint>3</DataPoint>
<DataPoint>2</DataPoint>
<DataPoint>2</DataPoint>
<DataPoint>3</DataPoint>
<DataPoint>0</DataPoint>
<DataPoint>1</DataPoint>
<DataPoint>2</DataPoint>
<DataPoint>1</DataPoint>
<DataPoint>2</DataPoint>
<DataPoint>2</DataPoint>
<DataPoint>1</DataPoint>
<DataPoint>1</DataPoint>
<DataPoint>0</DataPoint>
<DataPoint>2</DataPoint>
<DataPoint>1</DataPoint>
<DataPoint>1</DataPoint>
<DataPoint>5</DataPoint>
<DataPoint>2</DataPoint>
<DataPoint>3</DataPoint>
<DataPoint>1</DataPoint>
<DataPoint>1</DataPoint>
<DataPoint>2</DataPoint>
<DataPoint>1</DataPoint>
<DataPoint>1</DataPoint>
<DataPoint>1</DataPoint>
<DataPoint>2</DataPoint>
<DataPoint>2</DataPoint>
<DataPoint>2</DataPoint>
<DataPoint>0</DataPoint>
<DataPoint>1</DataPoint>
<DataPoint>1</DataPoint>
<DataPoint>2</DataPoint>
<DataPoint>2</DataPoint>
<DataPoint>1</DataPoint>
<DataPoint>0</DataPoint>
<DataPoint>2</DataPoint>
<DataPoint>0</DataPoint>
<DataPoint>0</DataPoint>
<DataPoint>1</DataPoint>
<DataPoint>1</DataPoint>
<DataPoint>1</DataPoint>
<DataPoint>3</DataPoint>
<DataPoint>1</DataPoint>
<DataPoint>0</DataPoint>
<DataPoint>0</DataPoint>
<DataPoint>4</DataPoint>
<DataPoint>2</DataPoint>
<DataPoint>0</DataPoint>
<DataPoint>1</DataPoint>
<DataPoint>1</DataPoint>
<DataPoint>2</DataPoint>
<DataPoint>2</DataPoint>
<DataPoint>2</DataPoint>
<DataPoint>0</DataPoint>
<DataPoint>3</DataPoint>
<DataPoint>1</DataPoint>
<DataPoint>0</DataPoint>
<DataPoint>1</DataPoint>
<DataPoint>1</DataPoint>
<DataPoint>0</DataPoint>
<DataPoint>1</DataPoint>
<DataPoint>4</DataPoint>
<DataPoint>2</DataPoint>
<DataPoint>1</DataPoint>
<DataPoint>3</DataPoint>
<DataPoint>0</DataPoint>
<DataPoint>3</DataPoint>
<DataPoint>0</DataPoint>
<DataPoint>1</DataPoint>
<DataPoint>1</DataPoint>
<DataPoint>2</DataPoint>
<DataPoint>2</DataPoint>
<DataPoint>1</DataPoint>
<DataPoint>6</DataPoint>
<DataPoint>1</DataPoint>
<DataPoint>3</DataPoint>
<DataPoint>1</DataPoint>
<DataPoint>4</DataPoint>
<DataPoint>2</DataPoint>
<DataPoint>5</DataPoint>
<DataPoint>3</DataPoint>
<DataPoint>2</DataPoint>
<DataPoint>1</DataPoint>
<DataPoint>2</DataPoint>
<DataPoint>1</DataPoint>
<DataPoint>0</DataPoint>
<DataPoint>3</DataPoint>
<DataPoint>0</DataPoint>
<DataPoint>1</DataPoint>
<DataPoint>4</DataPoint>
<DataPoint>3</DataPoint>
<DataPoint>1</DataPoint>
<DataPoint>1</DataPoint>
<DataPoint>1</DataPoint>
<DataPoint>1</DataPoint>
<DataPoint>3</DataPoint>
<DataPoint>1</DataPoint>
<DataPoint>2</DataPoint>
<DataPoint>4</DataPoint>
<DataPoint>0</DataPoint>
<DataPoint>0</DataPoint>
<DataPoint>2</DataPoint>
<DataPoint>3</DataPoint>
<DataPoint>0</DataPoint>
<DataPoint>3</DataPoint>
<DataPoint>1</DataPoint>
<DataPoint>2</DataPoint>
<DataPoint>2</DataPoint>
<DataPoint>1</DataPoint>
<DataPoint>2</DataPoint>
<DataPoint>2</DataPoint>
<DataPoint>3</DataPoint>
<DataPoint>2</DataPoint>
<DataPoint>3</DataPoint>
<DataPoint>1</DataPoint>
<DataPoint>1</DataPoint>
<DataPoint>1</DataPoint>
<DataPoint>4</DataPoint>
<DataPoint>1</DataPoint>
<DataPoint>8</DataPoint>
<DataPoint>1</DataPoint>
<DataPoint>2</DataPoint>
<DataPoint>0</DataPoint>
<DataPoint>2</DataPoint>
<DataPoint>4</DataPoint>
<DataPoint>5</DataPoint>
<DataPoint>2</DataPoint>
<DataPoint>5</DataPoint>
<DataPoint>2</DataPoint>
<DataPoint>3</DataPoint>
<DataPoint>2</DataPoint>
<DataPoint>3</DataPoint>
<DataPoint>3</DataPoint>
<DataPoint>3</DataPoint>
<DataPoint>3</DataPoint>
<DataPoint>1</DataPoint>
<DataPoint>2</DataPoint>
<DataPoint>1</DataPoint>
<DataPoint>1</DataPoint>
<DataPoint>0</DataPoint>
<DataPoint>0</DataPoint>
<DataPoint>1</DataPoint>
<DataPoint>3</DataPoint>
<DataPoint>3</DataPoint>
<DataPoint>6</DataPoint>
<DataPoint>6</DataPoint>
<DataPoint>1</DataPoint>
<DataPoint>0</DataPoint>
<DataPoint>2</DataPoint>
<DataPoint>1</DataPoint>
<DataPoint>2</DataPoint>
<DataPoint>5</DataPoint>
<DataPoint>1</DataPoint>
<DataPoint>5</DataPoint>
<DataPoint>2</DataPoint>
<DataPoint>2</DataPoint>
<DataPoint>6</DataPoint>
<DataPoint>1</DataPoint>
<DataPoint>4</DataPoint>
<DataPoint>5</DataPoint>
<DataPoint>1</DataPoint>
<DataPoint>5</DataPoint>
<DataPoint>1</DataPoint>
<DataPoint>1</DataPoint>
<DataPoint>3</DataPoint>
<DataPoint>2</DataPoint>
<DataPoint>6</DataPoint>
<DataPoint>3</DataPoint>
<DataPoint>1</DataPoint>
<DataPoint>1</DataPoint>
<DataPoint>4</DataPoint>
<DataPoint>2</DataPoint>
<DataPoint>1</DataPoint>
<DataPoint>3</DataPoint>
<DataPoint>2</DataPoint>
<DataPoint>2</DataPoint>
<DataPoint>5</DataPoint>
<DataPoint>3</DataPoint>
<DataPoint>4</DataPoint>
<DataPoint>0</DataPoint>
<DataPoint>2</DataPoint>
<DataPoint>5</DataPoint>
<DataPoint>1</DataPoint>
<DataPoint>5</DataPoint>
<DataPoint>2</DataPoint>
<DataPoint>1</DataPoint>
<DataPoint>2</DataPoint>
<DataPoint>1</DataPoint>
<DataPoint>2</DataPoint>
<DataPoint>3</DataPoint>
<DataPoint>0</DataPoint>
<DataPoint>6</DataPoint>
<DataPoint>4</DataPoint>
<DataPoint>7</DataPoint>
<DataPoint>5</DataPoint>
<DataPoint>2</DataPoint>
<DataPoint>3</DataPoint>
<DataPoint>1</DataPoint>
<DataPoint>3</DataPoint>
<DataPoint>3</DataPoint>
<DataPoint>4</DataPoint>
<DataPoint>5</DataPoint>
<DataPoint>4</DataPoint>
<DataPoint>3</DataPoint>
<DataPoint>739</DataPoint>

  </Spectrum>
 </EnergySpectrum>


       <StartTime>2024-02-26T12:54:22</StartTime>
 <EndTime>2024-02-27T00:55:47</EndTime>

 <BackgroundEnergySpectrum>
  <NumberOfChannels>1024</NumberOfChannels>
  <ChannelPitch>1</ChannelPitch>
  <SpectrumName><![CDATA[Background1]]></SpectrumName>
  <Comment>@Comment</Comment>
  <SerialNumber>RC-101-001920</SerialNumber>
  <EnergyCalibration>
    <PolynomialOrder>2</PolynomialOrder>
    <Coefficients>
      <Coefficient>4.6426802</Coefficient>
      <Coefficient>2.29144</Coefficient>
      <Coefficient>0.00097</Coefficient>
    </Coefficients>
  </EnergyCalibration>
  <MeasurementTime>43285</MeasurementTime>
  <Spectrum>
    <DataPoint>0</DataPoint>
<DataPoint>0</DataPoint>
<DataPoint>0</DataPoint>
<DataPoint>0</DataPoint>
<DataPoint>0</DataPoint>
<DataPoint>0</DataPoint>
<DataPoint>0</DataPoint>
<DataPoint>0</DataPoint>
<DataPoint>0</DataPoint>
<DataPoint>0</DataPoint>
<DataPoint>0</DataPoint>
<DataPoint>0</DataPoint>
<DataPoint>5</DataPoint>
<DataPoint>76</DataPoint>
<DataPoint>200</DataPoint>
<DataPoint>312</DataPoint>
<DataPoint>525</DataPoint>
<DataPoint>584</DataPoint>
<DataPoint>747</DataPoint>
<DataPoint>872</DataPoint>
<DataPoint>1038</DataPoint>
<DataPoint>1195</DataPoint>
<DataPoint>1346</DataPoint>
<DataPoint>1546</DataPoint>
<DataPoint>1738</DataPoint>
<DataPoint>1936</DataPoint>
<DataPoint>2119</DataPoint>
<DataPoint>2207</DataPoint>
<DataPoint>2523</DataPoint>
<DataPoint>2643</DataPoint>
<DataPoint>2974</DataPoint>
<DataPoint>3148</DataPoint>
<DataPoint>3595</DataPoint>
<DataPoint>3396</DataPoint>
<DataPoint>3714</DataPoint>
<DataPoint>3650</DataPoint>
<DataPoint>3721</DataPoint>
<DataPoint>3792</DataPoint>
<DataPoint>3783</DataPoint>
<DataPoint>3682</DataPoint>
<DataPoint>3835</DataPoint>
<DataPoint>3623</DataPoint>
<DataPoint>3668</DataPoint>
<DataPoint>3472</DataPoint>
<DataPoint>3491</DataPoint>
<DataPoint>3408</DataPoint>
<DataPoint>3257</DataPoint>
<DataPoint>3303</DataPoint>
<DataPoint>3192</DataPoint>
<DataPoint>3007</DataPoint>
<DataPoint>2972</DataPoint>
<DataPoint>2910</DataPoint>
<DataPoint>2843</DataPoint>
<DataPoint>2729</DataPoint>
<DataPoint>2643</DataPoint>
<DataPoint>2437</DataPoint>
<DataPoint>2467</DataPoint>
<DataPoint>2343</DataPoint>
<DataPoint>2365</DataPoint>
<DataPoint>2210</DataPoint>
<DataPoint>2177</DataPoint>
<DataPoint>2150</DataPoint>
<DataPoint>1953</DataPoint>
<DataPoint>1860</DataPoint>
<DataPoint>1945</DataPoint>
<DataPoint>1773</DataPoint>
<DataPoint>1808</DataPoint>
<DataPoint>1687</DataPoint>
<DataPoint>1579</DataPoint>
<DataPoint>1566</DataPoint>
<DataPoint>1502</DataPoint>
<DataPoint>1400</DataPoint>
<DataPoint>1384</DataPoint>
<DataPoint>1277</DataPoint>
<DataPoint>1315</DataPoint>
<DataPoint>1216</DataPoint>
<DataPoint>1115</DataPoint>
<DataPoint>1158</DataPoint>
<DataPoint>1068</DataPoint>
<DataPoint>1135</DataPoint>
<DataPoint>1112</DataPoint>
<DataPoint>1012</DataPoint>
<DataPoint>929</DataPoint>
<DataPoint>864</DataPoint>
<DataPoint>903</DataPoint>
<DataPoint>821</DataPoint>
<DataPoint>803</DataPoint>
<DataPoint>688</DataPoint>
<DataPoint>752</DataPoint>
<DataPoint>723</DataPoint>
<DataPoint>711</DataPoint>
<DataPoint>662</DataPoint>
<DataPoint>658</DataPoint>
<DataPoint>689</DataPoint>
<DataPoint>665</DataPoint>
<DataPoint>644</DataPoint>
<DataPoint>586</DataPoint>
<DataPoint>571</DataPoint>
<DataPoint>575</DataPoint>
<DataPoint>517</DataPoint>
<DataPoint>507</DataPoint>
<DataPoint>548</DataPoint>
<DataPoint>512</DataPoint>
<DataPoint>455</DataPoint>
<DataPoint>463</DataPoint>
<DataPoint>450</DataPoint>
<DataPoint>432</DataPoint>
<DataPoint>394</DataPoint>
<DataPoint>415</DataPoint>
<DataPoint>379</DataPoint>
<DataPoint>354</DataPoint>
<DataPoint>355</DataPoint>
<DataPoint>348</DataPoint>
<DataPoint>300</DataPoint>
<DataPoint>303</DataPoint>
<DataPoint>345</DataPoint>
<DataPoint>327</DataPoint>
<DataPoint>309</DataPoint>
<DataPoint>252</DataPoint>
<DataPoint>274</DataPoint>
<DataPoint>241</DataPoint>
<DataPoint>255</DataPoint>
<DataPoint>259</DataPoint>
<DataPoint>252</DataPoint>
<DataPoint>234</DataPoint>
<DataPoint>257</DataPoint>
<DataPoint>248</DataPoint>
<DataPoint>227</DataPoint>
<DataPoint>229</DataPoint>
<DataPoint>220</DataPoint>
<DataPoint>228</DataPoint>
<DataPoint>198</DataPoint>
<DataPoint>200</DataPoint>
<DataPoint>171</DataPoint>
<DataPoint>162</DataPoint>
<DataPoint>182</DataPoint>
<DataPoint>182</DataPoint>
<DataPoint>208</DataPoint>
<DataPoint>159</DataPoint>
<DataPoint>136</DataPoint>
<DataPoint>175</DataPoint>
<DataPoint>168</DataPoint>
<DataPoint>154</DataPoint>
<DataPoint>166</DataPoint>
<DataPoint>153</DataPoint>
<DataPoint>157</DataPoint>
<DataPoint>142</DataPoint>
<DataPoint>126</DataPoint>
<DataPoint>132</DataPoint>
<DataPoint>139</DataPoint>
<DataPoint>123</DataPoint>
<DataPoint>118</DataPoint>
<DataPoint>127</DataPoint>
<DataPoint>111</DataPoint>
<DataPoint>107</DataPoint>
<DataPoint>106</DataPoint>
<DataPoint>97</DataPoint>
<DataPoint>101</DataPoint>
<DataPoint>86</DataPoint>
<DataPoint>92</DataPoint>
<DataPoint>86</DataPoint>
<DataPoint>80</DataPoint>
<DataPoint>72</DataPoint>
<DataPoint>87</DataPoint>
<DataPoint>82</DataPoint>
<DataPoint>89</DataPoint>
<DataPoint>75</DataPoint>
<DataPoint>76</DataPoint>
<DataPoint>83</DataPoint>
<DataPoint>76</DataPoint>
<DataPoint>83</DataPoint>
<DataPoint>86</DataPoint>
<DataPoint>79</DataPoint>
<DataPoint>73</DataPoint>
<DataPoint>63</DataPoint>
<DataPoint>70</DataPoint>
<DataPoint>74</DataPoint>
<DataPoint>75</DataPoint>
<DataPoint>71</DataPoint>
<DataPoint>72</DataPoint>
<DataPoint>79</DataPoint>
<DataPoint>60</DataPoint>
<DataPoint>56</DataPoint>
<DataPoint>57</DataPoint>
<DataPoint>49</DataPoint>
<DataPoint>66</DataPoint>
<DataPoint>66</DataPoint>
<DataPoint>56</DataPoint>
<DataPoint>66</DataPoint>
<DataPoint>59</DataPoint>
<DataPoint>49</DataPoint>
<DataPoint>52</DataPoint>
<DataPoint>58</DataPoint>
<DataPoint>77</DataPoint>
<DataPoint>48</DataPoint>
<DataPoint>54</DataPoint>
<DataPoint>55</DataPoint>
<DataPoint>40</DataPoint>
<DataPoint>45</DataPoint>
<DataPoint>48</DataPoint>
<DataPoint>59</DataPoint>
<DataPoint>56</DataPoint>
<DataPoint>55</DataPoint>
<DataPoint>48</DataPoint>
<DataPoint>47</DataPoint>
<DataPoint>41</DataPoint>
<DataPoint>61</DataPoint>
<DataPoint>38</DataPoint>
<DataPoint>64</DataPoint>
<DataPoint>60</DataPoint>
<DataPoint>54</DataPoint>
<DataPoint>36</DataPoint>
<DataPoint>55</DataPoint>
<DataPoint>41</DataPoint>
<DataPoint>48</DataPoint>
<DataPoint>41</DataPoint>
<DataPoint>47</DataPoint>
<DataPoint>52</DataPoint>
<DataPoint>44</DataPoint>
<DataPoint>62</DataPoint>
<DataPoint>52</DataPoint>
<DataPoint>54</DataPoint>
<DataPoint>46</DataPoint>
<DataPoint>46</DataPoint>
<DataPoint>55</DataPoint>
<DataPoint>40</DataPoint>
<DataPoint>45</DataPoint>
<DataPoint>48</DataPoint>
<DataPoint>37</DataPoint>
<DataPoint>42</DataPoint>
<DataPoint>42</DataPoint>
<DataPoint>43</DataPoint>
<DataPoint>45</DataPoint>
<DataPoint>42</DataPoint>
<DataPoint>42</DataPoint>
<DataPoint>33</DataPoint>
<DataPoint>43</DataPoint>
<DataPoint>45</DataPoint>
<DataPoint>40</DataPoint>
<DataPoint>45</DataPoint>
<DataPoint>40</DataPoint>
<DataPoint>45</DataPoint>
<DataPoint>36</DataPoint>
<DataPoint>28</DataPoint>
<DataPoint>31</DataPoint>
<DataPoint>39</DataPoint>
<DataPoint>42</DataPoint>
<DataPoint>25</DataPoint>
<DataPoint>39</DataPoint>
<DataPoint>28</DataPoint>
<DataPoint>31</DataPoint>
<DataPoint>27</DataPoint>
<DataPoint>39</DataPoint>
<DataPoint>33</DataPoint>
<DataPoint>39</DataPoint>
<DataPoint>35</DataPoint>
<DataPoint>45</DataPoint>
<DataPoint>21</DataPoint>
<DataPoint>22</DataPoint>
<DataPoint>33</DataPoint>
<DataPoint>24</DataPoint>
<DataPoint>23</DataPoint>
<DataPoint>24</DataPoint>
<DataPoint>34</DataPoint>
<DataPoint>23</DataPoint>
<DataPoint>18</DataPoint>
<DataPoint>22</DataPoint>
<DataPoint>27</DataPoint>
<DataPoint>26</DataPoint>
<DataPoint>30</DataPoint>
<DataPoint>22</DataPoint>
<DataPoint>27</DataPoint>
<DataPoint>40</DataPoint>
<DataPoint>14</DataPoint>
<DataPoint>22</DataPoint>
<DataPoint>27</DataPoint>
<DataPoint>24</DataPoint>
<DataPoint>17</DataPoint>
<DataPoint>25</DataPoint>
<DataPoint>14</DataPoint>
<DataPoint>21</DataPoint>
<DataPoint>20</DataPoint>
<DataPoint>22</DataPoint>
<DataPoint>19</DataPoint>
<DataPoint>17</DataPoint>
<DataPoint>23</DataPoint>
<DataPoint>22</DataPoint>
<DataPoint>20</DataPoint>
<DataPoint>25</DataPoint>
<DataPoint>21</DataPoint>
<DataPoint>22</DataPoint>
<DataPoint>16</DataPoint>
<DataPoint>17</DataPoint>
<DataPoint>26</DataPoint>
<DataPoint>31</DataPoint>
<DataPoint>26</DataPoint>
<DataPoint>15</DataPoint>
<DataPoint>19</DataPoint>
<DataPoint>17</DataPoint>
<DataPoint>21</DataPoint>
<DataPoint>24</DataPoint>
<DataPoint>26</DataPoint>
<DataPoint>19</DataPoint>
<DataPoint>21</DataPoint>
<DataPoint>21</DataPoint>
<DataPoint>18</DataPoint>
<DataPoint>19</DataPoint>
<DataPoint>14</DataPoint>
<DataPoint>11</DataPoint>
<DataPoint>26</DataPoint>
<DataPoint>20</DataPoint>
<DataPoint>19</DataPoint>
<DataPoint>17</DataPoint>
<DataPoint>22</DataPoint>
<DataPoint>25</DataPoint>
<DataPoint>26</DataPoint>
<DataPoint>21</DataPoint>
<DataPoint>18</DataPoint>
<DataPoint>24</DataPoint>
<DataPoint>18</DataPoint>
<DataPoint>12</DataPoint>
<DataPoint>23</DataPoint>
<DataPoint>22</DataPoint>
<DataPoint>14</DataPoint>
<DataPoint>18</DataPoint>
<DataPoint>21</DataPoint>
<DataPoint>14</DataPoint>
<DataPoint>22</DataPoint>
<DataPoint>14</DataPoint>
<DataPoint>14</DataPoint>
<DataPoint>24</DataPoint>
<DataPoint>16</DataPoint>
<DataPoint>13</DataPoint>
<DataPoint>12</DataPoint>
<DataPoint>20</DataPoint>
<DataPoint>15</DataPoint>
<DataPoint>19</DataPoint>
<DataPoint>13</DataPoint>
<DataPoint>21</DataPoint>
<DataPoint>14</DataPoint>
<DataPoint>18</DataPoint>
<DataPoint>18</DataPoint>
<DataPoint>12</DataPoint>
<DataPoint>11</DataPoint>
<DataPoint>21</DataPoint>
<DataPoint>10</DataPoint>
<DataPoint>21</DataPoint>
<DataPoint>17</DataPoint>
<DataPoint>13</DataPoint>
<DataPoint>9</DataPoint>
<DataPoint>21</DataPoint>
<DataPoint>17</DataPoint>
<DataPoint>14</DataPoint>
<DataPoint>7</DataPoint>
<DataPoint>15</DataPoint>
<DataPoint>15</DataPoint>
<DataPoint>18</DataPoint>
<DataPoint>17</DataPoint>
<DataPoint>18</DataPoint>
<DataPoint>7</DataPoint>
<DataPoint>17</DataPoint>
<DataPoint>16</DataPoint>
<DataPoint>21</DataPoint>
<DataPoint>20</DataPoint>
<DataPoint>17</DataPoint>
<DataPoint>15</DataPoint>
<DataPoint>16</DataPoint>
<DataPoint>10</DataPoint>
<DataPoint>15</DataPoint>
<DataPoint>10</DataPoint>
<DataPoint>12</DataPoint>
<DataPoint>10</DataPoint>
<DataPoint>11</DataPoint>
<DataPoint>14</DataPoint>
<DataPoint>15</DataPoint>
<DataPoint>11</DataPoint>
<DataPoint>12</DataPoint>
<DataPoint>10</DataPoint>
<DataPoint>10</DataPoint>
<DataPoint>10</DataPoint>
<DataPoint>8</DataPoint>
<DataPoint>18</DataPoint>
<DataPoint>11</DataPoint>
<DataPoint>14</DataPoint>
<DataPoint>8</DataPoint>
<DataPoint>20</DataPoint>
<DataPoint>8</DataPoint>
<DataPoint>7</DataPoint>
<DataPoint>12</DataPoint>
<DataPoint>14</DataPoint>
<DataPoint>18</DataPoint>
<DataPoint>10</DataPoint>
<DataPoint>9</DataPoint>
<DataPoint>23</DataPoint>
<DataPoint>10</DataPoint>
<DataPoint>10</DataPoint>
<DataPoint>13</DataPoint>
<DataPoint>13</DataPoint>
<DataPoint>9</DataPoint>
<DataPoint>10</DataPoint>
<DataPoint>10</DataPoint>
<DataPoint>11</DataPoint>
<DataPoint>17</DataPoint>
<DataPoint>10</DataPoint>
<DataPoint>10</DataPoint>
<DataPoint>13</DataPoint>
<DataPoint>12</DataPoint>
<DataPoint>15</DataPoint>
<DataPoint>15</DataPoint>
<DataPoint>4</DataPoint>
<DataPoint>26</DataPoint>
<DataPoint>10</DataPoint>
<DataPoint>13</DataPoint>
<DataPoint>15</DataPoint>
<DataPoint>12</DataPoint>
<DataPoint>17</DataPoint>
<DataPoint>12</DataPoint>
<DataPoint>9</DataPoint>
<DataPoint>13</DataPoint>
<DataPoint>16</DataPoint>
<DataPoint>14</DataPoint>
<DataPoint>13</DataPoint>
<DataPoint>10</DataPoint>
<DataPoint>18</DataPoint>
<DataPoint>16</DataPoint>
<DataPoint>12</DataPoint>
<DataPoint>17</DataPoint>
<DataPoint>15</DataPoint>
<DataPoint>10</DataPoint>
<DataPoint>9</DataPoint>
<DataPoint>11</DataPoint>
<DataPoint>11</DataPoint>
<DataPoint>13</DataPoint>
<DataPoint>13</DataPoint>
<DataPoint>16</DataPoint>
<DataPoint>6</DataPoint>
<DataPoint>13</DataPoint>
<DataPoint>9</DataPoint>
<DataPoint>10</DataPoint>
<DataPoint>14</DataPoint>
<DataPoint>12</DataPoint>
<DataPoint>12</DataPoint>
<DataPoint>7</DataPoint>
<DataPoint>8</DataPoint>
<DataPoint>13</DataPoint>
<DataPoint>8</DataPoint>
<DataPoint>14</DataPoint>
<DataPoint>10</DataPoint>
<DataPoint>7</DataPoint>
<DataPoint>13</DataPoint>
<DataPoint>8</DataPoint>
<DataPoint>11</DataPoint>
<DataPoint>4</DataPoint>
<DataPoint>4</DataPoint>
<DataPoint>4</DataPoint>
<DataPoint>4</DataPoint>
<DataPoint>9</DataPoint>
<DataPoint>7</DataPoint>
<DataPoint>9</DataPoint>
<DataPoint>7</DataPoint>
<DataPoint>9</DataPoint>
<DataPoint>4</DataPoint>
<DataPoint>4</DataPoint>
<DataPoint>14</DataPoint>
<DataPoint>9</DataPoint>
<DataPoint>6</DataPoint>
<DataPoint>9</DataPoint>
<DataPoint>7</DataPoint>
<DataPoint>11</DataPoint>
<DataPoint>2</DataPoint>
<DataPoint>8</DataPoint>
<DataPoint>9</DataPoint>
<DataPoint>5</DataPoint>
<DataPoint>7</DataPoint>
<DataPoint>6</DataPoint>
<DataPoint>9</DataPoint>
<DataPoint>7</DataPoint>
<DataPoint>5</DataPoint>
<DataPoint>4</DataPoint>
<DataPoint>5</DataPoint>
<DataPoint>3</DataPoint>
<DataPoint>4</DataPoint>
<DataPoint>9</DataPoint>
<DataPoint>10</DataPoint>
<DataPoint>5</DataPoint>
<DataPoint>6</DataPoint>
<DataPoint>5</DataPoint>
<DataPoint>4</DataPoint>
<DataPoint>8</DataPoint>
<DataPoint>8</DataPoint>
<DataPoint>8</DataPoint>
<DataPoint>8</DataPoint>
<DataPoint>7</DataPoint>
<DataPoint>6</DataPoint>
<DataPoint>6</DataPoint>
<DataPoint>9</DataPoint>
<DataPoint>7</DataPoint>
<DataPoint>2</DataPoint>
<DataPoint>6</DataPoint>
<DataPoint>6</DataPoint>
<DataPoint>3</DataPoint>
<DataPoint>6</DataPoint>
<DataPoint>2</DataPoint>
<DataPoint>9</DataPoint>
<DataPoint>12</DataPoint>
<DataPoint>8</DataPoint>
<DataPoint>7</DataPoint>
<DataPoint>6</DataPoint>
<DataPoint>5</DataPoint>
<DataPoint>12</DataPoint>
<DataPoint>6</DataPoint>
<DataPoint>2</DataPoint>
<DataPoint>6</DataPoint>
<DataPoint>13</DataPoint>
<DataPoint>10</DataPoint>
<DataPoint>11</DataPoint>
<DataPoint>3</DataPoint>
<DataPoint>10</DataPoint>
<DataPoint>14</DataPoint>
<DataPoint>6</DataPoint>
<DataPoint>6</DataPoint>
<DataPoint>6</DataPoint>
<DataPoint>6</DataPoint>
<DataPoint>7</DataPoint>
<DataPoint>4</DataPoint>
<DataPoint>9</DataPoint>
<DataPoint>9</DataPoint>
<DataPoint>11</DataPoint>
<DataPoint>6</DataPoint>
<DataPoint>7</DataPoint>
<DataPoint>10</DataPoint>
<DataPoint>4</DataPoint>
<DataPoint>7</DataPoint>
<DataPoint>6</DataPoint>
<DataPoint>3</DataPoint>
<DataPoint>8</DataPoint>
<DataPoint>6</DataPoint>
<DataPoint>5</DataPoint>
<DataPoint>9</DataPoint>
<DataPoint>5</DataPoint>
<DataPoint>8</DataPoint>
<DataPoint>9</DataPoint>
<DataPoint>3</DataPoint>
<DataPoint>7</DataPoint>
<DataPoint>6</DataPoint>
<DataPoint>5</DataPoint>
<DataPoint>5</DataPoint>
<DataPoint>6</DataPoint>
<DataPoint>4</DataPoint>
<DataPoint>6</DataPoint>
<DataPoint>6</DataPoint>
<DataPoint>3</DataPoint>
<DataPoint>10</DataPoint>
<DataPoint>6</DataPoint>
<DataPoint>5</DataPoint>
<DataPoint>6</DataPoint>
<DataPoint>1</DataPoint>
<DataPoint>3</DataPoint>
<DataPoint>3</DataPoint>
<DataPoint>5</DataPoint>
<DataPoint>3</DataPoint>
<DataPoint>7</DataPoint>
<DataPoint>4</DataPoint>
<DataPoint>7</DataPoint>
<DataPoint>6</DataPoint>
<DataPoint>4</DataPoint>
<DataPoint>5</DataPoint>
<DataPoint>7</DataPoint>
<DataPoint>6</DataPoint>
<DataPoint>7</DataPoint>
<DataPoint>4</DataPoint>
<DataPoint>6</DataPoint>
<DataPoint>3</DataPoint>
<DataPoint>4</DataPoint>
<DataPoint>5</DataPoint>
<DataPoint>3</DataPoint>
<DataPoint>2</DataPoint>
<DataPoint>4</DataPoint>
<DataPoint>3</DataPoint>
<DataPoint>6</DataPoint>
<DataPoint>2</DataPoint>
<DataPoint>2</DataPoint>
<DataPoint>3</DataPoint>
<DataPoint>6</DataPoint>
<DataPoint>1</DataPoint>
<DataPoint>8</DataPoint>
<DataPoint>5</DataPoint>
<DataPoint>3</DataPoint>
<DataPoint>2</DataPoint>
<DataPoint>2</DataPoint>
<DataPoint>3</DataPoint>
<DataPoint>6</DataPoint>
<DataPoint>4</DataPoint>
<DataPoint>2</DataPoint>
<DataPoint>3</DataPoint>
<DataPoint>3</DataPoint>
<DataPoint>1</DataPoint>
<DataPoint>6</DataPoint>
<DataPoint>4</DataPoint>
<DataPoint>1</DataPoint>
<DataPoint>3</DataPoint>
<DataPoint>5</DataPoint>
<DataPoint>4</DataPoint>
<DataPoint>0</DataPoint>
<DataPoint>3</DataPoint>
<DataPoint>4</DataPoint>
<DataPoint>3</DataPoint>
<DataPoint>6</DataPoint>
<DataPoint>4</DataPoint>
<DataPoint>5</DataPoint>
<DataPoint>3</DataPoint>
<DataPoint>3</DataPoint>
<DataPoint>1</DataPoint>
<DataPoint>5</DataPoint>
<DataPoint>4</DataPoint>
<DataPoint>3</DataPoint>
<DataPoint>4</DataPoint>
<DataPoint>3</DataPoint>
<DataPoint>2</DataPoint>
<DataPoint>3</DataPoint>
<DataPoint>3</DataPoint>
<DataPoint>3</DataPoint>
<DataPoint>3</DataPoint>
<DataPoint>1</DataPoint>
<DataPoint>3</DataPoint>
<DataPoint>7</DataPoint>
<DataPoint>1</DataPoint>
<DataPoint>2</DataPoint>
<DataPoint>2</DataPoint>
<DataPoint>1</DataPoint>
<DataPoint>3</DataPoint>
<DataPoint>1</DataPoint>
<DataPoint>6</DataPoint>
<DataPoint>1</DataPoint>
<DataPoint>1</DataPoint>
<DataPoint>2</DataPoint>
<DataPoint>5</DataPoint>
<DataPoint>1</DataPoint>
<DataPoint>7</DataPoint>
<DataPoint>2</DataPoint>
<DataPoint>3</DataPoint>
<DataPoint>2</DataPoint>
<DataPoint>3</DataPoint>
<DataPoint>2</DataPoint>
<DataPoint>0</DataPoint>
<DataPoint>4</DataPoint>
<DataPoint>1</DataPoint>
<DataPoint>1</DataPoint>
<DataPoint>3</DataPoint>
<DataPoint>4</DataPoint>
<DataPoint>2</DataPoint>
<DataPoint>1</DataPoint>
<DataPoint>6</DataPoint>
<DataPoint>7</DataPoint>
<DataPoint>0</DataPoint>
<DataPoint>5</DataPoint>
<DataPoint>3</DataPoint>
<DataPoint>1</DataPoint>
<DataPoint>3</DataPoint>
<DataPoint>5</DataPoint>
<DataPoint>0</DataPoint>
<DataPoint>1</DataPoint>
<DataPoint>1</DataPoint>
<DataPoint>2</DataPoint>
<DataPoint>4</DataPoint>
<DataPoint>3</DataPoint>
<DataPoint>0</DataPoint>
<DataPoint>1</DataPoint>
<DataPoint>3</DataPoint>
<DataPoint>2</DataPoint>
<DataPoint>2</DataPoint>
<DataPoint>2</DataPoint>
<DataPoint>3</DataPoint>
<DataPoint>2</DataPoint>
<DataPoint>0</DataPoint>
<DataPoint>2</DataPoint>
<DataPoint>1</DataPoint>
<DataPoint>1</DataPoint>
<DataPoint>3</DataPoint>
<DataPoint>3</DataPoint>
<DataPoint>0</DataPoint>
<DataPoint>2</DataPoint>
<DataPoint>1</DataPoint>
<DataPoint>4</DataPoint>
<DataPoint>2</DataPoint>
<DataPoint>3</DataPoint>
<DataPoint>4</DataPoint>
<DataPoint>1</DataPoint>
<DataPoint>1</DataPoint>
<DataPoint>2</DataPoint>
<DataPoint>2</DataPoint>
<DataPoint>2</DataPoint>
<DataPoint>2</DataPoint>
<DataPoint>4</DataPoint>
<DataPoint>1</DataPoint>
<DataPoint>0</DataPoint>
<DataPoint>2</DataPoint>
<DataPoint>2</DataPoint>
<DataPoint>2</DataPoint>
<DataPoint>3</DataPoint>
<DataPoint>0</DataPoint>
<DataPoint>1</DataPoint>
<DataPoint>1</DataPoint>
<DataPoint>4</DataPoint>
<DataPoint>5</DataPoint>
<DataPoint>3</DataPoint>
<DataPoint>4</DataPoint>
<DataPoint>0</DataPoint>
<DataPoint>1</DataPoint>
<DataPoint>2</DataPoint>
<DataPoint>2</DataPoint>
<DataPoint>4</DataPoint>
<DataPoint>5</DataPoint>
<DataPoint>1</DataPoint>
<DataPoint>1</DataPoint>
<DataPoint>0</DataPoint>
<DataPoint>3</DataPoint>
<DataPoint>3</DataPoint>
<DataPoint>1</DataPoint>
<DataPoint>4</DataPoint>
<DataPoint>2</DataPoint>
<DataPoint>3</DataPoint>
<DataPoint>1</DataPoint>
<DataPoint>0</DataPoint>
<DataPoint>2</DataPoint>
<DataPoint>3</DataPoint>
<DataPoint>1</DataPoint>
<DataPoint>2</DataPoint>
<DataPoint>2</DataPoint>
<DataPoint>0</DataPoint>
<DataPoint>1</DataPoint>
<DataPoint>4</DataPoint>
<DataPoint>3</DataPoint>
<DataPoint>3</DataPoint>
<DataPoint>3</DataPoint>
<DataPoint>0</DataPoint>
<DataPoint>2</DataPoint>
<DataPoint>4</DataPoint>
<DataPoint>1</DataPoint>
<DataPoint>4</DataPoint>
<DataPoint>2</DataPoint>
<DataPoint>3</DataPoint>
<DataPoint>5</DataPoint>
<DataPoint>2</DataPoint>
<DataPoint>3</DataPoint>
<DataPoint>3</DataPoint>
<DataPoint>3</DataPoint>
<DataPoint>2</DataPoint>
<DataPoint>2</DataPoint>
<DataPoint>4</DataPoint>
<DataPoint>1</DataPoint>
<DataPoint>1</DataPoint>
<DataPoint>1</DataPoint>
<DataPoint>0</DataPoint>
<DataPoint>1</DataPoint>
<DataPoint>3</DataPoint>
<DataPoint>1</DataPoint>
<DataPoint>1</DataPoint>
<DataPoint>1</DataPoint>
<DataPoint>3</DataPoint>
<DataPoint>1</DataPoint>
<DataPoint>1</DataPoint>
<DataPoint>1</DataPoint>
<DataPoint>0</DataPoint>
<DataPoint>1</DataPoint>
<DataPoint>5</DataPoint>
<DataPoint>1</DataPoint>
<DataPoint>0</DataPoint>
<DataPoint>3</DataPoint>
<DataPoint>4</DataPoint>
<DataPoint>1</DataPoint>
<DataPoint>0</DataPoint>
<DataPoint>0</DataPoint>
<DataPoint>3</DataPoint>
<DataPoint>1</DataPoint>
<DataPoint>3</DataPoint>
<DataPoint>2</DataPoint>
<DataPoint>2</DataPoint>
<DataPoint>2</DataPoint>
<DataPoint>0</DataPoint>
<DataPoint>1</DataPoint>
<DataPoint>3</DataPoint>
<DataPoint>1</DataPoint>
<DataPoint>1</DataPoint>
<DataPoint>2</DataPoint>
<DataPoint>1</DataPoint>
<DataPoint>1</DataPoint>
<DataPoint>1</DataPoint>
<DataPoint>0</DataPoint>
<DataPoint>0</DataPoint>
<DataPoint>1</DataPoint>
<DataPoint>1</DataPoint>
<DataPoint>0</DataPoint>
<DataPoint>1</DataPoint>
<DataPoint>7</DataPoint>
<DataPoint>0</DataPoint>
<DataPoint>1</DataPoint>
<DataPoint>1</DataPoint>
<DataPoint>0</DataPoint>
<DataPoint>0</DataPoint>
<DataPoint>0</DataPoint>
<DataPoint>0</DataPoint>
<DataPoint>2</DataPoint>
<DataPoint>1</DataPoint>
<DataPoint>1</DataPoint>
<DataPoint>3</DataPoint>
<DataPoint>4</DataPoint>
<DataPoint>0</DataPoint>
<DataPoint>0</DataPoint>
<DataPoint>1</DataPoint>
<DataPoint>0</DataPoint>
<DataPoint>2</DataPoint>
<DataPoint>3</DataPoint>
<DataPoint>2</DataPoint>
<DataPoint>1</DataPoint>
<DataPoint>0</DataPoint>
<DataPoint>2</DataPoint>
<DataPoint>0</DataPoint>
<DataPoint>3</DataPoint>
<DataPoint>1</DataPoint>
<DataPoint>2</DataPoint>
<DataPoint>2</DataPoint>
<DataPoint>1</DataPoint>
<DataPoint>1</DataPoint>
<DataPoint>1</DataPoint>
<DataPoint>1</DataPoint>
<DataPoint>1</DataPoint>
<DataPoint>2</DataPoint>
<DataPoint>1</DataPoint>
<DataPoint>4</DataPoint>
<DataPoint>3</DataPoint>
<DataPoint>2</DataPoint>
<DataPoint>0</DataPoint>
<DataPoint>1</DataPoint>
<DataPoint>1</DataPoint>
<DataPoint>1</DataPoint>
<DataPoint>1</DataPoint>
<DataPoint>1</DataPoint>
<DataPoint>7</DataPoint>
<DataPoint>2</DataPoint>
<DataPoint>3</DataPoint>
<DataPoint>0</DataPoint>
<DataPoint>1</DataPoint>
<DataPoint>3</DataPoint>
<DataPoint>3</DataPoint>
<DataPoint>0</DataPoint>
<DataPoint>1</DataPoint>
<DataPoint>0</DataPoint>
<DataPoint>0</DataPoint>
<DataPoint>1</DataPoint>
<DataPoint>2</DataPoint>
<DataPoint>0</DataPoint>
<DataPoint>0</DataPoint>
<DataPoint>0</DataPoint>
<DataPoint>2</DataPoint>
<DataPoint>1</DataPoint>
<DataPoint>1</DataPoint>
<DataPoint>2</DataPoint>
<DataPoint>0</DataPoint>
<DataPoint>0</DataPoint>
<DataPoint>2</DataPoint>
<DataPoint>1</DataPoint>
<DataPoint>1</DataPoint>
<DataPoint>0</DataPoint>
<DataPoint>1</DataPoint>
<DataPoint>0</DataPoint>
<DataPoint>1</DataPoint>
<DataPoint>0</DataPoint>
<DataPoint>1</DataPoint>
<DataPoint>1</DataPoint>
<DataPoint>3</DataPoint>
<DataPoint>3</DataPoint>
<DataPoint>2</DataPoint>
<DataPoint>0</DataPoint>
<DataPoint>1</DataPoint>
<DataPoint>0</DataPoint>
<DataPoint>0</DataPoint>
<DataPoint>1</DataPoint>
<DataPoint>2</DataPoint>
<DataPoint>3</DataPoint>
<DataPoint>2</DataPoint>
<DataPoint>1</DataPoint>
<DataPoint>3</DataPoint>
<DataPoint>2</DataPoint>
<DataPoint>2</DataPoint>
<DataPoint>1</DataPoint>
<DataPoint>0</DataPoint>
<DataPoint>3</DataPoint>
<DataPoint>2</DataPoint>
<DataPoint>1</DataPoint>
<DataPoint>0</DataPoint>
<DataPoint>3</DataPoint>
<DataPoint>1</DataPoint>
<DataPoint>2</DataPoint>
<DataPoint>0</DataPoint>
<DataPoint>3</DataPoint>
<DataPoint>2</DataPoint>
<DataPoint>2</DataPoint>
<DataPoint>2</DataPoint>
<DataPoint>0</DataPoint>
<DataPoint>0</DataPoint>
<DataPoint>1</DataPoint>
<DataPoint>2</DataPoint>
<DataPoint>3</DataPoint>
<DataPoint>1</DataPoint>
<DataPoint>0</DataPoint>
<DataPoint>4</DataPoint>
<DataPoint>1</DataPoint>
<DataPoint>1</DataPoint>
<DataPoint>2</DataPoint>
<DataPoint>0</DataPoint>
<DataPoint>0</DataPoint>
<DataPoint>0</DataPoint>
<DataPoint>0</DataPoint>
<DataPoint>3</DataPoint>
<DataPoint>4</DataPoint>
<DataPoint>1</DataPoint>
<DataPoint>0</DataPoint>
<DataPoint>3</DataPoint>
<DataPoint>1</DataPoint>
<DataPoint>2</DataPoint>
<DataPoint>1</DataPoint>
<DataPoint>1</DataPoint>
<DataPoint>2</DataPoint>
<DataPoint>0</DataPoint>
<DataPoint>3</DataPoint>
<DataPoint>2</DataPoint>
<DataPoint>0</DataPoint>
<DataPoint>3</DataPoint>
<DataPoint>0</DataPoint>
<DataPoint>2</DataPoint>
<DataPoint>1</DataPoint>
<DataPoint>1</DataPoint>
<DataPoint>1</DataPoint>
<DataPoint>3</DataPoint>
<DataPoint>2</DataPoint>
<DataPoint>1</DataPoint>
<DataPoint>1</DataPoint>
<DataPoint>1</DataPoint>
<DataPoint>2</DataPoint>
<DataPoint>1</DataPoint>
<DataPoint>2</DataPoint>
<DataPoint>0</DataPoint>
<DataPoint>3</DataPoint>
<DataPoint>1</DataPoint>
<DataPoint>2</DataPoint>
<DataPoint>0</DataPoint>
<DataPoint>1</DataPoint>
<DataPoint>4</DataPoint>
<DataPoint>3</DataPoint>
<DataPoint>1</DataPoint>
<DataPoint>2</DataPoint>
<DataPoint>1</DataPoint>
<DataPoint>0</DataPoint>
<DataPoint>0</DataPoint>
<DataPoint>1</DataPoint>
<DataPoint>4</DataPoint>
<DataPoint>2</DataPoint>
<DataPoint>3</DataPoint>
<DataPoint>2</DataPoint>
<DataPoint>2</DataPoint>
<DataPoint>1</DataPoint>
<DataPoint>1</DataPoint>
<DataPoint>2</DataPoint>
<DataPoint>1</DataPoint>
<DataPoint>2</DataPoint>
<DataPoint>0</DataPoint>
<DataPoint>2</DataPoint>
<DataPoint>0</DataPoint>
<DataPoint>2</DataPoint>
<DataPoint>0</DataPoint>
<DataPoint>2</DataPoint>
<DataPoint>4</DataPoint>
<DataPoint>2</DataPoint>
<DataPoint>1</DataPoint>
<DataPoint>3</DataPoint>
<DataPoint>2</DataPoint>
<DataPoint>3</DataPoint>
<DataPoint>2</DataPoint>
<DataPoint>1</DataPoint>
<DataPoint>3</DataPoint>
<DataPoint>1</DataPoint>
<DataPoint>3</DataPoint>
<DataPoint>5</DataPoint>
<DataPoint>2</DataPoint>
<DataPoint>2</DataPoint>
<DataPoint>1</DataPoint>
<DataPoint>1</DataPoint>
<DataPoint>1</DataPoint>
<DataPoint>3</DataPoint>
<DataPoint>2</DataPoint>
<DataPoint>1</DataPoint>
<DataPoint>2</DataPoint>
<DataPoint>1</DataPoint>
<DataPoint>2</DataPoint>
<DataPoint>2</DataPoint>
<DataPoint>3</DataPoint>
<DataPoint>3</DataPoint>
<DataPoint>2</DataPoint>
<DataPoint>5</DataPoint>
<DataPoint>1</DataPoint>
<DataPoint>5</DataPoint>
<DataPoint>3</DataPoint>
<DataPoint>0</DataPoint>
<DataPoint>2</DataPoint>
<DataPoint>1</DataPoint>
<DataPoint>1</DataPoint>
<DataPoint>3</DataPoint>
<DataPoint>2</DataPoint>
<DataPoint>2</DataPoint>
<DataPoint>4</DataPoint>
<DataPoint>2</DataPoint>
<DataPoint>3</DataPoint>
<DataPoint>4</DataPoint>
<DataPoint>3</DataPoint>
<DataPoint>0</DataPoint>
<DataPoint>2</DataPoint>
<DataPoint>4</DataPoint>
<DataPoint>3</DataPoint>
<DataPoint>2</DataPoint>
<DataPoint>4</DataPoint>
<DataPoint>1</DataPoint>
<DataPoint>1</DataPoint>
<DataPoint>578</DataPoint>

  </Spectrum>
 </BackgroundEnergySpectrum>


      <Visible>true</Visible>
      <PulseCollection>
        <Format>Base64 encoded binary</Format>
        <Pulses />
      </PulseCollection>
    </ResultData>
  </ResultDataList>
</ResultDataFile>
