<PAMDataset>
  <SRS dataAxisToSRSAxisMapping="1,2">PROJCS["Lambert_Azimuthal_Equal_Area",GEOGCS["GCS",DATUM["Datum",SPHEROID["GRS80",6378137,298.2572221],TOWGS84[0,0,0,0,0,0,0]],PRIMEM["Greenwich",0],UNIT["degree",0.0174532925199433]],PROJECTION["Lambert_Azimuthal_Equal_Area"],PARAMETER["latitude_of_center",48],PARAMETER["longitude_of_center",9],PARAMETER["false_easting",0],PARAMETER["false_northing",0],UNIT["Meter",1],AXIS["Easting",EAST],AXIS["Northing",NORTH]]</SRS>
  <PAMRasterBand band="1">
    <Metadata>
      <MDI key="STATISTICS_MAXIMUM">0.18853689730167</MDI>
      <MDI key="STATISTICS_MEAN">0.061299745630696</MDI>
      <MDI key="STATISTICS_MINIMUM">0.017142362892628</MDI>
      <MDI key="STATISTICS_STDDEV">0.019085259008584</MDI>
      <MDI key="STATISTICS_VALID_PERCENT">15.82</MDI>
    </Metadata>
  </PAMRasterBand>
</PAMDataset>
