<?xml version="1.0"?>
<ResultDataFile xmlns:xsd="http://www.w3.org/2001/XMLSchema" xmlns:xsi="http://www.w3.org/2001/XMLSchema-instance">
  <FormatVersion>120920</FormatVersion>
  <ResultDataList>
    <ResultData>
      <DeviceConfigReference>
        <Name>RadiaCode-101</Name>
      </DeviceConfigReference>
      <BackgroundSpectrumFile>Background - office 1 hour</BackgroundSpectrumFile>

             <EnergySpectrum>
        <NumberOfChannels>256</NumberOfChannels>
        <SpectrumName>Radon bottle 10 min - 2</SpectrumName>
        <SerialNumber>RC-101-001897</SerialNumber>
        <EnergyCalibration>
          <PolynomialOrder>2</PolynomialOrder>
          <Coefficients>
            <Coefficient>1.9060767</Coefficient>
            <Coefficient>9.45942</Coefficient>
            <Coefficient>0.00813342</Coefficient>
          </Coefficients>
        </EnergyCalibration>
        <MeasurementTime>624</MeasurementTime>
        <Spectrum>
          <DataPoint>0</DataPoint>
<DataPoint>0</DataPoint>
<DataPoint>622</DataPoint>
<DataPoint>1612</DataPoint>
<DataPoint>2330</DataPoint>
<DataPoint>3072</DataPoint>
<DataPoint>3858</DataPoint>
<DataPoint>6032</DataPoint>
<DataPoint>8308</DataPoint>
<DataPoint>7184</DataPoint>
<DataPoint>4356</DataPoint>
<DataPoint>2442</DataPoint>
<DataPoint>1905</DataPoint>
<DataPoint>1803</DataPoint>
<DataPoint>1995</DataPoint>
<DataPoint>1960</DataPoint>
<DataPoint>1890</DataPoint>
<DataPoint>1800</DataPoint>
<DataPoint>1665</DataPoint>
<DataPoint>1492</DataPoint>
<DataPoint>1423</DataPoint>
<DataPoint>1398</DataPoint>
<DataPoint>1304</DataPoint>
<DataPoint>1318</DataPoint>
<DataPoint>1374</DataPoint>
<DataPoint>1364</DataPoint>
<DataPoint>1338</DataPoint>
<DataPoint>1333</DataPoint>
<DataPoint>1335</DataPoint>
<DataPoint>1387</DataPoint>
<DataPoint>1415</DataPoint>
<DataPoint>1402</DataPoint>
<DataPoint>1340</DataPoint>
<DataPoint>1317</DataPoint>
<DataPoint>1404</DataPoint>
<DataPoint>1454</DataPoint>
<DataPoint>1397</DataPoint>
<DataPoint>1212</DataPoint>
<DataPoint>1043</DataPoint>
<DataPoint>826</DataPoint>
<DataPoint>577</DataPoint>
<DataPoint>452</DataPoint>
<DataPoint>381</DataPoint>
<DataPoint>354</DataPoint>
<DataPoint>274</DataPoint>
<DataPoint>258</DataPoint>
<DataPoint>243</DataPoint>
<DataPoint>225</DataPoint>
<DataPoint>233</DataPoint>
<DataPoint>192</DataPoint>
<DataPoint>227</DataPoint>
<DataPoint>196</DataPoint>
<DataPoint>191</DataPoint>
<DataPoint>228</DataPoint>
<DataPoint>220</DataPoint>
<DataPoint>270</DataPoint>
<DataPoint>273</DataPoint>
<DataPoint>309</DataPoint>
<DataPoint>387</DataPoint>
<DataPoint>437</DataPoint>
<DataPoint>411</DataPoint>
<DataPoint>420</DataPoint>
<DataPoint>346</DataPoint>
<DataPoint>325</DataPoint>
<DataPoint>292</DataPoint>
<DataPoint>250</DataPoint>
<DataPoint>214</DataPoint>
<DataPoint>172</DataPoint>
<DataPoint>132</DataPoint>
<DataPoint>169</DataPoint>
<DataPoint>168</DataPoint>
<DataPoint>158</DataPoint>
<DataPoint>138</DataPoint>
<DataPoint>157</DataPoint>
<DataPoint>142</DataPoint>
<DataPoint>152</DataPoint>
<DataPoint>162</DataPoint>
<DataPoint>138</DataPoint>
<DataPoint>131</DataPoint>
<DataPoint>136</DataPoint>
<DataPoint>133</DataPoint>
<DataPoint>114</DataPoint>
<DataPoint>126</DataPoint>
<DataPoint>127</DataPoint>
<DataPoint>121</DataPoint>
<DataPoint>130</DataPoint>
<DataPoint>141</DataPoint>
<DataPoint>109</DataPoint>
<DataPoint>80</DataPoint>
<DataPoint>103</DataPoint>
<DataPoint>113</DataPoint>
<DataPoint>92</DataPoint>
<DataPoint>80</DataPoint>
<DataPoint>90</DataPoint>
<DataPoint>80</DataPoint>
<DataPoint>84</DataPoint>
<DataPoint>76</DataPoint>
<DataPoint>75</DataPoint>
<DataPoint>76</DataPoint>
<DataPoint>80</DataPoint>
<DataPoint>84</DataPoint>
<DataPoint>73</DataPoint>
<DataPoint>71</DataPoint>
<DataPoint>83</DataPoint>
<DataPoint>105</DataPoint>
<DataPoint>83</DataPoint>
<DataPoint>107</DataPoint>
<DataPoint>85</DataPoint>
<DataPoint>88</DataPoint>
<DataPoint>79</DataPoint>
<DataPoint>83</DataPoint>
<DataPoint>77</DataPoint>
<DataPoint>69</DataPoint>
<DataPoint>56</DataPoint>
<DataPoint>71</DataPoint>
<DataPoint>56</DataPoint>
<DataPoint>69</DataPoint>
<DataPoint>65</DataPoint>
<DataPoint>60</DataPoint>
<DataPoint>58</DataPoint>
<DataPoint>62</DataPoint>
<DataPoint>51</DataPoint>
<DataPoint>55</DataPoint>
<DataPoint>55</DataPoint>
<DataPoint>53</DataPoint>
<DataPoint>54</DataPoint>
<DataPoint>57</DataPoint>
<DataPoint>66</DataPoint>
<DataPoint>49</DataPoint>
<DataPoint>46</DataPoint>
<DataPoint>45</DataPoint>
<DataPoint>61</DataPoint>
<DataPoint>48</DataPoint>
<DataPoint>56</DataPoint>
<DataPoint>48</DataPoint>
<DataPoint>49</DataPoint>
<DataPoint>39</DataPoint>
<DataPoint>40</DataPoint>
<DataPoint>32</DataPoint>
<DataPoint>38</DataPoint>
<DataPoint>31</DataPoint>
<DataPoint>30</DataPoint>
<DataPoint>41</DataPoint>
<DataPoint>32</DataPoint>
<DataPoint>31</DataPoint>
<DataPoint>23</DataPoint>
<DataPoint>21</DataPoint>
<DataPoint>34</DataPoint>
<DataPoint>35</DataPoint>
<DataPoint>34</DataPoint>
<DataPoint>16</DataPoint>
<DataPoint>19</DataPoint>
<DataPoint>21</DataPoint>
<DataPoint>19</DataPoint>
<DataPoint>25</DataPoint>
<DataPoint>22</DataPoint>
<DataPoint>22</DataPoint>
<DataPoint>25</DataPoint>
<DataPoint>24</DataPoint>
<DataPoint>22</DataPoint>
<DataPoint>24</DataPoint>
<DataPoint>26</DataPoint>
<DataPoint>29</DataPoint>
<DataPoint>22</DataPoint>
<DataPoint>32</DataPoint>
<DataPoint>26</DataPoint>
<DataPoint>23</DataPoint>
<DataPoint>21</DataPoint>
<DataPoint>18</DataPoint>
<DataPoint>20</DataPoint>
<DataPoint>9</DataPoint>
<DataPoint>19</DataPoint>
<DataPoint>8</DataPoint>
<DataPoint>12</DataPoint>
<DataPoint>6</DataPoint>
<DataPoint>6</DataPoint>
<DataPoint>10</DataPoint>
<DataPoint>9</DataPoint>
<DataPoint>9</DataPoint>
<DataPoint>6</DataPoint>
<DataPoint>3</DataPoint>
<DataPoint>3</DataPoint>
<DataPoint>7</DataPoint>
<DataPoint>9</DataPoint>
<DataPoint>3</DataPoint>
<DataPoint>7</DataPoint>
<DataPoint>2</DataPoint>
<DataPoint>4</DataPoint>
<DataPoint>5</DataPoint>
<DataPoint>4</DataPoint>
<DataPoint>0</DataPoint>
<DataPoint>2</DataPoint>
<DataPoint>4</DataPoint>
<DataPoint>3</DataPoint>
<DataPoint>6</DataPoint>
<DataPoint>8</DataPoint>
<DataPoint>2</DataPoint>
<DataPoint>5</DataPoint>
<DataPoint>5</DataPoint>
<DataPoint>2</DataPoint>
<DataPoint>1</DataPoint>
<DataPoint>3</DataPoint>
<DataPoint>3</DataPoint>
<DataPoint>1</DataPoint>
<DataPoint>2</DataPoint>
<DataPoint>1</DataPoint>
<DataPoint>2</DataPoint>
<DataPoint>1</DataPoint>
<DataPoint>2</DataPoint>
<DataPoint>2</DataPoint>
<DataPoint>0</DataPoint>
<DataPoint>2</DataPoint>
<DataPoint>0</DataPoint>
<DataPoint>0</DataPoint>
<DataPoint>0</DataPoint>
<DataPoint>0</DataPoint>
<DataPoint>3</DataPoint>
<DataPoint>1</DataPoint>
<DataPoint>0</DataPoint>
<DataPoint>3</DataPoint>
<DataPoint>2</DataPoint>
<DataPoint>2</DataPoint>
<DataPoint>0</DataPoint>
<DataPoint>0</DataPoint>
<DataPoint>1</DataPoint>
<DataPoint>0</DataPoint>
<DataPoint>0</DataPoint>
<DataPoint>1</DataPoint>
<DataPoint>0</DataPoint>
<DataPoint>0</DataPoint>
<DataPoint>0</DataPoint>
<DataPoint>1</DataPoint>
<DataPoint>0</DataPoint>
<DataPoint>0</DataPoint>
<DataPoint>0</DataPoint>
<DataPoint>1</DataPoint>
<DataPoint>0</DataPoint>
<DataPoint>0</DataPoint>
<DataPoint>0</DataPoint>
<DataPoint>0</DataPoint>
<DataPoint>0</DataPoint>
<DataPoint>0</DataPoint>
<DataPoint>0</DataPoint>
<DataPoint>1</DataPoint>
<DataPoint>0</DataPoint>
<DataPoint>0</DataPoint>
<DataPoint>0</DataPoint>
<DataPoint>0</DataPoint>
<DataPoint>0</DataPoint>
<DataPoint>0</DataPoint>
<DataPoint>0</DataPoint>
<DataPoint>0</DataPoint>
<DataPoint>0</DataPoint>
<DataPoint>0</DataPoint>
<DataPoint>0</DataPoint>
<DataPoint>16</DataPoint>

        </Spectrum>
       </EnergySpectrum>


             <BackgroundEnergySpectrum>
        <NumberOfChannels>256</NumberOfChannels>
        <SpectrumName>Background - office 1 hour</SpectrumName>
        <SerialNumber>RC-101-001897</SerialNumber>
        <EnergyCalibration>
          <PolynomialOrder>2</PolynomialOrder>
          <Coefficients>
            <Coefficient>1.9060767</Coefficient>
            <Coefficient>9.45942</Coefficient>
            <Coefficient>0.00813342</Coefficient>
          </Coefficients>
        </EnergyCalibration>
        <MeasurementTime>4333</MeasurementTime>
        <Spectrum>
          <DataPoint>0</DataPoint>
<DataPoint>0</DataPoint>
<DataPoint>162</DataPoint>
<DataPoint>410</DataPoint>
<DataPoint>611</DataPoint>
<DataPoint>959</DataPoint>
<DataPoint>1359</DataPoint>
<DataPoint>1653</DataPoint>
<DataPoint>1954</DataPoint>
<DataPoint>2035</DataPoint>
<DataPoint>2031</DataPoint>
<DataPoint>1795</DataPoint>
<DataPoint>1614</DataPoint>
<DataPoint>1380</DataPoint>
<DataPoint>1247</DataPoint>
<DataPoint>1020</DataPoint>
<DataPoint>956</DataPoint>
<DataPoint>851</DataPoint>
<DataPoint>734</DataPoint>
<DataPoint>635</DataPoint>
<DataPoint>537</DataPoint>
<DataPoint>478</DataPoint>
<DataPoint>447</DataPoint>
<DataPoint>384</DataPoint>
<DataPoint>318</DataPoint>
<DataPoint>280</DataPoint>
<DataPoint>294</DataPoint>
<DataPoint>213</DataPoint>
<DataPoint>212</DataPoint>
<DataPoint>159</DataPoint>
<DataPoint>144</DataPoint>
<DataPoint>150</DataPoint>
<DataPoint>114</DataPoint>
<DataPoint>126</DataPoint>
<DataPoint>91</DataPoint>
<DataPoint>113</DataPoint>
<DataPoint>91</DataPoint>
<DataPoint>80</DataPoint>
<DataPoint>67</DataPoint>
<DataPoint>60</DataPoint>
<DataPoint>63</DataPoint>
<DataPoint>43</DataPoint>
<DataPoint>54</DataPoint>
<DataPoint>56</DataPoint>
<DataPoint>41</DataPoint>
<DataPoint>47</DataPoint>
<DataPoint>38</DataPoint>
<DataPoint>45</DataPoint>
<DataPoint>37</DataPoint>
<DataPoint>46</DataPoint>
<DataPoint>33</DataPoint>
<DataPoint>38</DataPoint>
<DataPoint>24</DataPoint>
<DataPoint>23</DataPoint>
<DataPoint>42</DataPoint>
<DataPoint>27</DataPoint>
<DataPoint>27</DataPoint>
<DataPoint>21</DataPoint>
<DataPoint>36</DataPoint>
<DataPoint>33</DataPoint>
<DataPoint>31</DataPoint>
<DataPoint>21</DataPoint>
<DataPoint>22</DataPoint>
<DataPoint>12</DataPoint>
<DataPoint>22</DataPoint>
<DataPoint>17</DataPoint>
<DataPoint>18</DataPoint>
<DataPoint>18</DataPoint>
<DataPoint>21</DataPoint>
<DataPoint>19</DataPoint>
<DataPoint>17</DataPoint>
<DataPoint>15</DataPoint>
<DataPoint>12</DataPoint>
<DataPoint>15</DataPoint>
<DataPoint>15</DataPoint>
<DataPoint>13</DataPoint>
<DataPoint>9</DataPoint>
<DataPoint>17</DataPoint>
<DataPoint>6</DataPoint>
<DataPoint>11</DataPoint>
<DataPoint>17</DataPoint>
<DataPoint>10</DataPoint>
<DataPoint>12</DataPoint>
<DataPoint>16</DataPoint>
<DataPoint>11</DataPoint>
<DataPoint>14</DataPoint>
<DataPoint>9</DataPoint>
<DataPoint>11</DataPoint>
<DataPoint>12</DataPoint>
<DataPoint>13</DataPoint>
<DataPoint>8</DataPoint>
<DataPoint>10</DataPoint>
<DataPoint>8</DataPoint>
<DataPoint>15</DataPoint>
<DataPoint>11</DataPoint>
<DataPoint>15</DataPoint>
<DataPoint>12</DataPoint>
<DataPoint>8</DataPoint>
<DataPoint>11</DataPoint>
<DataPoint>8</DataPoint>
<DataPoint>12</DataPoint>
<DataPoint>11</DataPoint>
<DataPoint>7</DataPoint>
<DataPoint>9</DataPoint>
<DataPoint>8</DataPoint>
<DataPoint>7</DataPoint>
<DataPoint>7</DataPoint>
<DataPoint>7</DataPoint>
<DataPoint>9</DataPoint>
<DataPoint>7</DataPoint>
<DataPoint>12</DataPoint>
<DataPoint>4</DataPoint>
<DataPoint>13</DataPoint>
<DataPoint>9</DataPoint>
<DataPoint>12</DataPoint>
<DataPoint>9</DataPoint>
<DataPoint>7</DataPoint>
<DataPoint>3</DataPoint>
<DataPoint>9</DataPoint>
<DataPoint>5</DataPoint>
<DataPoint>9</DataPoint>
<DataPoint>4</DataPoint>
<DataPoint>3</DataPoint>
<DataPoint>3</DataPoint>
<DataPoint>8</DataPoint>
<DataPoint>4</DataPoint>
<DataPoint>3</DataPoint>
<DataPoint>4</DataPoint>
<DataPoint>5</DataPoint>
<DataPoint>3</DataPoint>
<DataPoint>5</DataPoint>
<DataPoint>5</DataPoint>
<DataPoint>4</DataPoint>
<DataPoint>4</DataPoint>
<DataPoint>7</DataPoint>
<DataPoint>3</DataPoint>
<DataPoint>7</DataPoint>
<DataPoint>3</DataPoint>
<DataPoint>4</DataPoint>
<DataPoint>3</DataPoint>
<DataPoint>3</DataPoint>
<DataPoint>5</DataPoint>
<DataPoint>5</DataPoint>
<DataPoint>2</DataPoint>
<DataPoint>6</DataPoint>
<DataPoint>4</DataPoint>
<DataPoint>2</DataPoint>
<DataPoint>0</DataPoint>
<DataPoint>4</DataPoint>
<DataPoint>1</DataPoint>
<DataPoint>1</DataPoint>
<DataPoint>2</DataPoint>
<DataPoint>1</DataPoint>
<DataPoint>1</DataPoint>
<DataPoint>7</DataPoint>
<DataPoint>3</DataPoint>
<DataPoint>2</DataPoint>
<DataPoint>2</DataPoint>
<DataPoint>2</DataPoint>
<DataPoint>0</DataPoint>
<DataPoint>2</DataPoint>
<DataPoint>2</DataPoint>
<DataPoint>2</DataPoint>
<DataPoint>0</DataPoint>
<DataPoint>2</DataPoint>
<DataPoint>1</DataPoint>
<DataPoint>2</DataPoint>
<DataPoint>1</DataPoint>
<DataPoint>1</DataPoint>
<DataPoint>2</DataPoint>
<DataPoint>1</DataPoint>
<DataPoint>1</DataPoint>
<DataPoint>2</DataPoint>
<DataPoint>0</DataPoint>
<DataPoint>0</DataPoint>
<DataPoint>1</DataPoint>
<DataPoint>1</DataPoint>
<DataPoint>2</DataPoint>
<DataPoint>1</DataPoint>
<DataPoint>3</DataPoint>
<DataPoint>0</DataPoint>
<DataPoint>0</DataPoint>
<DataPoint>2</DataPoint>
<DataPoint>0</DataPoint>
<DataPoint>1</DataPoint>
<DataPoint>2</DataPoint>
<DataPoint>1</DataPoint>
<DataPoint>2</DataPoint>
<DataPoint>0</DataPoint>
<DataPoint>0</DataPoint>
<DataPoint>0</DataPoint>
<DataPoint>0</DataPoint>
<DataPoint>0</DataPoint>
<DataPoint>0</DataPoint>
<DataPoint>3</DataPoint>
<DataPoint>1</DataPoint>
<DataPoint>1</DataPoint>
<DataPoint>2</DataPoint>
<DataPoint>1</DataPoint>
<DataPoint>0</DataPoint>
<DataPoint>2</DataPoint>
<DataPoint>0</DataPoint>
<DataPoint>2</DataPoint>
<DataPoint>0</DataPoint>
<DataPoint>1</DataPoint>
<DataPoint>0</DataPoint>
<DataPoint>0</DataPoint>
<DataPoint>1</DataPoint>
<DataPoint>2</DataPoint>
<DataPoint>1</DataPoint>
<DataPoint>0</DataPoint>
<DataPoint>0</DataPoint>
<DataPoint>1</DataPoint>
<DataPoint>1</DataPoint>
<DataPoint>0</DataPoint>
<DataPoint>1</DataPoint>
<DataPoint>1</DataPoint>
<DataPoint>2</DataPoint>
<DataPoint>0</DataPoint>
<DataPoint>1</DataPoint>
<DataPoint>1</DataPoint>
<DataPoint>2</DataPoint>
<DataPoint>0</DataPoint>
<DataPoint>2</DataPoint>
<DataPoint>1</DataPoint>
<DataPoint>1</DataPoint>
<DataPoint>0</DataPoint>
<DataPoint>2</DataPoint>
<DataPoint>0</DataPoint>
<DataPoint>2</DataPoint>
<DataPoint>0</DataPoint>
<DataPoint>0</DataPoint>
<DataPoint>2</DataPoint>
<DataPoint>0</DataPoint>
<DataPoint>0</DataPoint>
<DataPoint>1</DataPoint>
<DataPoint>1</DataPoint>
<DataPoint>1</DataPoint>
<DataPoint>0</DataPoint>
<DataPoint>0</DataPoint>
<DataPoint>3</DataPoint>
<DataPoint>0</DataPoint>
<DataPoint>1</DataPoint>
<DataPoint>0</DataPoint>
<DataPoint>1</DataPoint>
<DataPoint>1</DataPoint>
<DataPoint>2</DataPoint>
<DataPoint>1</DataPoint>
<DataPoint>3</DataPoint>
<DataPoint>0</DataPoint>
<DataPoint>1</DataPoint>
<DataPoint>1</DataPoint>
<DataPoint>1</DataPoint>
<DataPoint>0</DataPoint>
<DataPoint>1</DataPoint>
<DataPoint>103</DataPoint>

        </Spectrum>
       </BackgroundEnergySpectrum>


      <Visible>true</Visible>
      <PulseCollection>
        <Format>Base64 encoded binary</Format>
        <Pulses />
      </PulseCollection>
    </ResultData>
  </ResultDataList>
</ResultDataFile>
