<?xml version="1.0"?>
<ResultDataFile xmlns:xsd="http://www.w3.org/2001/XMLSchema" xmlns:xsi="http://www.w3.org/2001/XMLSchema-instance">
  <FormatVersion>120920</FormatVersion>
  <ResultDataList>
    <ResultData>
      <DeviceConfigReference>
        <Name>RadiaCode-101</Name>
      </DeviceConfigReference>
      <BackgroundSpectrumFile>Background - office 1 hour</BackgroundSpectrumFile>

             <EnergySpectrum>
        <NumberOfChannels>256</NumberOfChannels>
        <SpectrumName>Radon bottle 10 min - 3</SpectrumName>
        <SerialNumber>RC-101-001897</SerialNumber>
        <EnergyCalibration>
          <PolynomialOrder>2</PolynomialOrder>
          <Coefficients>
            <Coefficient>1.9060767</Coefficient>
            <Coefficient>9.45942</Coefficient>
            <Coefficient>0.00813342</Coefficient>
          </Coefficients>
        </EnergyCalibration>
        <MeasurementTime>632</MeasurementTime>
        <Spectrum>
          <DataPoint>0</DataPoint>
<DataPoint>0</DataPoint>
<DataPoint>701</DataPoint>
<DataPoint>1636</DataPoint>
<DataPoint>2432</DataPoint>
<DataPoint>3212</DataPoint>
<DataPoint>4037</DataPoint>
<DataPoint>6320</DataPoint>
<DataPoint>8732</DataPoint>
<DataPoint>7483</DataPoint>
<DataPoint>4633</DataPoint>
<DataPoint>2487</DataPoint>
<DataPoint>2014</DataPoint>
<DataPoint>1933</DataPoint>
<DataPoint>2028</DataPoint>
<DataPoint>2013</DataPoint>
<DataPoint>2104</DataPoint>
<DataPoint>1933</DataPoint>
<DataPoint>1798</DataPoint>
<DataPoint>1615</DataPoint>
<DataPoint>1508</DataPoint>
<DataPoint>1387</DataPoint>
<DataPoint>1371</DataPoint>
<DataPoint>1427</DataPoint>
<DataPoint>1507</DataPoint>
<DataPoint>1521</DataPoint>
<DataPoint>1427</DataPoint>
<DataPoint>1408</DataPoint>
<DataPoint>1428</DataPoint>
<DataPoint>1494</DataPoint>
<DataPoint>1557</DataPoint>
<DataPoint>1534</DataPoint>
<DataPoint>1442</DataPoint>
<DataPoint>1450</DataPoint>
<DataPoint>1453</DataPoint>
<DataPoint>1550</DataPoint>
<DataPoint>1492</DataPoint>
<DataPoint>1367</DataPoint>
<DataPoint>1044</DataPoint>
<DataPoint>761</DataPoint>
<DataPoint>557</DataPoint>
<DataPoint>453</DataPoint>
<DataPoint>410</DataPoint>
<DataPoint>349</DataPoint>
<DataPoint>304</DataPoint>
<DataPoint>276</DataPoint>
<DataPoint>276</DataPoint>
<DataPoint>254</DataPoint>
<DataPoint>246</DataPoint>
<DataPoint>212</DataPoint>
<DataPoint>209</DataPoint>
<DataPoint>216</DataPoint>
<DataPoint>210</DataPoint>
<DataPoint>208</DataPoint>
<DataPoint>249</DataPoint>
<DataPoint>263</DataPoint>
<DataPoint>312</DataPoint>
<DataPoint>367</DataPoint>
<DataPoint>397</DataPoint>
<DataPoint>479</DataPoint>
<DataPoint>518</DataPoint>
<DataPoint>436</DataPoint>
<DataPoint>411</DataPoint>
<DataPoint>326</DataPoint>
<DataPoint>299</DataPoint>
<DataPoint>238</DataPoint>
<DataPoint>219</DataPoint>
<DataPoint>188</DataPoint>
<DataPoint>162</DataPoint>
<DataPoint>149</DataPoint>
<DataPoint>156</DataPoint>
<DataPoint>166</DataPoint>
<DataPoint>165</DataPoint>
<DataPoint>162</DataPoint>
<DataPoint>155</DataPoint>
<DataPoint>158</DataPoint>
<DataPoint>143</DataPoint>
<DataPoint>140</DataPoint>
<DataPoint>155</DataPoint>
<DataPoint>135</DataPoint>
<DataPoint>132</DataPoint>
<DataPoint>134</DataPoint>
<DataPoint>125</DataPoint>
<DataPoint>135</DataPoint>
<DataPoint>121</DataPoint>
<DataPoint>123</DataPoint>
<DataPoint>136</DataPoint>
<DataPoint>135</DataPoint>
<DataPoint>104</DataPoint>
<DataPoint>110</DataPoint>
<DataPoint>117</DataPoint>
<DataPoint>84</DataPoint>
<DataPoint>104</DataPoint>
<DataPoint>99</DataPoint>
<DataPoint>84</DataPoint>
<DataPoint>82</DataPoint>
<DataPoint>84</DataPoint>
<DataPoint>81</DataPoint>
<DataPoint>92</DataPoint>
<DataPoint>77</DataPoint>
<DataPoint>90</DataPoint>
<DataPoint>93</DataPoint>
<DataPoint>85</DataPoint>
<DataPoint>91</DataPoint>
<DataPoint>99</DataPoint>
<DataPoint>103</DataPoint>
<DataPoint>127</DataPoint>
<DataPoint>106</DataPoint>
<DataPoint>115</DataPoint>
<DataPoint>88</DataPoint>
<DataPoint>103</DataPoint>
<DataPoint>77</DataPoint>
<DataPoint>77</DataPoint>
<DataPoint>73</DataPoint>
<DataPoint>67</DataPoint>
<DataPoint>77</DataPoint>
<DataPoint>70</DataPoint>
<DataPoint>67</DataPoint>
<DataPoint>73</DataPoint>
<DataPoint>67</DataPoint>
<DataPoint>70</DataPoint>
<DataPoint>74</DataPoint>
<DataPoint>58</DataPoint>
<DataPoint>64</DataPoint>
<DataPoint>64</DataPoint>
<DataPoint>46</DataPoint>
<DataPoint>65</DataPoint>
<DataPoint>50</DataPoint>
<DataPoint>49</DataPoint>
<DataPoint>47</DataPoint>
<DataPoint>56</DataPoint>
<DataPoint>46</DataPoint>
<DataPoint>70</DataPoint>
<DataPoint>52</DataPoint>
<DataPoint>56</DataPoint>
<DataPoint>46</DataPoint>
<DataPoint>35</DataPoint>
<DataPoint>41</DataPoint>
<DataPoint>33</DataPoint>
<DataPoint>38</DataPoint>
<DataPoint>39</DataPoint>
<DataPoint>41</DataPoint>
<DataPoint>30</DataPoint>
<DataPoint>39</DataPoint>
<DataPoint>36</DataPoint>
<DataPoint>24</DataPoint>
<DataPoint>32</DataPoint>
<DataPoint>23</DataPoint>
<DataPoint>25</DataPoint>
<DataPoint>15</DataPoint>
<DataPoint>23</DataPoint>
<DataPoint>30</DataPoint>
<DataPoint>19</DataPoint>
<DataPoint>24</DataPoint>
<DataPoint>33</DataPoint>
<DataPoint>19</DataPoint>
<DataPoint>25</DataPoint>
<DataPoint>22</DataPoint>
<DataPoint>25</DataPoint>
<DataPoint>34</DataPoint>
<DataPoint>30</DataPoint>
<DataPoint>30</DataPoint>
<DataPoint>26</DataPoint>
<DataPoint>20</DataPoint>
<DataPoint>21</DataPoint>
<DataPoint>19</DataPoint>
<DataPoint>19</DataPoint>
<DataPoint>21</DataPoint>
<DataPoint>13</DataPoint>
<DataPoint>21</DataPoint>
<DataPoint>12</DataPoint>
<DataPoint>15</DataPoint>
<DataPoint>11</DataPoint>
<DataPoint>18</DataPoint>
<DataPoint>9</DataPoint>
<DataPoint>14</DataPoint>
<DataPoint>10</DataPoint>
<DataPoint>6</DataPoint>
<DataPoint>8</DataPoint>
<DataPoint>11</DataPoint>
<DataPoint>6</DataPoint>
<DataPoint>9</DataPoint>
<DataPoint>5</DataPoint>
<DataPoint>8</DataPoint>
<DataPoint>4</DataPoint>
<DataPoint>3</DataPoint>
<DataPoint>7</DataPoint>
<DataPoint>5</DataPoint>
<DataPoint>3</DataPoint>
<DataPoint>2</DataPoint>
<DataPoint>5</DataPoint>
<DataPoint>5</DataPoint>
<DataPoint>4</DataPoint>
<DataPoint>2</DataPoint>
<DataPoint>3</DataPoint>
<DataPoint>8</DataPoint>
<DataPoint>2</DataPoint>
<DataPoint>2</DataPoint>
<DataPoint>4</DataPoint>
<DataPoint>2</DataPoint>
<DataPoint>4</DataPoint>
<DataPoint>1</DataPoint>
<DataPoint>3</DataPoint>
<DataPoint>4</DataPoint>
<DataPoint>4</DataPoint>
<DataPoint>3</DataPoint>
<DataPoint>1</DataPoint>
<DataPoint>2</DataPoint>
<DataPoint>0</DataPoint>
<DataPoint>0</DataPoint>
<DataPoint>1</DataPoint>
<DataPoint>3</DataPoint>
<DataPoint>3</DataPoint>
<DataPoint>1</DataPoint>
<DataPoint>0</DataPoint>
<DataPoint>1</DataPoint>
<DataPoint>1</DataPoint>
<DataPoint>1</DataPoint>
<DataPoint>0</DataPoint>
<DataPoint>3</DataPoint>
<DataPoint>0</DataPoint>
<DataPoint>1</DataPoint>
<DataPoint>1</DataPoint>
<DataPoint>1</DataPoint>
<DataPoint>0</DataPoint>
<DataPoint>1</DataPoint>
<DataPoint>0</DataPoint>
<DataPoint>0</DataPoint>
<DataPoint>0</DataPoint>
<DataPoint>0</DataPoint>
<DataPoint>0</DataPoint>
<DataPoint>0</DataPoint>
<DataPoint>0</DataPoint>
<DataPoint>0</DataPoint>
<DataPoint>0</DataPoint>
<DataPoint>0</DataPoint>
<DataPoint>1</DataPoint>
<DataPoint>0</DataPoint>
<DataPoint>0</DataPoint>
<DataPoint>0</DataPoint>
<DataPoint>0</DataPoint>
<DataPoint>1</DataPoint>
<DataPoint>0</DataPoint>
<DataPoint>1</DataPoint>
<DataPoint>1</DataPoint>
<DataPoint>0</DataPoint>
<DataPoint>0</DataPoint>
<DataPoint>0</DataPoint>
<DataPoint>1</DataPoint>
<DataPoint>0</DataPoint>
<DataPoint>0</DataPoint>
<DataPoint>0</DataPoint>
<DataPoint>0</DataPoint>
<DataPoint>0</DataPoint>
<DataPoint>1</DataPoint>
<DataPoint>16</DataPoint>

        </Spectrum>
       </EnergySpectrum>


             <BackgroundEnergySpectrum>
        <NumberOfChannels>256</NumberOfChannels>
        <SpectrumName>Background - office 1 hour</SpectrumName>
        <SerialNumber>RC-101-001897</SerialNumber>
        <EnergyCalibration>
          <PolynomialOrder>2</PolynomialOrder>
          <Coefficients>
            <Coefficient>1.9060767</Coefficient>
            <Coefficient>9.45942</Coefficient>
            <Coefficient>0.00813342</Coefficient>
          </Coefficients>
        </EnergyCalibration>
        <MeasurementTime>4333</MeasurementTime>
        <Spectrum>
          <DataPoint>0</DataPoint>
<DataPoint>0</DataPoint>
<DataPoint>162</DataPoint>
<DataPoint>410</DataPoint>
<DataPoint>611</DataPoint>
<DataPoint>959</DataPoint>
<DataPoint>1359</DataPoint>
<DataPoint>1653</DataPoint>
<DataPoint>1954</DataPoint>
<DataPoint>2035</DataPoint>
<DataPoint>2031</DataPoint>
<DataPoint>1795</DataPoint>
<DataPoint>1614</DataPoint>
<DataPoint>1380</DataPoint>
<DataPoint>1247</DataPoint>
<DataPoint>1020</DataPoint>
<DataPoint>956</DataPoint>
<DataPoint>851</DataPoint>
<DataPoint>734</DataPoint>
<DataPoint>635</DataPoint>
<DataPoint>537</DataPoint>
<DataPoint>478</DataPoint>
<DataPoint>447</DataPoint>
<DataPoint>384</DataPoint>
<DataPoint>318</DataPoint>
<DataPoint>280</DataPoint>
<DataPoint>294</DataPoint>
<DataPoint>213</DataPoint>
<DataPoint>212</DataPoint>
<DataPoint>159</DataPoint>
<DataPoint>144</DataPoint>
<DataPoint>150</DataPoint>
<DataPoint>114</DataPoint>
<DataPoint>126</DataPoint>
<DataPoint>91</DataPoint>
<DataPoint>113</DataPoint>
<DataPoint>91</DataPoint>
<DataPoint>80</DataPoint>
<DataPoint>67</DataPoint>
<DataPoint>60</DataPoint>
<DataPoint>63</DataPoint>
<DataPoint>43</DataPoint>
<DataPoint>54</DataPoint>
<DataPoint>56</DataPoint>
<DataPoint>41</DataPoint>
<DataPoint>47</DataPoint>
<DataPoint>38</DataPoint>
<DataPoint>45</DataPoint>
<DataPoint>37</DataPoint>
<DataPoint>46</DataPoint>
<DataPoint>33</DataPoint>
<DataPoint>38</DataPoint>
<DataPoint>24</DataPoint>
<DataPoint>23</DataPoint>
<DataPoint>42</DataPoint>
<DataPoint>27</DataPoint>
<DataPoint>27</DataPoint>
<DataPoint>21</DataPoint>
<DataPoint>36</DataPoint>
<DataPoint>33</DataPoint>
<DataPoint>31</DataPoint>
<DataPoint>21</DataPoint>
<DataPoint>22</DataPoint>
<DataPoint>12</DataPoint>
<DataPoint>22</DataPoint>
<DataPoint>17</DataPoint>
<DataPoint>18</DataPoint>
<DataPoint>18</DataPoint>
<DataPoint>21</DataPoint>
<DataPoint>19</DataPoint>
<DataPoint>17</DataPoint>
<DataPoint>15</DataPoint>
<DataPoint>12</DataPoint>
<DataPoint>15</DataPoint>
<DataPoint>15</DataPoint>
<DataPoint>13</DataPoint>
<DataPoint>9</DataPoint>
<DataPoint>17</DataPoint>
<DataPoint>6</DataPoint>
<DataPoint>11</DataPoint>
<DataPoint>17</DataPoint>
<DataPoint>10</DataPoint>
<DataPoint>12</DataPoint>
<DataPoint>16</DataPoint>
<DataPoint>11</DataPoint>
<DataPoint>14</DataPoint>
<DataPoint>9</DataPoint>
<DataPoint>11</DataPoint>
<DataPoint>12</DataPoint>
<DataPoint>13</DataPoint>
<DataPoint>8</DataPoint>
<DataPoint>10</DataPoint>
<DataPoint>8</DataPoint>
<DataPoint>15</DataPoint>
<DataPoint>11</DataPoint>
<DataPoint>15</DataPoint>
<DataPoint>12</DataPoint>
<DataPoint>8</DataPoint>
<DataPoint>11</DataPoint>
<DataPoint>8</DataPoint>
<DataPoint>12</DataPoint>
<DataPoint>11</DataPoint>
<DataPoint>7</DataPoint>
<DataPoint>9</DataPoint>
<DataPoint>8</DataPoint>
<DataPoint>7</DataPoint>
<DataPoint>7</DataPoint>
<DataPoint>7</DataPoint>
<DataPoint>9</DataPoint>
<DataPoint>7</DataPoint>
<DataPoint>12</DataPoint>
<DataPoint>4</DataPoint>
<DataPoint>13</DataPoint>
<DataPoint>9</DataPoint>
<DataPoint>12</DataPoint>
<DataPoint>9</DataPoint>
<DataPoint>7</DataPoint>
<DataPoint>3</DataPoint>
<DataPoint>9</DataPoint>
<DataPoint>5</DataPoint>
<DataPoint>9</DataPoint>
<DataPoint>4</DataPoint>
<DataPoint>3</DataPoint>
<DataPoint>3</DataPoint>
<DataPoint>8</DataPoint>
<DataPoint>4</DataPoint>
<DataPoint>3</DataPoint>
<DataPoint>4</DataPoint>
<DataPoint>5</DataPoint>
<DataPoint>3</DataPoint>
<DataPoint>5</DataPoint>
<DataPoint>5</DataPoint>
<DataPoint>4</DataPoint>
<DataPoint>4</DataPoint>
<DataPoint>7</DataPoint>
<DataPoint>3</DataPoint>
<DataPoint>7</DataPoint>
<DataPoint>3</DataPoint>
<DataPoint>4</DataPoint>
<DataPoint>3</DataPoint>
<DataPoint>3</DataPoint>
<DataPoint>5</DataPoint>
<DataPoint>5</DataPoint>
<DataPoint>2</DataPoint>
<DataPoint>6</DataPoint>
<DataPoint>4</DataPoint>
<DataPoint>2</DataPoint>
<DataPoint>0</DataPoint>
<DataPoint>4</DataPoint>
<DataPoint>1</DataPoint>
<DataPoint>1</DataPoint>
<DataPoint>2</DataPoint>
<DataPoint>1</DataPoint>
<DataPoint>1</DataPoint>
<DataPoint>7</DataPoint>
<DataPoint>3</DataPoint>
<DataPoint>2</DataPoint>
<DataPoint>2</DataPoint>
<DataPoint>2</DataPoint>
<DataPoint>0</DataPoint>
<DataPoint>2</DataPoint>
<DataPoint>2</DataPoint>
<DataPoint>2</DataPoint>
<DataPoint>0</DataPoint>
<DataPoint>2</DataPoint>
<DataPoint>1</DataPoint>
<DataPoint>2</DataPoint>
<DataPoint>1</DataPoint>
<DataPoint>1</DataPoint>
<DataPoint>2</DataPoint>
<DataPoint>1</DataPoint>
<DataPoint>1</DataPoint>
<DataPoint>2</DataPoint>
<DataPoint>0</DataPoint>
<DataPoint>0</DataPoint>
<DataPoint>1</DataPoint>
<DataPoint>1</DataPoint>
<DataPoint>2</DataPoint>
<DataPoint>1</DataPoint>
<DataPoint>3</DataPoint>
<DataPoint>0</DataPoint>
<DataPoint>0</DataPoint>
<DataPoint>2</DataPoint>
<DataPoint>0</DataPoint>
<DataPoint>1</DataPoint>
<DataPoint>2</DataPoint>
<DataPoint>1</DataPoint>
<DataPoint>2</DataPoint>
<DataPoint>0</DataPoint>
<DataPoint>0</DataPoint>
<DataPoint>0</DataPoint>
<DataPoint>0</DataPoint>
<DataPoint>0</DataPoint>
<DataPoint>0</DataPoint>
<DataPoint>3</DataPoint>
<DataPoint>1</DataPoint>
<DataPoint>1</DataPoint>
<DataPoint>2</DataPoint>
<DataPoint>1</DataPoint>
<DataPoint>0</DataPoint>
<DataPoint>2</DataPoint>
<DataPoint>0</DataPoint>
<DataPoint>2</DataPoint>
<DataPoint>0</DataPoint>
<DataPoint>1</DataPoint>
<DataPoint>0</DataPoint>
<DataPoint>0</DataPoint>
<DataPoint>1</DataPoint>
<DataPoint>2</DataPoint>
<DataPoint>1</DataPoint>
<DataPoint>0</DataPoint>
<DataPoint>0</DataPoint>
<DataPoint>1</DataPoint>
<DataPoint>1</DataPoint>
<DataPoint>0</DataPoint>
<DataPoint>1</DataPoint>
<DataPoint>1</DataPoint>
<DataPoint>2</DataPoint>
<DataPoint>0</DataPoint>
<DataPoint>1</DataPoint>
<DataPoint>1</DataPoint>
<DataPoint>2</DataPoint>
<DataPoint>0</DataPoint>
<DataPoint>2</DataPoint>
<DataPoint>1</DataPoint>
<DataPoint>1</DataPoint>
<DataPoint>0</DataPoint>
<DataPoint>2</DataPoint>
<DataPoint>0</DataPoint>
<DataPoint>2</DataPoint>
<DataPoint>0</DataPoint>
<DataPoint>0</DataPoint>
<DataPoint>2</DataPoint>
<DataPoint>0</DataPoint>
<DataPoint>0</DataPoint>
<DataPoint>1</DataPoint>
<DataPoint>1</DataPoint>
<DataPoint>1</DataPoint>
<DataPoint>0</DataPoint>
<DataPoint>0</DataPoint>
<DataPoint>3</DataPoint>
<DataPoint>0</DataPoint>
<DataPoint>1</DataPoint>
<DataPoint>0</DataPoint>
<DataPoint>1</DataPoint>
<DataPoint>1</DataPoint>
<DataPoint>2</DataPoint>
<DataPoint>1</DataPoint>
<DataPoint>3</DataPoint>
<DataPoint>0</DataPoint>
<DataPoint>1</DataPoint>
<DataPoint>1</DataPoint>
<DataPoint>1</DataPoint>
<DataPoint>0</DataPoint>
<DataPoint>1</DataPoint>
<DataPoint>103</DataPoint>

        </Spectrum>
       </BackgroundEnergySpectrum>


      <Visible>true</Visible>
      <PulseCollection>
        <Format>Base64 encoded binary</Format>
        <Pulses />
      </PulseCollection>
    </ResultData>
  </ResultDataList>
</ResultDataFile>
