<?xml version="1.0"?>
<ResultDataFile xmlns:xsd="http://www.w3.org/2001/XMLSchema" xmlns:xsi="http://www.w3.org/2001/XMLSchema-instance">
  <FormatVersion>120920</FormatVersion>
  <ResultDataList>
    <ResultData>
      <DeviceConfigReference>
        <Name>RadiaCode-101</Name>
      </DeviceConfigReference>
      <BackgroundSpectrumFile>Background - office 1 hour</BackgroundSpectrumFile>

             <EnergySpectrum>
        <NumberOfChannels>256</NumberOfChannels>
        <SpectrumName>Radon bottle 20 min - 2</SpectrumName>
        <SerialNumber>RC-101-001897</SerialNumber>
        <EnergyCalibration>
          <PolynomialOrder>2</PolynomialOrder>
          <Coefficients>
            <Coefficient>1.9060767</Coefficient>
            <Coefficient>9.45942</Coefficient>
            <Coefficient>0.00813342</Coefficient>
          </Coefficients>
        </EnergyCalibration>
        <MeasurementTime>1214</MeasurementTime>
        <Spectrum>
          <DataPoint>0</DataPoint>
<DataPoint>0</DataPoint>
<DataPoint>1207</DataPoint>
<DataPoint>2725</DataPoint>
<DataPoint>4145</DataPoint>
<DataPoint>5404</DataPoint>
<DataPoint>6929</DataPoint>
<DataPoint>10741</DataPoint>
<DataPoint>14944</DataPoint>
<DataPoint>12622</DataPoint>
<DataPoint>7834</DataPoint>
<DataPoint>4297</DataPoint>
<DataPoint>3360</DataPoint>
<DataPoint>3159</DataPoint>
<DataPoint>3219</DataPoint>
<DataPoint>3345</DataPoint>
<DataPoint>3402</DataPoint>
<DataPoint>3180</DataPoint>
<DataPoint>2915</DataPoint>
<DataPoint>2650</DataPoint>
<DataPoint>2451</DataPoint>
<DataPoint>2291</DataPoint>
<DataPoint>2221</DataPoint>
<DataPoint>2263</DataPoint>
<DataPoint>2381</DataPoint>
<DataPoint>2400</DataPoint>
<DataPoint>2337</DataPoint>
<DataPoint>2203</DataPoint>
<DataPoint>2375</DataPoint>
<DataPoint>2509</DataPoint>
<DataPoint>2533</DataPoint>
<DataPoint>2470</DataPoint>
<DataPoint>2408</DataPoint>
<DataPoint>2436</DataPoint>
<DataPoint>2578</DataPoint>
<DataPoint>2650</DataPoint>
<DataPoint>2614</DataPoint>
<DataPoint>2356</DataPoint>
<DataPoint>1789</DataPoint>
<DataPoint>1379</DataPoint>
<DataPoint>969</DataPoint>
<DataPoint>727</DataPoint>
<DataPoint>599</DataPoint>
<DataPoint>520</DataPoint>
<DataPoint>464</DataPoint>
<DataPoint>401</DataPoint>
<DataPoint>378</DataPoint>
<DataPoint>385</DataPoint>
<DataPoint>318</DataPoint>
<DataPoint>311</DataPoint>
<DataPoint>364</DataPoint>
<DataPoint>310</DataPoint>
<DataPoint>319</DataPoint>
<DataPoint>310</DataPoint>
<DataPoint>373</DataPoint>
<DataPoint>425</DataPoint>
<DataPoint>490</DataPoint>
<DataPoint>464</DataPoint>
<DataPoint>641</DataPoint>
<DataPoint>648</DataPoint>
<DataPoint>707</DataPoint>
<DataPoint>693</DataPoint>
<DataPoint>646</DataPoint>
<DataPoint>512</DataPoint>
<DataPoint>448</DataPoint>
<DataPoint>349</DataPoint>
<DataPoint>293</DataPoint>
<DataPoint>286</DataPoint>
<DataPoint>231</DataPoint>
<DataPoint>217</DataPoint>
<DataPoint>237</DataPoint>
<DataPoint>210</DataPoint>
<DataPoint>220</DataPoint>
<DataPoint>219</DataPoint>
<DataPoint>225</DataPoint>
<DataPoint>231</DataPoint>
<DataPoint>218</DataPoint>
<DataPoint>228</DataPoint>
<DataPoint>221</DataPoint>
<DataPoint>186</DataPoint>
<DataPoint>203</DataPoint>
<DataPoint>190</DataPoint>
<DataPoint>195</DataPoint>
<DataPoint>162</DataPoint>
<DataPoint>190</DataPoint>
<DataPoint>164</DataPoint>
<DataPoint>147</DataPoint>
<DataPoint>162</DataPoint>
<DataPoint>150</DataPoint>
<DataPoint>170</DataPoint>
<DataPoint>143</DataPoint>
<DataPoint>140</DataPoint>
<DataPoint>150</DataPoint>
<DataPoint>149</DataPoint>
<DataPoint>136</DataPoint>
<DataPoint>122</DataPoint>
<DataPoint>143</DataPoint>
<DataPoint>119</DataPoint>
<DataPoint>122</DataPoint>
<DataPoint>118</DataPoint>
<DataPoint>109</DataPoint>
<DataPoint>104</DataPoint>
<DataPoint>120</DataPoint>
<DataPoint>120</DataPoint>
<DataPoint>146</DataPoint>
<DataPoint>143</DataPoint>
<DataPoint>163</DataPoint>
<DataPoint>163</DataPoint>
<DataPoint>155</DataPoint>
<DataPoint>137</DataPoint>
<DataPoint>146</DataPoint>
<DataPoint>116</DataPoint>
<DataPoint>119</DataPoint>
<DataPoint>108</DataPoint>
<DataPoint>124</DataPoint>
<DataPoint>128</DataPoint>
<DataPoint>118</DataPoint>
<DataPoint>88</DataPoint>
<DataPoint>100</DataPoint>
<DataPoint>92</DataPoint>
<DataPoint>106</DataPoint>
<DataPoint>100</DataPoint>
<DataPoint>72</DataPoint>
<DataPoint>77</DataPoint>
<DataPoint>74</DataPoint>
<DataPoint>73</DataPoint>
<DataPoint>76</DataPoint>
<DataPoint>86</DataPoint>
<DataPoint>79</DataPoint>
<DataPoint>72</DataPoint>
<DataPoint>74</DataPoint>
<DataPoint>85</DataPoint>
<DataPoint>70</DataPoint>
<DataPoint>76</DataPoint>
<DataPoint>78</DataPoint>
<DataPoint>84</DataPoint>
<DataPoint>73</DataPoint>
<DataPoint>71</DataPoint>
<DataPoint>63</DataPoint>
<DataPoint>78</DataPoint>
<DataPoint>56</DataPoint>
<DataPoint>69</DataPoint>
<DataPoint>61</DataPoint>
<DataPoint>48</DataPoint>
<DataPoint>43</DataPoint>
<DataPoint>45</DataPoint>
<DataPoint>51</DataPoint>
<DataPoint>34</DataPoint>
<DataPoint>47</DataPoint>
<DataPoint>37</DataPoint>
<DataPoint>32</DataPoint>
<DataPoint>38</DataPoint>
<DataPoint>34</DataPoint>
<DataPoint>36</DataPoint>
<DataPoint>25</DataPoint>
<DataPoint>29</DataPoint>
<DataPoint>32</DataPoint>
<DataPoint>31</DataPoint>
<DataPoint>31</DataPoint>
<DataPoint>32</DataPoint>
<DataPoint>38</DataPoint>
<DataPoint>32</DataPoint>
<DataPoint>50</DataPoint>
<DataPoint>36</DataPoint>
<DataPoint>20</DataPoint>
<DataPoint>39</DataPoint>
<DataPoint>28</DataPoint>
<DataPoint>30</DataPoint>
<DataPoint>32</DataPoint>
<DataPoint>26</DataPoint>
<DataPoint>23</DataPoint>
<DataPoint>29</DataPoint>
<DataPoint>18</DataPoint>
<DataPoint>12</DataPoint>
<DataPoint>18</DataPoint>
<DataPoint>8</DataPoint>
<DataPoint>13</DataPoint>
<DataPoint>10</DataPoint>
<DataPoint>13</DataPoint>
<DataPoint>9</DataPoint>
<DataPoint>7</DataPoint>
<DataPoint>12</DataPoint>
<DataPoint>14</DataPoint>
<DataPoint>4</DataPoint>
<DataPoint>10</DataPoint>
<DataPoint>8</DataPoint>
<DataPoint>2</DataPoint>
<DataPoint>2</DataPoint>
<DataPoint>13</DataPoint>
<DataPoint>3</DataPoint>
<DataPoint>7</DataPoint>
<DataPoint>3</DataPoint>
<DataPoint>7</DataPoint>
<DataPoint>9</DataPoint>
<DataPoint>9</DataPoint>
<DataPoint>4</DataPoint>
<DataPoint>4</DataPoint>
<DataPoint>4</DataPoint>
<DataPoint>7</DataPoint>
<DataPoint>4</DataPoint>
<DataPoint>4</DataPoint>
<DataPoint>3</DataPoint>
<DataPoint>5</DataPoint>
<DataPoint>4</DataPoint>
<DataPoint>0</DataPoint>
<DataPoint>3</DataPoint>
<DataPoint>2</DataPoint>
<DataPoint>2</DataPoint>
<DataPoint>3</DataPoint>
<DataPoint>3</DataPoint>
<DataPoint>2</DataPoint>
<DataPoint>4</DataPoint>
<DataPoint>1</DataPoint>
<DataPoint>0</DataPoint>
<DataPoint>1</DataPoint>
<DataPoint>1</DataPoint>
<DataPoint>2</DataPoint>
<DataPoint>1</DataPoint>
<DataPoint>1</DataPoint>
<DataPoint>3</DataPoint>
<DataPoint>1</DataPoint>
<DataPoint>0</DataPoint>
<DataPoint>1</DataPoint>
<DataPoint>0</DataPoint>
<DataPoint>0</DataPoint>
<DataPoint>1</DataPoint>
<DataPoint>0</DataPoint>
<DataPoint>1</DataPoint>
<DataPoint>0</DataPoint>
<DataPoint>3</DataPoint>
<DataPoint>0</DataPoint>
<DataPoint>2</DataPoint>
<DataPoint>0</DataPoint>
<DataPoint>1</DataPoint>
<DataPoint>2</DataPoint>
<DataPoint>1</DataPoint>
<DataPoint>0</DataPoint>
<DataPoint>0</DataPoint>
<DataPoint>0</DataPoint>
<DataPoint>0</DataPoint>
<DataPoint>0</DataPoint>
<DataPoint>0</DataPoint>
<DataPoint>0</DataPoint>
<DataPoint>0</DataPoint>
<DataPoint>0</DataPoint>
<DataPoint>0</DataPoint>
<DataPoint>0</DataPoint>
<DataPoint>0</DataPoint>
<DataPoint>0</DataPoint>
<DataPoint>0</DataPoint>
<DataPoint>0</DataPoint>
<DataPoint>0</DataPoint>
<DataPoint>0</DataPoint>
<DataPoint>1</DataPoint>
<DataPoint>0</DataPoint>
<DataPoint>28</DataPoint>

        </Spectrum>
       </EnergySpectrum>


             <BackgroundEnergySpectrum>
        <NumberOfChannels>256</NumberOfChannels>
        <SpectrumName>Background - office 1 hour</SpectrumName>
        <SerialNumber>RC-101-001897</SerialNumber>
        <EnergyCalibration>
          <PolynomialOrder>2</PolynomialOrder>
          <Coefficients>
            <Coefficient>1.9060767</Coefficient>
            <Coefficient>9.45942</Coefficient>
            <Coefficient>0.00813342</Coefficient>
          </Coefficients>
        </EnergyCalibration>
        <MeasurementTime>4333</MeasurementTime>
        <Spectrum>
          <DataPoint>0</DataPoint>
<DataPoint>0</DataPoint>
<DataPoint>162</DataPoint>
<DataPoint>410</DataPoint>
<DataPoint>611</DataPoint>
<DataPoint>959</DataPoint>
<DataPoint>1359</DataPoint>
<DataPoint>1653</DataPoint>
<DataPoint>1954</DataPoint>
<DataPoint>2035</DataPoint>
<DataPoint>2031</DataPoint>
<DataPoint>1795</DataPoint>
<DataPoint>1614</DataPoint>
<DataPoint>1380</DataPoint>
<DataPoint>1247</DataPoint>
<DataPoint>1020</DataPoint>
<DataPoint>956</DataPoint>
<DataPoint>851</DataPoint>
<DataPoint>734</DataPoint>
<DataPoint>635</DataPoint>
<DataPoint>537</DataPoint>
<DataPoint>478</DataPoint>
<DataPoint>447</DataPoint>
<DataPoint>384</DataPoint>
<DataPoint>318</DataPoint>
<DataPoint>280</DataPoint>
<DataPoint>294</DataPoint>
<DataPoint>213</DataPoint>
<DataPoint>212</DataPoint>
<DataPoint>159</DataPoint>
<DataPoint>144</DataPoint>
<DataPoint>150</DataPoint>
<DataPoint>114</DataPoint>
<DataPoint>126</DataPoint>
<DataPoint>91</DataPoint>
<DataPoint>113</DataPoint>
<DataPoint>91</DataPoint>
<DataPoint>80</DataPoint>
<DataPoint>67</DataPoint>
<DataPoint>60</DataPoint>
<DataPoint>63</DataPoint>
<DataPoint>43</DataPoint>
<DataPoint>54</DataPoint>
<DataPoint>56</DataPoint>
<DataPoint>41</DataPoint>
<DataPoint>47</DataPoint>
<DataPoint>38</DataPoint>
<DataPoint>45</DataPoint>
<DataPoint>37</DataPoint>
<DataPoint>46</DataPoint>
<DataPoint>33</DataPoint>
<DataPoint>38</DataPoint>
<DataPoint>24</DataPoint>
<DataPoint>23</DataPoint>
<DataPoint>42</DataPoint>
<DataPoint>27</DataPoint>
<DataPoint>27</DataPoint>
<DataPoint>21</DataPoint>
<DataPoint>36</DataPoint>
<DataPoint>33</DataPoint>
<DataPoint>31</DataPoint>
<DataPoint>21</DataPoint>
<DataPoint>22</DataPoint>
<DataPoint>12</DataPoint>
<DataPoint>22</DataPoint>
<DataPoint>17</DataPoint>
<DataPoint>18</DataPoint>
<DataPoint>18</DataPoint>
<DataPoint>21</DataPoint>
<DataPoint>19</DataPoint>
<DataPoint>17</DataPoint>
<DataPoint>15</DataPoint>
<DataPoint>12</DataPoint>
<DataPoint>15</DataPoint>
<DataPoint>15</DataPoint>
<DataPoint>13</DataPoint>
<DataPoint>9</DataPoint>
<DataPoint>17</DataPoint>
<DataPoint>6</DataPoint>
<DataPoint>11</DataPoint>
<DataPoint>17</DataPoint>
<DataPoint>10</DataPoint>
<DataPoint>12</DataPoint>
<DataPoint>16</DataPoint>
<DataPoint>11</DataPoint>
<DataPoint>14</DataPoint>
<DataPoint>9</DataPoint>
<DataPoint>11</DataPoint>
<DataPoint>12</DataPoint>
<DataPoint>13</DataPoint>
<DataPoint>8</DataPoint>
<DataPoint>10</DataPoint>
<DataPoint>8</DataPoint>
<DataPoint>15</DataPoint>
<DataPoint>11</DataPoint>
<DataPoint>15</DataPoint>
<DataPoint>12</DataPoint>
<DataPoint>8</DataPoint>
<DataPoint>11</DataPoint>
<DataPoint>8</DataPoint>
<DataPoint>12</DataPoint>
<DataPoint>11</DataPoint>
<DataPoint>7</DataPoint>
<DataPoint>9</DataPoint>
<DataPoint>8</DataPoint>
<DataPoint>7</DataPoint>
<DataPoint>7</DataPoint>
<DataPoint>7</DataPoint>
<DataPoint>9</DataPoint>
<DataPoint>7</DataPoint>
<DataPoint>12</DataPoint>
<DataPoint>4</DataPoint>
<DataPoint>13</DataPoint>
<DataPoint>9</DataPoint>
<DataPoint>12</DataPoint>
<DataPoint>9</DataPoint>
<DataPoint>7</DataPoint>
<DataPoint>3</DataPoint>
<DataPoint>9</DataPoint>
<DataPoint>5</DataPoint>
<DataPoint>9</DataPoint>
<DataPoint>4</DataPoint>
<DataPoint>3</DataPoint>
<DataPoint>3</DataPoint>
<DataPoint>8</DataPoint>
<DataPoint>4</DataPoint>
<DataPoint>3</DataPoint>
<DataPoint>4</DataPoint>
<DataPoint>5</DataPoint>
<DataPoint>3</DataPoint>
<DataPoint>5</DataPoint>
<DataPoint>5</DataPoint>
<DataPoint>4</DataPoint>
<DataPoint>4</DataPoint>
<DataPoint>7</DataPoint>
<DataPoint>3</DataPoint>
<DataPoint>7</DataPoint>
<DataPoint>3</DataPoint>
<DataPoint>4</DataPoint>
<DataPoint>3</DataPoint>
<DataPoint>3</DataPoint>
<DataPoint>5</DataPoint>
<DataPoint>5</DataPoint>
<DataPoint>2</DataPoint>
<DataPoint>6</DataPoint>
<DataPoint>4</DataPoint>
<DataPoint>2</DataPoint>
<DataPoint>0</DataPoint>
<DataPoint>4</DataPoint>
<DataPoint>1</DataPoint>
<DataPoint>1</DataPoint>
<DataPoint>2</DataPoint>
<DataPoint>1</DataPoint>
<DataPoint>1</DataPoint>
<DataPoint>7</DataPoint>
<DataPoint>3</DataPoint>
<DataPoint>2</DataPoint>
<DataPoint>2</DataPoint>
<DataPoint>2</DataPoint>
<DataPoint>0</DataPoint>
<DataPoint>2</DataPoint>
<DataPoint>2</DataPoint>
<DataPoint>2</DataPoint>
<DataPoint>0</DataPoint>
<DataPoint>2</DataPoint>
<DataPoint>1</DataPoint>
<DataPoint>2</DataPoint>
<DataPoint>1</DataPoint>
<DataPoint>1</DataPoint>
<DataPoint>2</DataPoint>
<DataPoint>1</DataPoint>
<DataPoint>1</DataPoint>
<DataPoint>2</DataPoint>
<DataPoint>0</DataPoint>
<DataPoint>0</DataPoint>
<DataPoint>1</DataPoint>
<DataPoint>1</DataPoint>
<DataPoint>2</DataPoint>
<DataPoint>1</DataPoint>
<DataPoint>3</DataPoint>
<DataPoint>0</DataPoint>
<DataPoint>0</DataPoint>
<DataPoint>2</DataPoint>
<DataPoint>0</DataPoint>
<DataPoint>1</DataPoint>
<DataPoint>2</DataPoint>
<DataPoint>1</DataPoint>
<DataPoint>2</DataPoint>
<DataPoint>0</DataPoint>
<DataPoint>0</DataPoint>
<DataPoint>0</DataPoint>
<DataPoint>0</DataPoint>
<DataPoint>0</DataPoint>
<DataPoint>0</DataPoint>
<DataPoint>3</DataPoint>
<DataPoint>1</DataPoint>
<DataPoint>1</DataPoint>
<DataPoint>2</DataPoint>
<DataPoint>1</DataPoint>
<DataPoint>0</DataPoint>
<DataPoint>2</DataPoint>
<DataPoint>0</DataPoint>
<DataPoint>2</DataPoint>
<DataPoint>0</DataPoint>
<DataPoint>1</DataPoint>
<DataPoint>0</DataPoint>
<DataPoint>0</DataPoint>
<DataPoint>1</DataPoint>
<DataPoint>2</DataPoint>
<DataPoint>1</DataPoint>
<DataPoint>0</DataPoint>
<DataPoint>0</DataPoint>
<DataPoint>1</DataPoint>
<DataPoint>1</DataPoint>
<DataPoint>0</DataPoint>
<DataPoint>1</DataPoint>
<DataPoint>1</DataPoint>
<DataPoint>2</DataPoint>
<DataPoint>0</DataPoint>
<DataPoint>1</DataPoint>
<DataPoint>1</DataPoint>
<DataPoint>2</DataPoint>
<DataPoint>0</DataPoint>
<DataPoint>2</DataPoint>
<DataPoint>1</DataPoint>
<DataPoint>1</DataPoint>
<DataPoint>0</DataPoint>
<DataPoint>2</DataPoint>
<DataPoint>0</DataPoint>
<DataPoint>2</DataPoint>
<DataPoint>0</DataPoint>
<DataPoint>0</DataPoint>
<DataPoint>2</DataPoint>
<DataPoint>0</DataPoint>
<DataPoint>0</DataPoint>
<DataPoint>1</DataPoint>
<DataPoint>1</DataPoint>
<DataPoint>1</DataPoint>
<DataPoint>0</DataPoint>
<DataPoint>0</DataPoint>
<DataPoint>3</DataPoint>
<DataPoint>0</DataPoint>
<DataPoint>1</DataPoint>
<DataPoint>0</DataPoint>
<DataPoint>1</DataPoint>
<DataPoint>1</DataPoint>
<DataPoint>2</DataPoint>
<DataPoint>1</DataPoint>
<DataPoint>3</DataPoint>
<DataPoint>0</DataPoint>
<DataPoint>1</DataPoint>
<DataPoint>1</DataPoint>
<DataPoint>1</DataPoint>
<DataPoint>0</DataPoint>
<DataPoint>1</DataPoint>
<DataPoint>103</DataPoint>

        </Spectrum>
       </BackgroundEnergySpectrum>


      <Visible>true</Visible>
      <PulseCollection>
        <Format>Base64 encoded binary</Format>
        <Pulses />
      </PulseCollection>
    </ResultData>
  </ResultDataList>
</ResultDataFile>
