<?xml version="1.0"?>
<ResultDataFile xmlns:xsd="http://www.w3.org/2001/XMLSchema" xmlns:xsi="http://www.w3.org/2001/XMLSchema-instance">
  <FormatVersion>120920</FormatVersion>
  <ResultDataList>
    <ResultData>
      <DeviceConfigReference>
        <Name>RadiaCode-101</Name>
      </DeviceConfigReference>
      <BackgroundSpectrumFile>Background - office 1 hour</BackgroundSpectrumFile>

             <EnergySpectrum>
        <NumberOfChannels>256</NumberOfChannels>
        <SpectrumName>Radon bottle 1 hour</SpectrumName>
        <SerialNumber>RC-101-001897</SerialNumber>
        <EnergyCalibration>
          <PolynomialOrder>2</PolynomialOrder>
          <Coefficients>
            <Coefficient>1.9060767</Coefficient>
            <Coefficient>9.45942</Coefficient>
            <Coefficient>0.00813342</Coefficient>
          </Coefficients>
        </EnergyCalibration>
        <MeasurementTime>3853</MeasurementTime>
        <Spectrum>
          <DataPoint>0</DataPoint>
<DataPoint>0</DataPoint>
<DataPoint>4095</DataPoint>
<DataPoint>9968</DataPoint>
<DataPoint>14802</DataPoint>
<DataPoint>18737</DataPoint>
<DataPoint>24370</DataPoint>
<DataPoint>37739</DataPoint>
<DataPoint>52231</DataPoint>
<DataPoint>44292</DataPoint>
<DataPoint>27118</DataPoint>
<DataPoint>15358</DataPoint>
<DataPoint>12056</DataPoint>
<DataPoint>11390</DataPoint>
<DataPoint>12098</DataPoint>
<DataPoint>12223</DataPoint>
<DataPoint>12175</DataPoint>
<DataPoint>11369</DataPoint>
<DataPoint>10647</DataPoint>
<DataPoint>9548</DataPoint>
<DataPoint>9068</DataPoint>
<DataPoint>8435</DataPoint>
<DataPoint>8166</DataPoint>
<DataPoint>8426</DataPoint>
<DataPoint>8644</DataPoint>
<DataPoint>8886</DataPoint>
<DataPoint>8375</DataPoint>
<DataPoint>8201</DataPoint>
<DataPoint>8240</DataPoint>
<DataPoint>8656</DataPoint>
<DataPoint>9301</DataPoint>
<DataPoint>8609</DataPoint>
<DataPoint>8568</DataPoint>
<DataPoint>8396</DataPoint>
<DataPoint>8979</DataPoint>
<DataPoint>9293</DataPoint>
<DataPoint>8965</DataPoint>
<DataPoint>7924</DataPoint>
<DataPoint>6520</DataPoint>
<DataPoint>4883</DataPoint>
<DataPoint>3736</DataPoint>
<DataPoint>2863</DataPoint>
<DataPoint>2346</DataPoint>
<DataPoint>1990</DataPoint>
<DataPoint>1854</DataPoint>
<DataPoint>1653</DataPoint>
<DataPoint>1569</DataPoint>
<DataPoint>1417</DataPoint>
<DataPoint>1416</DataPoint>
<DataPoint>1291</DataPoint>
<DataPoint>1322</DataPoint>
<DataPoint>1334</DataPoint>
<DataPoint>1291</DataPoint>
<DataPoint>1315</DataPoint>
<DataPoint>1465</DataPoint>
<DataPoint>1566</DataPoint>
<DataPoint>1853</DataPoint>
<DataPoint>2065</DataPoint>
<DataPoint>2483</DataPoint>
<DataPoint>2628</DataPoint>
<DataPoint>2778</DataPoint>
<DataPoint>2647</DataPoint>
<DataPoint>2449</DataPoint>
<DataPoint>2135</DataPoint>
<DataPoint>1778</DataPoint>
<DataPoint>1421</DataPoint>
<DataPoint>1273</DataPoint>
<DataPoint>1063</DataPoint>
<DataPoint>934</DataPoint>
<DataPoint>955</DataPoint>
<DataPoint>987</DataPoint>
<DataPoint>959</DataPoint>
<DataPoint>926</DataPoint>
<DataPoint>939</DataPoint>
<DataPoint>873</DataPoint>
<DataPoint>908</DataPoint>
<DataPoint>941</DataPoint>
<DataPoint>841</DataPoint>
<DataPoint>856</DataPoint>
<DataPoint>822</DataPoint>
<DataPoint>823</DataPoint>
<DataPoint>835</DataPoint>
<DataPoint>800</DataPoint>
<DataPoint>719</DataPoint>
<DataPoint>735</DataPoint>
<DataPoint>720</DataPoint>
<DataPoint>732</DataPoint>
<DataPoint>669</DataPoint>
<DataPoint>616</DataPoint>
<DataPoint>632</DataPoint>
<DataPoint>619</DataPoint>
<DataPoint>585</DataPoint>
<DataPoint>520</DataPoint>
<DataPoint>544</DataPoint>
<DataPoint>539</DataPoint>
<DataPoint>525</DataPoint>
<DataPoint>498</DataPoint>
<DataPoint>475</DataPoint>
<DataPoint>477</DataPoint>
<DataPoint>489</DataPoint>
<DataPoint>519</DataPoint>
<DataPoint>498</DataPoint>
<DataPoint>535</DataPoint>
<DataPoint>585</DataPoint>
<DataPoint>563</DataPoint>
<DataPoint>581</DataPoint>
<DataPoint>624</DataPoint>
<DataPoint>590</DataPoint>
<DataPoint>582</DataPoint>
<DataPoint>538</DataPoint>
<DataPoint>515</DataPoint>
<DataPoint>478</DataPoint>
<DataPoint>484</DataPoint>
<DataPoint>436</DataPoint>
<DataPoint>447</DataPoint>
<DataPoint>374</DataPoint>
<DataPoint>396</DataPoint>
<DataPoint>377</DataPoint>
<DataPoint>403</DataPoint>
<DataPoint>367</DataPoint>
<DataPoint>378</DataPoint>
<DataPoint>337</DataPoint>
<DataPoint>337</DataPoint>
<DataPoint>384</DataPoint>
<DataPoint>346</DataPoint>
<DataPoint>336</DataPoint>
<DataPoint>337</DataPoint>
<DataPoint>328</DataPoint>
<DataPoint>333</DataPoint>
<DataPoint>329</DataPoint>
<DataPoint>341</DataPoint>
<DataPoint>333</DataPoint>
<DataPoint>315</DataPoint>
<DataPoint>327</DataPoint>
<DataPoint>313</DataPoint>
<DataPoint>287</DataPoint>
<DataPoint>314</DataPoint>
<DataPoint>276</DataPoint>
<DataPoint>246</DataPoint>
<DataPoint>266</DataPoint>
<DataPoint>260</DataPoint>
<DataPoint>190</DataPoint>
<DataPoint>209</DataPoint>
<DataPoint>186</DataPoint>
<DataPoint>181</DataPoint>
<DataPoint>170</DataPoint>
<DataPoint>143</DataPoint>
<DataPoint>174</DataPoint>
<DataPoint>171</DataPoint>
<DataPoint>165</DataPoint>
<DataPoint>137</DataPoint>
<DataPoint>129</DataPoint>
<DataPoint>137</DataPoint>
<DataPoint>122</DataPoint>
<DataPoint>157</DataPoint>
<DataPoint>131</DataPoint>
<DataPoint>172</DataPoint>
<DataPoint>160</DataPoint>
<DataPoint>144</DataPoint>
<DataPoint>137</DataPoint>
<DataPoint>155</DataPoint>
<DataPoint>132</DataPoint>
<DataPoint>157</DataPoint>
<DataPoint>139</DataPoint>
<DataPoint>138</DataPoint>
<DataPoint>143</DataPoint>
<DataPoint>124</DataPoint>
<DataPoint>121</DataPoint>
<DataPoint>94</DataPoint>
<DataPoint>100</DataPoint>
<DataPoint>92</DataPoint>
<DataPoint>82</DataPoint>
<DataPoint>67</DataPoint>
<DataPoint>68</DataPoint>
<DataPoint>56</DataPoint>
<DataPoint>53</DataPoint>
<DataPoint>60</DataPoint>
<DataPoint>42</DataPoint>
<DataPoint>46</DataPoint>
<DataPoint>37</DataPoint>
<DataPoint>41</DataPoint>
<DataPoint>31</DataPoint>
<DataPoint>31</DataPoint>
<DataPoint>32</DataPoint>
<DataPoint>20</DataPoint>
<DataPoint>37</DataPoint>
<DataPoint>34</DataPoint>
<DataPoint>26</DataPoint>
<DataPoint>27</DataPoint>
<DataPoint>34</DataPoint>
<DataPoint>21</DataPoint>
<DataPoint>23</DataPoint>
<DataPoint>29</DataPoint>
<DataPoint>23</DataPoint>
<DataPoint>30</DataPoint>
<DataPoint>35</DataPoint>
<DataPoint>25</DataPoint>
<DataPoint>21</DataPoint>
<DataPoint>32</DataPoint>
<DataPoint>23</DataPoint>
<DataPoint>12</DataPoint>
<DataPoint>16</DataPoint>
<DataPoint>17</DataPoint>
<DataPoint>11</DataPoint>
<DataPoint>18</DataPoint>
<DataPoint>12</DataPoint>
<DataPoint>12</DataPoint>
<DataPoint>15</DataPoint>
<DataPoint>11</DataPoint>
<DataPoint>8</DataPoint>
<DataPoint>6</DataPoint>
<DataPoint>8</DataPoint>
<DataPoint>9</DataPoint>
<DataPoint>5</DataPoint>
<DataPoint>5</DataPoint>
<DataPoint>4</DataPoint>
<DataPoint>7</DataPoint>
<DataPoint>12</DataPoint>
<DataPoint>6</DataPoint>
<DataPoint>9</DataPoint>
<DataPoint>5</DataPoint>
<DataPoint>3</DataPoint>
<DataPoint>4</DataPoint>
<DataPoint>4</DataPoint>
<DataPoint>3</DataPoint>
<DataPoint>1</DataPoint>
<DataPoint>3</DataPoint>
<DataPoint>5</DataPoint>
<DataPoint>1</DataPoint>
<DataPoint>1</DataPoint>
<DataPoint>1</DataPoint>
<DataPoint>4</DataPoint>
<DataPoint>1</DataPoint>
<DataPoint>2</DataPoint>
<DataPoint>0</DataPoint>
<DataPoint>1</DataPoint>
<DataPoint>2</DataPoint>
<DataPoint>1</DataPoint>
<DataPoint>2</DataPoint>
<DataPoint>2</DataPoint>
<DataPoint>0</DataPoint>
<DataPoint>2</DataPoint>
<DataPoint>2</DataPoint>
<DataPoint>2</DataPoint>
<DataPoint>1</DataPoint>
<DataPoint>1</DataPoint>
<DataPoint>2</DataPoint>
<DataPoint>0</DataPoint>
<DataPoint>1</DataPoint>
<DataPoint>1</DataPoint>
<DataPoint>1</DataPoint>
<DataPoint>1</DataPoint>
<DataPoint>1</DataPoint>
<DataPoint>3</DataPoint>
<DataPoint>3</DataPoint>
<DataPoint>100</DataPoint>

        </Spectrum>
       </EnergySpectrum>


             <BackgroundEnergySpectrum>
        <NumberOfChannels>256</NumberOfChannels>
        <SpectrumName>Background - office 1 hour</SpectrumName>
        <SerialNumber>RC-101-001897</SerialNumber>
        <EnergyCalibration>
          <PolynomialOrder>2</PolynomialOrder>
          <Coefficients>
            <Coefficient>1.9060767</Coefficient>
            <Coefficient>9.45942</Coefficient>
            <Coefficient>0.00813342</Coefficient>
          </Coefficients>
        </EnergyCalibration>
        <MeasurementTime>4333</MeasurementTime>
        <Spectrum>
          <DataPoint>0</DataPoint>
<DataPoint>0</DataPoint>
<DataPoint>162</DataPoint>
<DataPoint>410</DataPoint>
<DataPoint>611</DataPoint>
<DataPoint>959</DataPoint>
<DataPoint>1359</DataPoint>
<DataPoint>1653</DataPoint>
<DataPoint>1954</DataPoint>
<DataPoint>2035</DataPoint>
<DataPoint>2031</DataPoint>
<DataPoint>1795</DataPoint>
<DataPoint>1614</DataPoint>
<DataPoint>1380</DataPoint>
<DataPoint>1247</DataPoint>
<DataPoint>1020</DataPoint>
<DataPoint>956</DataPoint>
<DataPoint>851</DataPoint>
<DataPoint>734</DataPoint>
<DataPoint>635</DataPoint>
<DataPoint>537</DataPoint>
<DataPoint>478</DataPoint>
<DataPoint>447</DataPoint>
<DataPoint>384</DataPoint>
<DataPoint>318</DataPoint>
<DataPoint>280</DataPoint>
<DataPoint>294</DataPoint>
<DataPoint>213</DataPoint>
<DataPoint>212</DataPoint>
<DataPoint>159</DataPoint>
<DataPoint>144</DataPoint>
<DataPoint>150</DataPoint>
<DataPoint>114</DataPoint>
<DataPoint>126</DataPoint>
<DataPoint>91</DataPoint>
<DataPoint>113</DataPoint>
<DataPoint>91</DataPoint>
<DataPoint>80</DataPoint>
<DataPoint>67</DataPoint>
<DataPoint>60</DataPoint>
<DataPoint>63</DataPoint>
<DataPoint>43</DataPoint>
<DataPoint>54</DataPoint>
<DataPoint>56</DataPoint>
<DataPoint>41</DataPoint>
<DataPoint>47</DataPoint>
<DataPoint>38</DataPoint>
<DataPoint>45</DataPoint>
<DataPoint>37</DataPoint>
<DataPoint>46</DataPoint>
<DataPoint>33</DataPoint>
<DataPoint>38</DataPoint>
<DataPoint>24</DataPoint>
<DataPoint>23</DataPoint>
<DataPoint>42</DataPoint>
<DataPoint>27</DataPoint>
<DataPoint>27</DataPoint>
<DataPoint>21</DataPoint>
<DataPoint>36</DataPoint>
<DataPoint>33</DataPoint>
<DataPoint>31</DataPoint>
<DataPoint>21</DataPoint>
<DataPoint>22</DataPoint>
<DataPoint>12</DataPoint>
<DataPoint>22</DataPoint>
<DataPoint>17</DataPoint>
<DataPoint>18</DataPoint>
<DataPoint>18</DataPoint>
<DataPoint>21</DataPoint>
<DataPoint>19</DataPoint>
<DataPoint>17</DataPoint>
<DataPoint>15</DataPoint>
<DataPoint>12</DataPoint>
<DataPoint>15</DataPoint>
<DataPoint>15</DataPoint>
<DataPoint>13</DataPoint>
<DataPoint>9</DataPoint>
<DataPoint>17</DataPoint>
<DataPoint>6</DataPoint>
<DataPoint>11</DataPoint>
<DataPoint>17</DataPoint>
<DataPoint>10</DataPoint>
<DataPoint>12</DataPoint>
<DataPoint>16</DataPoint>
<DataPoint>11</DataPoint>
<DataPoint>14</DataPoint>
<DataPoint>9</DataPoint>
<DataPoint>11</DataPoint>
<DataPoint>12</DataPoint>
<DataPoint>13</DataPoint>
<DataPoint>8</DataPoint>
<DataPoint>10</DataPoint>
<DataPoint>8</DataPoint>
<DataPoint>15</DataPoint>
<DataPoint>11</DataPoint>
<DataPoint>15</DataPoint>
<DataPoint>12</DataPoint>
<DataPoint>8</DataPoint>
<DataPoint>11</DataPoint>
<DataPoint>8</DataPoint>
<DataPoint>12</DataPoint>
<DataPoint>11</DataPoint>
<DataPoint>7</DataPoint>
<DataPoint>9</DataPoint>
<DataPoint>8</DataPoint>
<DataPoint>7</DataPoint>
<DataPoint>7</DataPoint>
<DataPoint>7</DataPoint>
<DataPoint>9</DataPoint>
<DataPoint>7</DataPoint>
<DataPoint>12</DataPoint>
<DataPoint>4</DataPoint>
<DataPoint>13</DataPoint>
<DataPoint>9</DataPoint>
<DataPoint>12</DataPoint>
<DataPoint>9</DataPoint>
<DataPoint>7</DataPoint>
<DataPoint>3</DataPoint>
<DataPoint>9</DataPoint>
<DataPoint>5</DataPoint>
<DataPoint>9</DataPoint>
<DataPoint>4</DataPoint>
<DataPoint>3</DataPoint>
<DataPoint>3</DataPoint>
<DataPoint>8</DataPoint>
<DataPoint>4</DataPoint>
<DataPoint>3</DataPoint>
<DataPoint>4</DataPoint>
<DataPoint>5</DataPoint>
<DataPoint>3</DataPoint>
<DataPoint>5</DataPoint>
<DataPoint>5</DataPoint>
<DataPoint>4</DataPoint>
<DataPoint>4</DataPoint>
<DataPoint>7</DataPoint>
<DataPoint>3</DataPoint>
<DataPoint>7</DataPoint>
<DataPoint>3</DataPoint>
<DataPoint>4</DataPoint>
<DataPoint>3</DataPoint>
<DataPoint>3</DataPoint>
<DataPoint>5</DataPoint>
<DataPoint>5</DataPoint>
<DataPoint>2</DataPoint>
<DataPoint>6</DataPoint>
<DataPoint>4</DataPoint>
<DataPoint>2</DataPoint>
<DataPoint>0</DataPoint>
<DataPoint>4</DataPoint>
<DataPoint>1</DataPoint>
<DataPoint>1</DataPoint>
<DataPoint>2</DataPoint>
<DataPoint>1</DataPoint>
<DataPoint>1</DataPoint>
<DataPoint>7</DataPoint>
<DataPoint>3</DataPoint>
<DataPoint>2</DataPoint>
<DataPoint>2</DataPoint>
<DataPoint>2</DataPoint>
<DataPoint>0</DataPoint>
<DataPoint>2</DataPoint>
<DataPoint>2</DataPoint>
<DataPoint>2</DataPoint>
<DataPoint>0</DataPoint>
<DataPoint>2</DataPoint>
<DataPoint>1</DataPoint>
<DataPoint>2</DataPoint>
<DataPoint>1</DataPoint>
<DataPoint>1</DataPoint>
<DataPoint>2</DataPoint>
<DataPoint>1</DataPoint>
<DataPoint>1</DataPoint>
<DataPoint>2</DataPoint>
<DataPoint>0</DataPoint>
<DataPoint>0</DataPoint>
<DataPoint>1</DataPoint>
<DataPoint>1</DataPoint>
<DataPoint>2</DataPoint>
<DataPoint>1</DataPoint>
<DataPoint>3</DataPoint>
<DataPoint>0</DataPoint>
<DataPoint>0</DataPoint>
<DataPoint>2</DataPoint>
<DataPoint>0</DataPoint>
<DataPoint>1</DataPoint>
<DataPoint>2</DataPoint>
<DataPoint>1</DataPoint>
<DataPoint>2</DataPoint>
<DataPoint>0</DataPoint>
<DataPoint>0</DataPoint>
<DataPoint>0</DataPoint>
<DataPoint>0</DataPoint>
<DataPoint>0</DataPoint>
<DataPoint>0</DataPoint>
<DataPoint>3</DataPoint>
<DataPoint>1</DataPoint>
<DataPoint>1</DataPoint>
<DataPoint>2</DataPoint>
<DataPoint>1</DataPoint>
<DataPoint>0</DataPoint>
<DataPoint>2</DataPoint>
<DataPoint>0</DataPoint>
<DataPoint>2</DataPoint>
<DataPoint>0</DataPoint>
<DataPoint>1</DataPoint>
<DataPoint>0</DataPoint>
<DataPoint>0</DataPoint>
<DataPoint>1</DataPoint>
<DataPoint>2</DataPoint>
<DataPoint>1</DataPoint>
<DataPoint>0</DataPoint>
<DataPoint>0</DataPoint>
<DataPoint>1</DataPoint>
<DataPoint>1</DataPoint>
<DataPoint>0</DataPoint>
<DataPoint>1</DataPoint>
<DataPoint>1</DataPoint>
<DataPoint>2</DataPoint>
<DataPoint>0</DataPoint>
<DataPoint>1</DataPoint>
<DataPoint>1</DataPoint>
<DataPoint>2</DataPoint>
<DataPoint>0</DataPoint>
<DataPoint>2</DataPoint>
<DataPoint>1</DataPoint>
<DataPoint>1</DataPoint>
<DataPoint>0</DataPoint>
<DataPoint>2</DataPoint>
<DataPoint>0</DataPoint>
<DataPoint>2</DataPoint>
<DataPoint>0</DataPoint>
<DataPoint>0</DataPoint>
<DataPoint>2</DataPoint>
<DataPoint>0</DataPoint>
<DataPoint>0</DataPoint>
<DataPoint>1</DataPoint>
<DataPoint>1</DataPoint>
<DataPoint>1</DataPoint>
<DataPoint>0</DataPoint>
<DataPoint>0</DataPoint>
<DataPoint>3</DataPoint>
<DataPoint>0</DataPoint>
<DataPoint>1</DataPoint>
<DataPoint>0</DataPoint>
<DataPoint>1</DataPoint>
<DataPoint>1</DataPoint>
<DataPoint>2</DataPoint>
<DataPoint>1</DataPoint>
<DataPoint>3</DataPoint>
<DataPoint>0</DataPoint>
<DataPoint>1</DataPoint>
<DataPoint>1</DataPoint>
<DataPoint>1</DataPoint>
<DataPoint>0</DataPoint>
<DataPoint>1</DataPoint>
<DataPoint>103</DataPoint>

        </Spectrum>
       </BackgroundEnergySpectrum>


      <Visible>true</Visible>
      <PulseCollection>
        <Format>Base64 encoded binary</Format>
        <Pulses />
      </PulseCollection>
    </ResultData>
  </ResultDataList>
</ResultDataFile>
