<?xml version="1.0"?>
<ResultDataFile xmlns:xsd="http://www.w3.org/2001/XMLSchema" xmlns:xsi="http://www.w3.org/2001/XMLSchema-instance">
  <FormatVersion>120920</FormatVersion>
  <ResultDataList>
    <ResultData>
      <DeviceConfigReference>
        <Name>RadiaCode-101</Name>
      </DeviceConfigReference>
      <SampleInfo>
        <Name><![CDATA[U-glass-1-2024-04-17  00-16-17]]></Name>
        <Note><![CDATA[]]></Note>
      </SampleInfo>
      <BackgroundSpectrumFile>Background-W-2</BackgroundSpectrumFile>

       <StartTime>2024-04-16T22:38:11</StartTime>
 <EndTime>2024-04-16T23:17:36</EndTime>

 <EnergySpectrum>
  <NumberOfChannels>1024</NumberOfChannels>
  <ChannelPitch>1</ChannelPitch>
  <SpectrumName><![CDATA[U-glass-1-2024-04-17  00-16-17]]></SpectrumName>
  <Comment>@Comment</Comment>
  <SerialNumber>RC-101-001920</SerialNumber>
  <EnergyCalibration>
    <PolynomialOrder>2</PolynomialOrder>
    <Coefficients>
      <Coefficient>4.6426802</Coefficient>
      <Coefficient>2.29144</Coefficient>
      <Coefficient>0.00097</Coefficient>
    </Coefficients>
  </EnergyCalibration>
  <MeasurementTime>2365</MeasurementTime>
  <Spectrum>
    <DataPoint>0</DataPoint>
<DataPoint>0</DataPoint>
<DataPoint>0</DataPoint>
<DataPoint>0</DataPoint>
<DataPoint>0</DataPoint>
<DataPoint>0</DataPoint>
<DataPoint>0</DataPoint>
<DataPoint>0</DataPoint>
<DataPoint>0</DataPoint>
<DataPoint>0</DataPoint>
<DataPoint>0</DataPoint>
<DataPoint>0</DataPoint>
<DataPoint>4</DataPoint>
<DataPoint>13</DataPoint>
<DataPoint>44</DataPoint>
<DataPoint>82</DataPoint>
<DataPoint>94</DataPoint>
<DataPoint>112</DataPoint>
<DataPoint>138</DataPoint>
<DataPoint>165</DataPoint>
<DataPoint>190</DataPoint>
<DataPoint>211</DataPoint>
<DataPoint>251</DataPoint>
<DataPoint>289</DataPoint>
<DataPoint>293</DataPoint>
<DataPoint>377</DataPoint>
<DataPoint>446</DataPoint>
<DataPoint>461</DataPoint>
<DataPoint>482</DataPoint>
<DataPoint>528</DataPoint>
<DataPoint>581</DataPoint>
<DataPoint>607</DataPoint>
<DataPoint>634</DataPoint>
<DataPoint>574</DataPoint>
<DataPoint>630</DataPoint>
<DataPoint>598</DataPoint>
<DataPoint>580</DataPoint>
<DataPoint>602</DataPoint>
<DataPoint>612</DataPoint>
<DataPoint>647</DataPoint>
<DataPoint>638</DataPoint>
<DataPoint>676</DataPoint>
<DataPoint>596</DataPoint>
<DataPoint>630</DataPoint>
<DataPoint>587</DataPoint>
<DataPoint>588</DataPoint>
<DataPoint>548</DataPoint>
<DataPoint>522</DataPoint>
<DataPoint>479</DataPoint>
<DataPoint>433</DataPoint>
<DataPoint>412</DataPoint>
<DataPoint>334</DataPoint>
<DataPoint>342</DataPoint>
<DataPoint>302</DataPoint>
<DataPoint>348</DataPoint>
<DataPoint>305</DataPoint>
<DataPoint>295</DataPoint>
<DataPoint>304</DataPoint>
<DataPoint>251</DataPoint>
<DataPoint>267</DataPoint>
<DataPoint>262</DataPoint>
<DataPoint>245</DataPoint>
<DataPoint>236</DataPoint>
<DataPoint>224</DataPoint>
<DataPoint>229</DataPoint>
<DataPoint>215</DataPoint>
<DataPoint>185</DataPoint>
<DataPoint>191</DataPoint>
<DataPoint>175</DataPoint>
<DataPoint>211</DataPoint>
<DataPoint>165</DataPoint>
<DataPoint>191</DataPoint>
<DataPoint>152</DataPoint>
<DataPoint>164</DataPoint>
<DataPoint>174</DataPoint>
<DataPoint>146</DataPoint>
<DataPoint>123</DataPoint>
<DataPoint>162</DataPoint>
<DataPoint>139</DataPoint>
<DataPoint>124</DataPoint>
<DataPoint>152</DataPoint>
<DataPoint>129</DataPoint>
<DataPoint>144</DataPoint>
<DataPoint>107</DataPoint>
<DataPoint>107</DataPoint>
<DataPoint>111</DataPoint>
<DataPoint>115</DataPoint>
<DataPoint>86</DataPoint>
<DataPoint>82</DataPoint>
<DataPoint>91</DataPoint>
<DataPoint>88</DataPoint>
<DataPoint>85</DataPoint>
<DataPoint>86</DataPoint>
<DataPoint>73</DataPoint>
<DataPoint>83</DataPoint>
<DataPoint>77</DataPoint>
<DataPoint>89</DataPoint>
<DataPoint>56</DataPoint>
<DataPoint>66</DataPoint>
<DataPoint>59</DataPoint>
<DataPoint>50</DataPoint>
<DataPoint>67</DataPoint>
<DataPoint>67</DataPoint>
<DataPoint>53</DataPoint>
<DataPoint>47</DataPoint>
<DataPoint>43</DataPoint>
<DataPoint>53</DataPoint>
<DataPoint>41</DataPoint>
<DataPoint>45</DataPoint>
<DataPoint>41</DataPoint>
<DataPoint>47</DataPoint>
<DataPoint>36</DataPoint>
<DataPoint>49</DataPoint>
<DataPoint>38</DataPoint>
<DataPoint>35</DataPoint>
<DataPoint>35</DataPoint>
<DataPoint>33</DataPoint>
<DataPoint>42</DataPoint>
<DataPoint>32</DataPoint>
<DataPoint>26</DataPoint>
<DataPoint>33</DataPoint>
<DataPoint>36</DataPoint>
<DataPoint>23</DataPoint>
<DataPoint>28</DataPoint>
<DataPoint>23</DataPoint>
<DataPoint>30</DataPoint>
<DataPoint>33</DataPoint>
<DataPoint>30</DataPoint>
<DataPoint>22</DataPoint>
<DataPoint>35</DataPoint>
<DataPoint>20</DataPoint>
<DataPoint>25</DataPoint>
<DataPoint>21</DataPoint>
<DataPoint>27</DataPoint>
<DataPoint>23</DataPoint>
<DataPoint>26</DataPoint>
<DataPoint>26</DataPoint>
<DataPoint>22</DataPoint>
<DataPoint>18</DataPoint>
<DataPoint>24</DataPoint>
<DataPoint>20</DataPoint>
<DataPoint>22</DataPoint>
<DataPoint>22</DataPoint>
<DataPoint>21</DataPoint>
<DataPoint>17</DataPoint>
<DataPoint>19</DataPoint>
<DataPoint>17</DataPoint>
<DataPoint>10</DataPoint>
<DataPoint>24</DataPoint>
<DataPoint>20</DataPoint>
<DataPoint>18</DataPoint>
<DataPoint>9</DataPoint>
<DataPoint>14</DataPoint>
<DataPoint>12</DataPoint>
<DataPoint>15</DataPoint>
<DataPoint>12</DataPoint>
<DataPoint>13</DataPoint>
<DataPoint>17</DataPoint>
<DataPoint>18</DataPoint>
<DataPoint>13</DataPoint>
<DataPoint>16</DataPoint>
<DataPoint>3</DataPoint>
<DataPoint>10</DataPoint>
<DataPoint>8</DataPoint>
<DataPoint>17</DataPoint>
<DataPoint>9</DataPoint>
<DataPoint>13</DataPoint>
<DataPoint>19</DataPoint>
<DataPoint>10</DataPoint>
<DataPoint>9</DataPoint>
<DataPoint>7</DataPoint>
<DataPoint>8</DataPoint>
<DataPoint>16</DataPoint>
<DataPoint>14</DataPoint>
<DataPoint>8</DataPoint>
<DataPoint>7</DataPoint>
<DataPoint>8</DataPoint>
<DataPoint>9</DataPoint>
<DataPoint>7</DataPoint>
<DataPoint>7</DataPoint>
<DataPoint>4</DataPoint>
<DataPoint>6</DataPoint>
<DataPoint>16</DataPoint>
<DataPoint>14</DataPoint>
<DataPoint>9</DataPoint>
<DataPoint>7</DataPoint>
<DataPoint>5</DataPoint>
<DataPoint>11</DataPoint>
<DataPoint>9</DataPoint>
<DataPoint>10</DataPoint>
<DataPoint>6</DataPoint>
<DataPoint>9</DataPoint>
<DataPoint>7</DataPoint>
<DataPoint>9</DataPoint>
<DataPoint>10</DataPoint>
<DataPoint>11</DataPoint>
<DataPoint>11</DataPoint>
<DataPoint>3</DataPoint>
<DataPoint>11</DataPoint>
<DataPoint>12</DataPoint>
<DataPoint>6</DataPoint>
<DataPoint>7</DataPoint>
<DataPoint>9</DataPoint>
<DataPoint>7</DataPoint>
<DataPoint>11</DataPoint>
<DataPoint>12</DataPoint>
<DataPoint>9</DataPoint>
<DataPoint>10</DataPoint>
<DataPoint>5</DataPoint>
<DataPoint>6</DataPoint>
<DataPoint>8</DataPoint>
<DataPoint>6</DataPoint>
<DataPoint>10</DataPoint>
<DataPoint>6</DataPoint>
<DataPoint>5</DataPoint>
<DataPoint>9</DataPoint>
<DataPoint>7</DataPoint>
<DataPoint>11</DataPoint>
<DataPoint>1</DataPoint>
<DataPoint>7</DataPoint>
<DataPoint>8</DataPoint>
<DataPoint>4</DataPoint>
<DataPoint>8</DataPoint>
<DataPoint>8</DataPoint>
<DataPoint>6</DataPoint>
<DataPoint>5</DataPoint>
<DataPoint>7</DataPoint>
<DataPoint>7</DataPoint>
<DataPoint>7</DataPoint>
<DataPoint>5</DataPoint>
<DataPoint>4</DataPoint>
<DataPoint>7</DataPoint>
<DataPoint>10</DataPoint>
<DataPoint>10</DataPoint>
<DataPoint>4</DataPoint>
<DataPoint>5</DataPoint>
<DataPoint>6</DataPoint>
<DataPoint>5</DataPoint>
<DataPoint>6</DataPoint>
<DataPoint>9</DataPoint>
<DataPoint>8</DataPoint>
<DataPoint>7</DataPoint>
<DataPoint>5</DataPoint>
<DataPoint>4</DataPoint>
<DataPoint>6</DataPoint>
<DataPoint>4</DataPoint>
<DataPoint>3</DataPoint>
<DataPoint>4</DataPoint>
<DataPoint>7</DataPoint>
<DataPoint>6</DataPoint>
<DataPoint>7</DataPoint>
<DataPoint>6</DataPoint>
<DataPoint>8</DataPoint>
<DataPoint>3</DataPoint>
<DataPoint>6</DataPoint>
<DataPoint>5</DataPoint>
<DataPoint>5</DataPoint>
<DataPoint>6</DataPoint>
<DataPoint>3</DataPoint>
<DataPoint>4</DataPoint>
<DataPoint>7</DataPoint>
<DataPoint>2</DataPoint>
<DataPoint>5</DataPoint>
<DataPoint>2</DataPoint>
<DataPoint>7</DataPoint>
<DataPoint>2</DataPoint>
<DataPoint>5</DataPoint>
<DataPoint>3</DataPoint>
<DataPoint>3</DataPoint>
<DataPoint>5</DataPoint>
<DataPoint>4</DataPoint>
<DataPoint>5</DataPoint>
<DataPoint>2</DataPoint>
<DataPoint>5</DataPoint>
<DataPoint>4</DataPoint>
<DataPoint>3</DataPoint>
<DataPoint>2</DataPoint>
<DataPoint>4</DataPoint>
<DataPoint>3</DataPoint>
<DataPoint>6</DataPoint>
<DataPoint>1</DataPoint>
<DataPoint>4</DataPoint>
<DataPoint>2</DataPoint>
<DataPoint>3</DataPoint>
<DataPoint>5</DataPoint>
<DataPoint>3</DataPoint>
<DataPoint>3</DataPoint>
<DataPoint>6</DataPoint>
<DataPoint>4</DataPoint>
<DataPoint>3</DataPoint>
<DataPoint>5</DataPoint>
<DataPoint>1</DataPoint>
<DataPoint>3</DataPoint>
<DataPoint>2</DataPoint>
<DataPoint>5</DataPoint>
<DataPoint>3</DataPoint>
<DataPoint>4</DataPoint>
<DataPoint>1</DataPoint>
<DataPoint>4</DataPoint>
<DataPoint>5</DataPoint>
<DataPoint>1</DataPoint>
<DataPoint>6</DataPoint>
<DataPoint>3</DataPoint>
<DataPoint>3</DataPoint>
<DataPoint>3</DataPoint>
<DataPoint>5</DataPoint>
<DataPoint>3</DataPoint>
<DataPoint>3</DataPoint>
<DataPoint>2</DataPoint>
<DataPoint>3</DataPoint>
<DataPoint>3</DataPoint>
<DataPoint>5</DataPoint>
<DataPoint>3</DataPoint>
<DataPoint>5</DataPoint>
<DataPoint>2</DataPoint>
<DataPoint>4</DataPoint>
<DataPoint>2</DataPoint>
<DataPoint>3</DataPoint>
<DataPoint>1</DataPoint>
<DataPoint>2</DataPoint>
<DataPoint>7</DataPoint>
<DataPoint>4</DataPoint>
<DataPoint>7</DataPoint>
<DataPoint>4</DataPoint>
<DataPoint>2</DataPoint>
<DataPoint>4</DataPoint>
<DataPoint>1</DataPoint>
<DataPoint>4</DataPoint>
<DataPoint>1</DataPoint>
<DataPoint>0</DataPoint>
<DataPoint>4</DataPoint>
<DataPoint>3</DataPoint>
<DataPoint>6</DataPoint>
<DataPoint>1</DataPoint>
<DataPoint>3</DataPoint>
<DataPoint>3</DataPoint>
<DataPoint>2</DataPoint>
<DataPoint>4</DataPoint>
<DataPoint>3</DataPoint>
<DataPoint>2</DataPoint>
<DataPoint>1</DataPoint>
<DataPoint>2</DataPoint>
<DataPoint>5</DataPoint>
<DataPoint>3</DataPoint>
<DataPoint>3</DataPoint>
<DataPoint>0</DataPoint>
<DataPoint>4</DataPoint>
<DataPoint>2</DataPoint>
<DataPoint>1</DataPoint>
<DataPoint>2</DataPoint>
<DataPoint>3</DataPoint>
<DataPoint>2</DataPoint>
<DataPoint>2</DataPoint>
<DataPoint>5</DataPoint>
<DataPoint>0</DataPoint>
<DataPoint>0</DataPoint>
<DataPoint>2</DataPoint>
<DataPoint>0</DataPoint>
<DataPoint>4</DataPoint>
<DataPoint>2</DataPoint>
<DataPoint>1</DataPoint>
<DataPoint>3</DataPoint>
<DataPoint>3</DataPoint>
<DataPoint>4</DataPoint>
<DataPoint>1</DataPoint>
<DataPoint>1</DataPoint>
<DataPoint>2</DataPoint>
<DataPoint>4</DataPoint>
<DataPoint>2</DataPoint>
<DataPoint>5</DataPoint>
<DataPoint>5</DataPoint>
<DataPoint>3</DataPoint>
<DataPoint>4</DataPoint>
<DataPoint>3</DataPoint>
<DataPoint>2</DataPoint>
<DataPoint>3</DataPoint>
<DataPoint>3</DataPoint>
<DataPoint>3</DataPoint>
<DataPoint>0</DataPoint>
<DataPoint>1</DataPoint>
<DataPoint>2</DataPoint>
<DataPoint>2</DataPoint>
<DataPoint>5</DataPoint>
<DataPoint>3</DataPoint>
<DataPoint>3</DataPoint>
<DataPoint>2</DataPoint>
<DataPoint>2</DataPoint>
<DataPoint>5</DataPoint>
<DataPoint>1</DataPoint>
<DataPoint>1</DataPoint>
<DataPoint>4</DataPoint>
<DataPoint>1</DataPoint>
<DataPoint>1</DataPoint>
<DataPoint>2</DataPoint>
<DataPoint>0</DataPoint>
<DataPoint>0</DataPoint>
<DataPoint>2</DataPoint>
<DataPoint>1</DataPoint>
<DataPoint>2</DataPoint>
<DataPoint>0</DataPoint>
<DataPoint>1</DataPoint>
<DataPoint>2</DataPoint>
<DataPoint>2</DataPoint>
<DataPoint>3</DataPoint>
<DataPoint>4</DataPoint>
<DataPoint>2</DataPoint>
<DataPoint>1</DataPoint>
<DataPoint>1</DataPoint>
<DataPoint>1</DataPoint>
<DataPoint>1</DataPoint>
<DataPoint>2</DataPoint>
<DataPoint>1</DataPoint>
<DataPoint>4</DataPoint>
<DataPoint>0</DataPoint>
<DataPoint>0</DataPoint>
<DataPoint>1</DataPoint>
<DataPoint>0</DataPoint>
<DataPoint>1</DataPoint>
<DataPoint>2</DataPoint>
<DataPoint>0</DataPoint>
<DataPoint>2</DataPoint>
<DataPoint>2</DataPoint>
<DataPoint>2</DataPoint>
<DataPoint>2</DataPoint>
<DataPoint>0</DataPoint>
<DataPoint>2</DataPoint>
<DataPoint>1</DataPoint>
<DataPoint>0</DataPoint>
<DataPoint>2</DataPoint>
<DataPoint>4</DataPoint>
<DataPoint>2</DataPoint>
<DataPoint>0</DataPoint>
<DataPoint>2</DataPoint>
<DataPoint>4</DataPoint>
<DataPoint>2</DataPoint>
<DataPoint>0</DataPoint>
<DataPoint>2</DataPoint>
<DataPoint>2</DataPoint>
<DataPoint>4</DataPoint>
<DataPoint>1</DataPoint>
<DataPoint>1</DataPoint>
<DataPoint>1</DataPoint>
<DataPoint>2</DataPoint>
<DataPoint>1</DataPoint>
<DataPoint>1</DataPoint>
<DataPoint>1</DataPoint>
<DataPoint>1</DataPoint>
<DataPoint>3</DataPoint>
<DataPoint>2</DataPoint>
<DataPoint>0</DataPoint>
<DataPoint>0</DataPoint>
<DataPoint>1</DataPoint>
<DataPoint>0</DataPoint>
<DataPoint>0</DataPoint>
<DataPoint>1</DataPoint>
<DataPoint>1</DataPoint>
<DataPoint>0</DataPoint>
<DataPoint>1</DataPoint>
<DataPoint>0</DataPoint>
<DataPoint>2</DataPoint>
<DataPoint>0</DataPoint>
<DataPoint>2</DataPoint>
<DataPoint>0</DataPoint>
<DataPoint>2</DataPoint>
<DataPoint>1</DataPoint>
<DataPoint>1</DataPoint>
<DataPoint>1</DataPoint>
<DataPoint>0</DataPoint>
<DataPoint>2</DataPoint>
<DataPoint>1</DataPoint>
<DataPoint>1</DataPoint>
<DataPoint>0</DataPoint>
<DataPoint>0</DataPoint>
<DataPoint>4</DataPoint>
<DataPoint>2</DataPoint>
<DataPoint>0</DataPoint>
<DataPoint>2</DataPoint>
<DataPoint>0</DataPoint>
<DataPoint>1</DataPoint>
<DataPoint>1</DataPoint>
<DataPoint>1</DataPoint>
<DataPoint>1</DataPoint>
<DataPoint>0</DataPoint>
<DataPoint>0</DataPoint>
<DataPoint>0</DataPoint>
<DataPoint>0</DataPoint>
<DataPoint>2</DataPoint>
<DataPoint>2</DataPoint>
<DataPoint>2</DataPoint>
<DataPoint>1</DataPoint>
<DataPoint>2</DataPoint>
<DataPoint>0</DataPoint>
<DataPoint>0</DataPoint>
<DataPoint>1</DataPoint>
<DataPoint>0</DataPoint>
<DataPoint>0</DataPoint>
<DataPoint>0</DataPoint>
<DataPoint>0</DataPoint>
<DataPoint>1</DataPoint>
<DataPoint>3</DataPoint>
<DataPoint>2</DataPoint>
<DataPoint>1</DataPoint>
<DataPoint>1</DataPoint>
<DataPoint>0</DataPoint>
<DataPoint>1</DataPoint>
<DataPoint>2</DataPoint>
<DataPoint>0</DataPoint>
<DataPoint>1</DataPoint>
<DataPoint>0</DataPoint>
<DataPoint>1</DataPoint>
<DataPoint>0</DataPoint>
<DataPoint>3</DataPoint>
<DataPoint>0</DataPoint>
<DataPoint>2</DataPoint>
<DataPoint>1</DataPoint>
<DataPoint>0</DataPoint>
<DataPoint>0</DataPoint>
<DataPoint>1</DataPoint>
<DataPoint>1</DataPoint>
<DataPoint>0</DataPoint>
<DataPoint>0</DataPoint>
<DataPoint>1</DataPoint>
<DataPoint>2</DataPoint>
<DataPoint>1</DataPoint>
<DataPoint>0</DataPoint>
<DataPoint>0</DataPoint>
<DataPoint>0</DataPoint>
<DataPoint>1</DataPoint>
<DataPoint>0</DataPoint>
<DataPoint>0</DataPoint>
<DataPoint>1</DataPoint>
<DataPoint>0</DataPoint>
<DataPoint>0</DataPoint>
<DataPoint>3</DataPoint>
<DataPoint>1</DataPoint>
<DataPoint>0</DataPoint>
<DataPoint>0</DataPoint>
<DataPoint>0</DataPoint>
<DataPoint>0</DataPoint>
<DataPoint>1</DataPoint>
<DataPoint>1</DataPoint>
<DataPoint>0</DataPoint>
<DataPoint>0</DataPoint>
<DataPoint>1</DataPoint>
<DataPoint>0</DataPoint>
<DataPoint>0</DataPoint>
<DataPoint>1</DataPoint>
<DataPoint>0</DataPoint>
<DataPoint>1</DataPoint>
<DataPoint>0</DataPoint>
<DataPoint>1</DataPoint>
<DataPoint>0</DataPoint>
<DataPoint>0</DataPoint>
<DataPoint>0</DataPoint>
<DataPoint>0</DataPoint>
<DataPoint>1</DataPoint>
<DataPoint>0</DataPoint>
<DataPoint>3</DataPoint>
<DataPoint>1</DataPoint>
<DataPoint>0</DataPoint>
<DataPoint>1</DataPoint>
<DataPoint>1</DataPoint>
<DataPoint>1</DataPoint>
<DataPoint>0</DataPoint>
<DataPoint>0</DataPoint>
<DataPoint>0</DataPoint>
<DataPoint>0</DataPoint>
<DataPoint>0</DataPoint>
<DataPoint>0</DataPoint>
<DataPoint>1</DataPoint>
<DataPoint>0</DataPoint>
<DataPoint>0</DataPoint>
<DataPoint>0</DataPoint>
<DataPoint>0</DataPoint>
<DataPoint>1</DataPoint>
<DataPoint>0</DataPoint>
<DataPoint>1</DataPoint>
<DataPoint>1</DataPoint>
<DataPoint>1</DataPoint>
<DataPoint>0</DataPoint>
<DataPoint>1</DataPoint>
<DataPoint>0</DataPoint>
<DataPoint>0</DataPoint>
<DataPoint>0</DataPoint>
<DataPoint>1</DataPoint>
<DataPoint>0</DataPoint>
<DataPoint>0</DataPoint>
<DataPoint>0</DataPoint>
<DataPoint>0</DataPoint>
<DataPoint>1</DataPoint>
<DataPoint>1</DataPoint>
<DataPoint>0</DataPoint>
<DataPoint>0</DataPoint>
<DataPoint>0</DataPoint>
<DataPoint>0</DataPoint>
<DataPoint>0</DataPoint>
<DataPoint>0</DataPoint>
<DataPoint>0</DataPoint>
<DataPoint>0</DataPoint>
<DataPoint>0</DataPoint>
<DataPoint>0</DataPoint>
<DataPoint>0</DataPoint>
<DataPoint>0</DataPoint>
<DataPoint>0</DataPoint>
<DataPoint>0</DataPoint>
<DataPoint>0</DataPoint>
<DataPoint>0</DataPoint>
<DataPoint>1</DataPoint>
<DataPoint>0</DataPoint>
<DataPoint>2</DataPoint>
<DataPoint>0</DataPoint>
<DataPoint>0</DataPoint>
<DataPoint>0</DataPoint>
<DataPoint>0</DataPoint>
<DataPoint>0</DataPoint>
<DataPoint>0</DataPoint>
<DataPoint>0</DataPoint>
<DataPoint>0</DataPoint>
<DataPoint>0</DataPoint>
<DataPoint>0</DataPoint>
<DataPoint>0</DataPoint>
<DataPoint>0</DataPoint>
<DataPoint>0</DataPoint>
<DataPoint>0</DataPoint>
<DataPoint>0</DataPoint>
<DataPoint>0</DataPoint>
<DataPoint>1</DataPoint>
<DataPoint>0</DataPoint>
<DataPoint>0</DataPoint>
<DataPoint>0</DataPoint>
<DataPoint>0</DataPoint>
<DataPoint>0</DataPoint>
<DataPoint>1</DataPoint>
<DataPoint>1</DataPoint>
<DataPoint>0</DataPoint>
<DataPoint>2</DataPoint>
<DataPoint>1</DataPoint>
<DataPoint>0</DataPoint>
<DataPoint>1</DataPoint>
<DataPoint>0</DataPoint>
<DataPoint>0</DataPoint>
<DataPoint>0</DataPoint>
<DataPoint>0</DataPoint>
<DataPoint>0</DataPoint>
<DataPoint>0</DataPoint>
<DataPoint>0</DataPoint>
<DataPoint>0</DataPoint>
<DataPoint>0</DataPoint>
<DataPoint>0</DataPoint>
<DataPoint>0</DataPoint>
<DataPoint>0</DataPoint>
<DataPoint>0</DataPoint>
<DataPoint>0</DataPoint>
<DataPoint>0</DataPoint>
<DataPoint>0</DataPoint>
<DataPoint>0</DataPoint>
<DataPoint>0</DataPoint>
<DataPoint>0</DataPoint>
<DataPoint>0</DataPoint>
<DataPoint>0</DataPoint>
<DataPoint>0</DataPoint>
<DataPoint>0</DataPoint>
<DataPoint>0</DataPoint>
<DataPoint>0</DataPoint>
<DataPoint>0</DataPoint>
<DataPoint>0</DataPoint>
<DataPoint>1</DataPoint>
<DataPoint>1</DataPoint>
<DataPoint>0</DataPoint>
<DataPoint>0</DataPoint>
<DataPoint>0</DataPoint>
<DataPoint>0</DataPoint>
<DataPoint>1</DataPoint>
<DataPoint>0</DataPoint>
<DataPoint>0</DataPoint>
<DataPoint>0</DataPoint>
<DataPoint>1</DataPoint>
<DataPoint>1</DataPoint>
<DataPoint>0</DataPoint>
<DataPoint>1</DataPoint>
<DataPoint>0</DataPoint>
<DataPoint>0</DataPoint>
<DataPoint>0</DataPoint>
<DataPoint>0</DataPoint>
<DataPoint>1</DataPoint>
<DataPoint>0</DataPoint>
<DataPoint>0</DataPoint>
<DataPoint>1</DataPoint>
<DataPoint>0</DataPoint>
<DataPoint>0</DataPoint>
<DataPoint>0</DataPoint>
<DataPoint>1</DataPoint>
<DataPoint>0</DataPoint>
<DataPoint>0</DataPoint>
<DataPoint>1</DataPoint>
<DataPoint>1</DataPoint>
<DataPoint>1</DataPoint>
<DataPoint>0</DataPoint>
<DataPoint>0</DataPoint>
<DataPoint>0</DataPoint>
<DataPoint>0</DataPoint>
<DataPoint>0</DataPoint>
<DataPoint>0</DataPoint>
<DataPoint>1</DataPoint>
<DataPoint>0</DataPoint>
<DataPoint>0</DataPoint>
<DataPoint>0</DataPoint>
<DataPoint>0</DataPoint>
<DataPoint>0</DataPoint>
<DataPoint>0</DataPoint>
<DataPoint>1</DataPoint>
<DataPoint>0</DataPoint>
<DataPoint>0</DataPoint>
<DataPoint>0</DataPoint>
<DataPoint>0</DataPoint>
<DataPoint>0</DataPoint>
<DataPoint>2</DataPoint>
<DataPoint>1</DataPoint>
<DataPoint>0</DataPoint>
<DataPoint>0</DataPoint>
<DataPoint>1</DataPoint>
<DataPoint>0</DataPoint>
<DataPoint>0</DataPoint>
<DataPoint>0</DataPoint>
<DataPoint>0</DataPoint>
<DataPoint>1</DataPoint>
<DataPoint>1</DataPoint>
<DataPoint>0</DataPoint>
<DataPoint>0</DataPoint>
<DataPoint>0</DataPoint>
<DataPoint>0</DataPoint>
<DataPoint>0</DataPoint>
<DataPoint>0</DataPoint>
<DataPoint>0</DataPoint>
<DataPoint>1</DataPoint>
<DataPoint>1</DataPoint>
<DataPoint>1</DataPoint>
<DataPoint>0</DataPoint>
<DataPoint>0</DataPoint>
<DataPoint>1</DataPoint>
<DataPoint>0</DataPoint>
<DataPoint>0</DataPoint>
<DataPoint>0</DataPoint>
<DataPoint>0</DataPoint>
<DataPoint>0</DataPoint>
<DataPoint>0</DataPoint>
<DataPoint>1</DataPoint>
<DataPoint>1</DataPoint>
<DataPoint>1</DataPoint>
<DataPoint>0</DataPoint>
<DataPoint>0</DataPoint>
<DataPoint>0</DataPoint>
<DataPoint>0</DataPoint>
<DataPoint>0</DataPoint>
<DataPoint>0</DataPoint>
<DataPoint>0</DataPoint>
<DataPoint>0</DataPoint>
<DataPoint>0</DataPoint>
<DataPoint>0</DataPoint>
<DataPoint>0</DataPoint>
<DataPoint>0</DataPoint>
<DataPoint>1</DataPoint>
<DataPoint>0</DataPoint>
<DataPoint>0</DataPoint>
<DataPoint>0</DataPoint>
<DataPoint>1</DataPoint>
<DataPoint>0</DataPoint>
<DataPoint>0</DataPoint>
<DataPoint>0</DataPoint>
<DataPoint>0</DataPoint>
<DataPoint>0</DataPoint>
<DataPoint>0</DataPoint>
<DataPoint>0</DataPoint>
<DataPoint>0</DataPoint>
<DataPoint>0</DataPoint>
<DataPoint>0</DataPoint>
<DataPoint>0</DataPoint>
<DataPoint>0</DataPoint>
<DataPoint>0</DataPoint>
<DataPoint>0</DataPoint>
<DataPoint>0</DataPoint>
<DataPoint>1</DataPoint>
<DataPoint>0</DataPoint>
<DataPoint>0</DataPoint>
<DataPoint>0</DataPoint>
<DataPoint>0</DataPoint>
<DataPoint>0</DataPoint>
<DataPoint>0</DataPoint>
<DataPoint>1</DataPoint>
<DataPoint>0</DataPoint>
<DataPoint>0</DataPoint>
<DataPoint>0</DataPoint>
<DataPoint>0</DataPoint>
<DataPoint>0</DataPoint>
<DataPoint>0</DataPoint>
<DataPoint>0</DataPoint>
<DataPoint>0</DataPoint>
<DataPoint>0</DataPoint>
<DataPoint>0</DataPoint>
<DataPoint>0</DataPoint>
<DataPoint>0</DataPoint>
<DataPoint>0</DataPoint>
<DataPoint>0</DataPoint>
<DataPoint>0</DataPoint>
<DataPoint>0</DataPoint>
<DataPoint>0</DataPoint>
<DataPoint>0</DataPoint>
<DataPoint>0</DataPoint>
<DataPoint>0</DataPoint>
<DataPoint>0</DataPoint>
<DataPoint>0</DataPoint>
<DataPoint>0</DataPoint>
<DataPoint>0</DataPoint>
<DataPoint>0</DataPoint>
<DataPoint>0</DataPoint>
<DataPoint>0</DataPoint>
<DataPoint>0</DataPoint>
<DataPoint>0</DataPoint>
<DataPoint>0</DataPoint>
<DataPoint>1</DataPoint>
<DataPoint>0</DataPoint>
<DataPoint>0</DataPoint>
<DataPoint>0</DataPoint>
<DataPoint>0</DataPoint>
<DataPoint>0</DataPoint>
<DataPoint>0</DataPoint>
<DataPoint>0</DataPoint>
<DataPoint>0</DataPoint>
<DataPoint>0</DataPoint>
<DataPoint>0</DataPoint>
<DataPoint>1</DataPoint>
<DataPoint>0</DataPoint>
<DataPoint>0</DataPoint>
<DataPoint>0</DataPoint>
<DataPoint>0</DataPoint>
<DataPoint>0</DataPoint>
<DataPoint>0</DataPoint>
<DataPoint>0</DataPoint>
<DataPoint>0</DataPoint>
<DataPoint>0</DataPoint>
<DataPoint>0</DataPoint>
<DataPoint>0</DataPoint>
<DataPoint>0</DataPoint>
<DataPoint>0</DataPoint>
<DataPoint>0</DataPoint>
<DataPoint>0</DataPoint>
<DataPoint>0</DataPoint>
<DataPoint>0</DataPoint>
<DataPoint>0</DataPoint>
<DataPoint>0</DataPoint>
<DataPoint>0</DataPoint>
<DataPoint>0</DataPoint>
<DataPoint>0</DataPoint>
<DataPoint>0</DataPoint>
<DataPoint>0</DataPoint>
<DataPoint>0</DataPoint>
<DataPoint>0</DataPoint>
<DataPoint>0</DataPoint>
<DataPoint>0</DataPoint>
<DataPoint>0</DataPoint>
<DataPoint>0</DataPoint>
<DataPoint>0</DataPoint>
<DataPoint>0</DataPoint>
<DataPoint>0</DataPoint>
<DataPoint>0</DataPoint>
<DataPoint>0</DataPoint>
<DataPoint>0</DataPoint>
<DataPoint>0</DataPoint>
<DataPoint>0</DataPoint>
<DataPoint>0</DataPoint>
<DataPoint>0</DataPoint>
<DataPoint>0</DataPoint>
<DataPoint>0</DataPoint>
<DataPoint>0</DataPoint>
<DataPoint>0</DataPoint>
<DataPoint>0</DataPoint>
<DataPoint>0</DataPoint>
<DataPoint>0</DataPoint>
<DataPoint>0</DataPoint>
<DataPoint>0</DataPoint>
<DataPoint>0</DataPoint>
<DataPoint>0</DataPoint>
<DataPoint>0</DataPoint>
<DataPoint>0</DataPoint>
<DataPoint>0</DataPoint>
<DataPoint>0</DataPoint>
<DataPoint>0</DataPoint>
<DataPoint>0</DataPoint>
<DataPoint>0</DataPoint>
<DataPoint>0</DataPoint>
<DataPoint>1</DataPoint>
<DataPoint>0</DataPoint>
<DataPoint>0</DataPoint>
<DataPoint>0</DataPoint>
<DataPoint>0</DataPoint>
<DataPoint>0</DataPoint>
<DataPoint>0</DataPoint>
<DataPoint>0</DataPoint>
<DataPoint>0</DataPoint>
<DataPoint>0</DataPoint>
<DataPoint>0</DataPoint>
<DataPoint>0</DataPoint>
<DataPoint>0</DataPoint>
<DataPoint>0</DataPoint>
<DataPoint>0</DataPoint>
<DataPoint>0</DataPoint>
<DataPoint>1</DataPoint>
<DataPoint>0</DataPoint>
<DataPoint>0</DataPoint>
<DataPoint>0</DataPoint>
<DataPoint>0</DataPoint>
<DataPoint>0</DataPoint>
<DataPoint>1</DataPoint>
<DataPoint>0</DataPoint>
<DataPoint>0</DataPoint>
<DataPoint>0</DataPoint>
<DataPoint>0</DataPoint>
<DataPoint>2</DataPoint>
<DataPoint>0</DataPoint>
<DataPoint>0</DataPoint>
<DataPoint>0</DataPoint>
<DataPoint>0</DataPoint>
<DataPoint>0</DataPoint>
<DataPoint>0</DataPoint>
<DataPoint>0</DataPoint>
<DataPoint>0</DataPoint>
<DataPoint>0</DataPoint>
<DataPoint>1</DataPoint>
<DataPoint>0</DataPoint>
<DataPoint>0</DataPoint>
<DataPoint>0</DataPoint>
<DataPoint>0</DataPoint>
<DataPoint>0</DataPoint>
<DataPoint>0</DataPoint>
<DataPoint>0</DataPoint>
<DataPoint>0</DataPoint>
<DataPoint>0</DataPoint>
<DataPoint>1</DataPoint>
<DataPoint>0</DataPoint>
<DataPoint>0</DataPoint>
<DataPoint>0</DataPoint>
<DataPoint>0</DataPoint>
<DataPoint>0</DataPoint>
<DataPoint>0</DataPoint>
<DataPoint>0</DataPoint>
<DataPoint>0</DataPoint>
<DataPoint>0</DataPoint>
<DataPoint>0</DataPoint>
<DataPoint>0</DataPoint>
<DataPoint>0</DataPoint>
<DataPoint>0</DataPoint>
<DataPoint>0</DataPoint>
<DataPoint>0</DataPoint>
<DataPoint>0</DataPoint>
<DataPoint>0</DataPoint>
<DataPoint>0</DataPoint>
<DataPoint>0</DataPoint>
<DataPoint>0</DataPoint>
<DataPoint>0</DataPoint>
<DataPoint>0</DataPoint>
<DataPoint>0</DataPoint>
<DataPoint>0</DataPoint>
<DataPoint>0</DataPoint>
<DataPoint>0</DataPoint>
<DataPoint>0</DataPoint>
<DataPoint>0</DataPoint>
<DataPoint>0</DataPoint>
<DataPoint>0</DataPoint>
<DataPoint>0</DataPoint>
<DataPoint>0</DataPoint>
<DataPoint>0</DataPoint>
<DataPoint>0</DataPoint>
<DataPoint>0</DataPoint>
<DataPoint>0</DataPoint>
<DataPoint>0</DataPoint>
<DataPoint>0</DataPoint>
<DataPoint>0</DataPoint>
<DataPoint>0</DataPoint>
<DataPoint>0</DataPoint>
<DataPoint>0</DataPoint>
<DataPoint>0</DataPoint>
<DataPoint>0</DataPoint>
<DataPoint>0</DataPoint>
<DataPoint>0</DataPoint>
<DataPoint>0</DataPoint>
<DataPoint>0</DataPoint>
<DataPoint>0</DataPoint>
<DataPoint>0</DataPoint>
<DataPoint>0</DataPoint>
<DataPoint>0</DataPoint>
<DataPoint>1</DataPoint>
<DataPoint>1</DataPoint>
<DataPoint>0</DataPoint>
<DataPoint>0</DataPoint>
<DataPoint>0</DataPoint>
<DataPoint>0</DataPoint>
<DataPoint>0</DataPoint>
<DataPoint>0</DataPoint>
<DataPoint>0</DataPoint>
<DataPoint>0</DataPoint>
<DataPoint>0</DataPoint>
<DataPoint>1</DataPoint>
<DataPoint>0</DataPoint>
<DataPoint>0</DataPoint>
<DataPoint>1</DataPoint>
<DataPoint>0</DataPoint>
<DataPoint>0</DataPoint>
<DataPoint>0</DataPoint>
<DataPoint>0</DataPoint>
<DataPoint>0</DataPoint>
<DataPoint>0</DataPoint>
<DataPoint>0</DataPoint>
<DataPoint>0</DataPoint>
<DataPoint>0</DataPoint>
<DataPoint>0</DataPoint>
<DataPoint>0</DataPoint>
<DataPoint>0</DataPoint>
<DataPoint>0</DataPoint>
<DataPoint>0</DataPoint>
<DataPoint>0</DataPoint>
<DataPoint>1</DataPoint>
<DataPoint>0</DataPoint>
<DataPoint>0</DataPoint>
<DataPoint>17</DataPoint>

  </Spectrum>
 </EnergySpectrum>


       <StartTime>2024-04-11T21:47:31</StartTime>
 <EndTime>2024-04-16T23:07:54</EndTime>

 <BackgroundEnergySpectrum>
  <NumberOfChannels>1024</NumberOfChannels>
  <ChannelPitch>1</ChannelPitch>
  <SpectrumName><![CDATA[Background-W-2]]></SpectrumName>
  <Comment>@Comment</Comment>
  <SerialNumber>RC-101-001920</SerialNumber>
  <EnergyCalibration>
    <PolynomialOrder>2</PolynomialOrder>
    <Coefficients>
      <Coefficient>4.6426802</Coefficient>
      <Coefficient>2.29144</Coefficient>
      <Coefficient>0.00097</Coefficient>
    </Coefficients>
  </EnergyCalibration>
  <MeasurementTime>436823</MeasurementTime>
  <Spectrum>
    <DataPoint>0</DataPoint>
<DataPoint>0</DataPoint>
<DataPoint>0</DataPoint>
<DataPoint>0</DataPoint>
<DataPoint>0</DataPoint>
<DataPoint>0</DataPoint>
<DataPoint>0</DataPoint>
<DataPoint>0</DataPoint>
<DataPoint>0</DataPoint>
<DataPoint>0</DataPoint>
<DataPoint>0</DataPoint>
<DataPoint>11</DataPoint>
<DataPoint>261</DataPoint>
<DataPoint>1512</DataPoint>
<DataPoint>4180</DataPoint>
<DataPoint>7147</DataPoint>
<DataPoint>9818</DataPoint>
<DataPoint>12044</DataPoint>
<DataPoint>14426</DataPoint>
<DataPoint>16729</DataPoint>
<DataPoint>19388</DataPoint>
<DataPoint>22087</DataPoint>
<DataPoint>24794</DataPoint>
<DataPoint>27573</DataPoint>
<DataPoint>31679</DataPoint>
<DataPoint>34911</DataPoint>
<DataPoint>39349</DataPoint>
<DataPoint>42594</DataPoint>
<DataPoint>46439</DataPoint>
<DataPoint>50670</DataPoint>
<DataPoint>53754</DataPoint>
<DataPoint>58356</DataPoint>
<DataPoint>63724</DataPoint>
<DataPoint>62586</DataPoint>
<DataPoint>65307</DataPoint>
<DataPoint>65427</DataPoint>
<DataPoint>67961</DataPoint>
<DataPoint>68448</DataPoint>
<DataPoint>68528</DataPoint>
<DataPoint>66824</DataPoint>
<DataPoint>67804</DataPoint>
<DataPoint>66539</DataPoint>
<DataPoint>65959</DataPoint>
<DataPoint>63916</DataPoint>
<DataPoint>62101</DataPoint>
<DataPoint>61431</DataPoint>
<DataPoint>59526</DataPoint>
<DataPoint>59238</DataPoint>
<DataPoint>57703</DataPoint>
<DataPoint>54928</DataPoint>
<DataPoint>53811</DataPoint>
<DataPoint>52008</DataPoint>
<DataPoint>50488</DataPoint>
<DataPoint>49532</DataPoint>
<DataPoint>47067</DataPoint>
<DataPoint>45828</DataPoint>
<DataPoint>44077</DataPoint>
<DataPoint>43374</DataPoint>
<DataPoint>41844</DataPoint>
<DataPoint>40357</DataPoint>
<DataPoint>38910</DataPoint>
<DataPoint>38100</DataPoint>
<DataPoint>36370</DataPoint>
<DataPoint>34586</DataPoint>
<DataPoint>35413</DataPoint>
<DataPoint>32604</DataPoint>
<DataPoint>31507</DataPoint>
<DataPoint>29847</DataPoint>
<DataPoint>28981</DataPoint>
<DataPoint>28129</DataPoint>
<DataPoint>26907</DataPoint>
<DataPoint>25632</DataPoint>
<DataPoint>25187</DataPoint>
<DataPoint>24029</DataPoint>
<DataPoint>23200</DataPoint>
<DataPoint>22316</DataPoint>
<DataPoint>21311</DataPoint>
<DataPoint>21157</DataPoint>
<DataPoint>20144</DataPoint>
<DataPoint>20935</DataPoint>
<DataPoint>19946</DataPoint>
<DataPoint>18148</DataPoint>
<DataPoint>17480</DataPoint>
<DataPoint>16622</DataPoint>
<DataPoint>16115</DataPoint>
<DataPoint>15896</DataPoint>
<DataPoint>15203</DataPoint>
<DataPoint>14724</DataPoint>
<DataPoint>14506</DataPoint>
<DataPoint>13790</DataPoint>
<DataPoint>13444</DataPoint>
<DataPoint>13135</DataPoint>
<DataPoint>12584</DataPoint>
<DataPoint>12341</DataPoint>
<DataPoint>11871</DataPoint>
<DataPoint>12241</DataPoint>
<DataPoint>11499</DataPoint>
<DataPoint>10637</DataPoint>
<DataPoint>10516</DataPoint>
<DataPoint>9851</DataPoint>
<DataPoint>9781</DataPoint>
<DataPoint>9294</DataPoint>
<DataPoint>9111</DataPoint>
<DataPoint>8704</DataPoint>
<DataPoint>8147</DataPoint>
<DataPoint>8010</DataPoint>
<DataPoint>7798</DataPoint>
<DataPoint>7702</DataPoint>
<DataPoint>7152</DataPoint>
<DataPoint>7066</DataPoint>
<DataPoint>6888</DataPoint>
<DataPoint>6864</DataPoint>
<DataPoint>6312</DataPoint>
<DataPoint>6012</DataPoint>
<DataPoint>5952</DataPoint>
<DataPoint>5714</DataPoint>
<DataPoint>5527</DataPoint>
<DataPoint>5341</DataPoint>
<DataPoint>5163</DataPoint>
<DataPoint>4911</DataPoint>
<DataPoint>4734</DataPoint>
<DataPoint>4797</DataPoint>
<DataPoint>4660</DataPoint>
<DataPoint>4656</DataPoint>
<DataPoint>4341</DataPoint>
<DataPoint>4348</DataPoint>
<DataPoint>4162</DataPoint>
<DataPoint>4102</DataPoint>
<DataPoint>4219</DataPoint>
<DataPoint>3885</DataPoint>
<DataPoint>3767</DataPoint>
<DataPoint>3666</DataPoint>
<DataPoint>3593</DataPoint>
<DataPoint>3574</DataPoint>
<DataPoint>3389</DataPoint>
<DataPoint>3251</DataPoint>
<DataPoint>3417</DataPoint>
<DataPoint>3281</DataPoint>
<DataPoint>3087</DataPoint>
<DataPoint>3097</DataPoint>
<DataPoint>2941</DataPoint>
<DataPoint>2962</DataPoint>
<DataPoint>2836</DataPoint>
<DataPoint>3021</DataPoint>
<DataPoint>2822</DataPoint>
<DataPoint>2623</DataPoint>
<DataPoint>2603</DataPoint>
<DataPoint>2405</DataPoint>
<DataPoint>2370</DataPoint>
<DataPoint>2293</DataPoint>
<DataPoint>2307</DataPoint>
<DataPoint>2229</DataPoint>
<DataPoint>2141</DataPoint>
<DataPoint>2078</DataPoint>
<DataPoint>2114</DataPoint>
<DataPoint>1964</DataPoint>
<DataPoint>1936</DataPoint>
<DataPoint>1837</DataPoint>
<DataPoint>1891</DataPoint>
<DataPoint>1973</DataPoint>
<DataPoint>1906</DataPoint>
<DataPoint>1768</DataPoint>
<DataPoint>1660</DataPoint>
<DataPoint>1681</DataPoint>
<DataPoint>1685</DataPoint>
<DataPoint>1621</DataPoint>
<DataPoint>1535</DataPoint>
<DataPoint>1551</DataPoint>
<DataPoint>1542</DataPoint>
<DataPoint>1482</DataPoint>
<DataPoint>1456</DataPoint>
<DataPoint>1531</DataPoint>
<DataPoint>1441</DataPoint>
<DataPoint>1393</DataPoint>
<DataPoint>1329</DataPoint>
<DataPoint>1456</DataPoint>
<DataPoint>1374</DataPoint>
<DataPoint>1343</DataPoint>
<DataPoint>1335</DataPoint>
<DataPoint>1230</DataPoint>
<DataPoint>1239</DataPoint>
<DataPoint>1359</DataPoint>
<DataPoint>1232</DataPoint>
<DataPoint>1156</DataPoint>
<DataPoint>1196</DataPoint>
<DataPoint>1175</DataPoint>
<DataPoint>1188</DataPoint>
<DataPoint>1178</DataPoint>
<DataPoint>1179</DataPoint>
<DataPoint>1156</DataPoint>
<DataPoint>1160</DataPoint>
<DataPoint>1238</DataPoint>
<DataPoint>1119</DataPoint>
<DataPoint>1071</DataPoint>
<DataPoint>1106</DataPoint>
<DataPoint>1040</DataPoint>
<DataPoint>1095</DataPoint>
<DataPoint>1027</DataPoint>
<DataPoint>1048</DataPoint>
<DataPoint>980</DataPoint>
<DataPoint>998</DataPoint>
<DataPoint>1017</DataPoint>
<DataPoint>1029</DataPoint>
<DataPoint>934</DataPoint>
<DataPoint>950</DataPoint>
<DataPoint>926</DataPoint>
<DataPoint>952</DataPoint>
<DataPoint>948</DataPoint>
<DataPoint>972</DataPoint>
<DataPoint>923</DataPoint>
<DataPoint>937</DataPoint>
<DataPoint>881</DataPoint>
<DataPoint>901</DataPoint>
<DataPoint>900</DataPoint>
<DataPoint>898</DataPoint>
<DataPoint>939</DataPoint>
<DataPoint>903</DataPoint>
<DataPoint>843</DataPoint>
<DataPoint>801</DataPoint>
<DataPoint>854</DataPoint>
<DataPoint>842</DataPoint>
<DataPoint>886</DataPoint>
<DataPoint>851</DataPoint>
<DataPoint>932</DataPoint>
<DataPoint>922</DataPoint>
<DataPoint>887</DataPoint>
<DataPoint>805</DataPoint>
<DataPoint>855</DataPoint>
<DataPoint>846</DataPoint>
<DataPoint>875</DataPoint>
<DataPoint>850</DataPoint>
<DataPoint>810</DataPoint>
<DataPoint>763</DataPoint>
<DataPoint>778</DataPoint>
<DataPoint>737</DataPoint>
<DataPoint>771</DataPoint>
<DataPoint>760</DataPoint>
<DataPoint>674</DataPoint>
<DataPoint>769</DataPoint>
<DataPoint>767</DataPoint>
<DataPoint>723</DataPoint>
<DataPoint>709</DataPoint>
<DataPoint>680</DataPoint>
<DataPoint>630</DataPoint>
<DataPoint>579</DataPoint>
<DataPoint>646</DataPoint>
<DataPoint>594</DataPoint>
<DataPoint>567</DataPoint>
<DataPoint>653</DataPoint>
<DataPoint>661</DataPoint>
<DataPoint>606</DataPoint>
<DataPoint>581</DataPoint>
<DataPoint>569</DataPoint>
<DataPoint>579</DataPoint>
<DataPoint>574</DataPoint>
<DataPoint>562</DataPoint>
<DataPoint>571</DataPoint>
<DataPoint>567</DataPoint>
<DataPoint>561</DataPoint>
<DataPoint>506</DataPoint>
<DataPoint>517</DataPoint>
<DataPoint>520</DataPoint>
<DataPoint>515</DataPoint>
<DataPoint>502</DataPoint>
<DataPoint>530</DataPoint>
<DataPoint>535</DataPoint>
<DataPoint>468</DataPoint>
<DataPoint>527</DataPoint>
<DataPoint>484</DataPoint>
<DataPoint>545</DataPoint>
<DataPoint>550</DataPoint>
<DataPoint>473</DataPoint>
<DataPoint>510</DataPoint>
<DataPoint>521</DataPoint>
<DataPoint>514</DataPoint>
<DataPoint>459</DataPoint>
<DataPoint>465</DataPoint>
<DataPoint>424</DataPoint>
<DataPoint>457</DataPoint>
<DataPoint>466</DataPoint>
<DataPoint>454</DataPoint>
<DataPoint>468</DataPoint>
<DataPoint>459</DataPoint>
<DataPoint>480</DataPoint>
<DataPoint>420</DataPoint>
<DataPoint>423</DataPoint>
<DataPoint>422</DataPoint>
<DataPoint>399</DataPoint>
<DataPoint>449</DataPoint>
<DataPoint>427</DataPoint>
<DataPoint>455</DataPoint>
<DataPoint>407</DataPoint>
<DataPoint>398</DataPoint>
<DataPoint>434</DataPoint>
<DataPoint>378</DataPoint>
<DataPoint>418</DataPoint>
<DataPoint>407</DataPoint>
<DataPoint>421</DataPoint>
<DataPoint>416</DataPoint>
<DataPoint>413</DataPoint>
<DataPoint>402</DataPoint>
<DataPoint>386</DataPoint>
<DataPoint>377</DataPoint>
<DataPoint>396</DataPoint>
<DataPoint>414</DataPoint>
<DataPoint>358</DataPoint>
<DataPoint>365</DataPoint>
<DataPoint>335</DataPoint>
<DataPoint>351</DataPoint>
<DataPoint>365</DataPoint>
<DataPoint>361</DataPoint>
<DataPoint>348</DataPoint>
<DataPoint>348</DataPoint>
<DataPoint>357</DataPoint>
<DataPoint>345</DataPoint>
<DataPoint>337</DataPoint>
<DataPoint>357</DataPoint>
<DataPoint>342</DataPoint>
<DataPoint>310</DataPoint>
<DataPoint>379</DataPoint>
<DataPoint>362</DataPoint>
<DataPoint>336</DataPoint>
<DataPoint>315</DataPoint>
<DataPoint>323</DataPoint>
<DataPoint>373</DataPoint>
<DataPoint>364</DataPoint>
<DataPoint>328</DataPoint>
<DataPoint>336</DataPoint>
<DataPoint>334</DataPoint>
<DataPoint>326</DataPoint>
<DataPoint>373</DataPoint>
<DataPoint>375</DataPoint>
<DataPoint>341</DataPoint>
<DataPoint>361</DataPoint>
<DataPoint>331</DataPoint>
<DataPoint>338</DataPoint>
<DataPoint>330</DataPoint>
<DataPoint>350</DataPoint>
<DataPoint>339</DataPoint>
<DataPoint>310</DataPoint>
<DataPoint>324</DataPoint>
<DataPoint>371</DataPoint>
<DataPoint>343</DataPoint>
<DataPoint>320</DataPoint>
<DataPoint>336</DataPoint>
<DataPoint>323</DataPoint>
<DataPoint>338</DataPoint>
<DataPoint>320</DataPoint>
<DataPoint>308</DataPoint>
<DataPoint>291</DataPoint>
<DataPoint>314</DataPoint>
<DataPoint>315</DataPoint>
<DataPoint>296</DataPoint>
<DataPoint>320</DataPoint>
<DataPoint>305</DataPoint>
<DataPoint>295</DataPoint>
<DataPoint>285</DataPoint>
<DataPoint>306</DataPoint>
<DataPoint>292</DataPoint>
<DataPoint>309</DataPoint>
<DataPoint>281</DataPoint>
<DataPoint>318</DataPoint>
<DataPoint>263</DataPoint>
<DataPoint>310</DataPoint>
<DataPoint>307</DataPoint>
<DataPoint>269</DataPoint>
<DataPoint>292</DataPoint>
<DataPoint>287</DataPoint>
<DataPoint>320</DataPoint>
<DataPoint>274</DataPoint>
<DataPoint>259</DataPoint>
<DataPoint>263</DataPoint>
<DataPoint>267</DataPoint>
<DataPoint>233</DataPoint>
<DataPoint>269</DataPoint>
<DataPoint>260</DataPoint>
<DataPoint>285</DataPoint>
<DataPoint>267</DataPoint>
<DataPoint>268</DataPoint>
<DataPoint>267</DataPoint>
<DataPoint>238</DataPoint>
<DataPoint>251</DataPoint>
<DataPoint>269</DataPoint>
<DataPoint>268</DataPoint>
<DataPoint>247</DataPoint>
<DataPoint>263</DataPoint>
<DataPoint>250</DataPoint>
<DataPoint>216</DataPoint>
<DataPoint>256</DataPoint>
<DataPoint>286</DataPoint>
<DataPoint>260</DataPoint>
<DataPoint>221</DataPoint>
<DataPoint>216</DataPoint>
<DataPoint>242</DataPoint>
<DataPoint>222</DataPoint>
<DataPoint>234</DataPoint>
<DataPoint>240</DataPoint>
<DataPoint>256</DataPoint>
<DataPoint>216</DataPoint>
<DataPoint>268</DataPoint>
<DataPoint>258</DataPoint>
<DataPoint>258</DataPoint>
<DataPoint>239</DataPoint>
<DataPoint>250</DataPoint>
<DataPoint>230</DataPoint>
<DataPoint>225</DataPoint>
<DataPoint>224</DataPoint>
<DataPoint>262</DataPoint>
<DataPoint>252</DataPoint>
<DataPoint>240</DataPoint>
<DataPoint>224</DataPoint>
<DataPoint>258</DataPoint>
<DataPoint>259</DataPoint>
<DataPoint>247</DataPoint>
<DataPoint>241</DataPoint>
<DataPoint>267</DataPoint>
<DataPoint>232</DataPoint>
<DataPoint>231</DataPoint>
<DataPoint>235</DataPoint>
<DataPoint>255</DataPoint>
<DataPoint>220</DataPoint>
<DataPoint>217</DataPoint>
<DataPoint>226</DataPoint>
<DataPoint>230</DataPoint>
<DataPoint>193</DataPoint>
<DataPoint>219</DataPoint>
<DataPoint>209</DataPoint>
<DataPoint>213</DataPoint>
<DataPoint>225</DataPoint>
<DataPoint>212</DataPoint>
<DataPoint>197</DataPoint>
<DataPoint>224</DataPoint>
<DataPoint>220</DataPoint>
<DataPoint>201</DataPoint>
<DataPoint>200</DataPoint>
<DataPoint>178</DataPoint>
<DataPoint>187</DataPoint>
<DataPoint>208</DataPoint>
<DataPoint>197</DataPoint>
<DataPoint>200</DataPoint>
<DataPoint>213</DataPoint>
<DataPoint>205</DataPoint>
<DataPoint>147</DataPoint>
<DataPoint>160</DataPoint>
<DataPoint>178</DataPoint>
<DataPoint>180</DataPoint>
<DataPoint>160</DataPoint>
<DataPoint>189</DataPoint>
<DataPoint>141</DataPoint>
<DataPoint>151</DataPoint>
<DataPoint>167</DataPoint>
<DataPoint>164</DataPoint>
<DataPoint>153</DataPoint>
<DataPoint>152</DataPoint>
<DataPoint>139</DataPoint>
<DataPoint>159</DataPoint>
<DataPoint>149</DataPoint>
<DataPoint>127</DataPoint>
<DataPoint>147</DataPoint>
<DataPoint>144</DataPoint>
<DataPoint>122</DataPoint>
<DataPoint>125</DataPoint>
<DataPoint>122</DataPoint>
<DataPoint>125</DataPoint>
<DataPoint>127</DataPoint>
<DataPoint>132</DataPoint>
<DataPoint>113</DataPoint>
<DataPoint>116</DataPoint>
<DataPoint>98</DataPoint>
<DataPoint>113</DataPoint>
<DataPoint>120</DataPoint>
<DataPoint>88</DataPoint>
<DataPoint>110</DataPoint>
<DataPoint>113</DataPoint>
<DataPoint>113</DataPoint>
<DataPoint>95</DataPoint>
<DataPoint>120</DataPoint>
<DataPoint>136</DataPoint>
<DataPoint>112</DataPoint>
<DataPoint>99</DataPoint>
<DataPoint>117</DataPoint>
<DataPoint>103</DataPoint>
<DataPoint>91</DataPoint>
<DataPoint>107</DataPoint>
<DataPoint>113</DataPoint>
<DataPoint>119</DataPoint>
<DataPoint>106</DataPoint>
<DataPoint>109</DataPoint>
<DataPoint>116</DataPoint>
<DataPoint>131</DataPoint>
<DataPoint>97</DataPoint>
<DataPoint>112</DataPoint>
<DataPoint>103</DataPoint>
<DataPoint>118</DataPoint>
<DataPoint>115</DataPoint>
<DataPoint>118</DataPoint>
<DataPoint>118</DataPoint>
<DataPoint>127</DataPoint>
<DataPoint>136</DataPoint>
<DataPoint>128</DataPoint>
<DataPoint>122</DataPoint>
<DataPoint>136</DataPoint>
<DataPoint>145</DataPoint>
<DataPoint>132</DataPoint>
<DataPoint>112</DataPoint>
<DataPoint>131</DataPoint>
<DataPoint>151</DataPoint>
<DataPoint>131</DataPoint>
<DataPoint>116</DataPoint>
<DataPoint>162</DataPoint>
<DataPoint>154</DataPoint>
<DataPoint>155</DataPoint>
<DataPoint>117</DataPoint>
<DataPoint>140</DataPoint>
<DataPoint>152</DataPoint>
<DataPoint>152</DataPoint>
<DataPoint>147</DataPoint>
<DataPoint>141</DataPoint>
<DataPoint>171</DataPoint>
<DataPoint>151</DataPoint>
<DataPoint>145</DataPoint>
<DataPoint>148</DataPoint>
<DataPoint>136</DataPoint>
<DataPoint>147</DataPoint>
<DataPoint>137</DataPoint>
<DataPoint>111</DataPoint>
<DataPoint>141</DataPoint>
<DataPoint>149</DataPoint>
<DataPoint>122</DataPoint>
<DataPoint>130</DataPoint>
<DataPoint>118</DataPoint>
<DataPoint>129</DataPoint>
<DataPoint>137</DataPoint>
<DataPoint>123</DataPoint>
<DataPoint>115</DataPoint>
<DataPoint>100</DataPoint>
<DataPoint>116</DataPoint>
<DataPoint>105</DataPoint>
<DataPoint>128</DataPoint>
<DataPoint>122</DataPoint>
<DataPoint>93</DataPoint>
<DataPoint>112</DataPoint>
<DataPoint>106</DataPoint>
<DataPoint>111</DataPoint>
<DataPoint>85</DataPoint>
<DataPoint>112</DataPoint>
<DataPoint>95</DataPoint>
<DataPoint>111</DataPoint>
<DataPoint>102</DataPoint>
<DataPoint>84</DataPoint>
<DataPoint>86</DataPoint>
<DataPoint>84</DataPoint>
<DataPoint>92</DataPoint>
<DataPoint>70</DataPoint>
<DataPoint>94</DataPoint>
<DataPoint>70</DataPoint>
<DataPoint>70</DataPoint>
<DataPoint>79</DataPoint>
<DataPoint>63</DataPoint>
<DataPoint>76</DataPoint>
<DataPoint>75</DataPoint>
<DataPoint>73</DataPoint>
<DataPoint>71</DataPoint>
<DataPoint>71</DataPoint>
<DataPoint>65</DataPoint>
<DataPoint>89</DataPoint>
<DataPoint>68</DataPoint>
<DataPoint>66</DataPoint>
<DataPoint>64</DataPoint>
<DataPoint>78</DataPoint>
<DataPoint>55</DataPoint>
<DataPoint>55</DataPoint>
<DataPoint>48</DataPoint>
<DataPoint>54</DataPoint>
<DataPoint>56</DataPoint>
<DataPoint>46</DataPoint>
<DataPoint>49</DataPoint>
<DataPoint>54</DataPoint>
<DataPoint>60</DataPoint>
<DataPoint>50</DataPoint>
<DataPoint>51</DataPoint>
<DataPoint>58</DataPoint>
<DataPoint>48</DataPoint>
<DataPoint>59</DataPoint>
<DataPoint>62</DataPoint>
<DataPoint>43</DataPoint>
<DataPoint>49</DataPoint>
<DataPoint>51</DataPoint>
<DataPoint>49</DataPoint>
<DataPoint>50</DataPoint>
<DataPoint>45</DataPoint>
<DataPoint>50</DataPoint>
<DataPoint>45</DataPoint>
<DataPoint>49</DataPoint>
<DataPoint>57</DataPoint>
<DataPoint>50</DataPoint>
<DataPoint>54</DataPoint>
<DataPoint>48</DataPoint>
<DataPoint>48</DataPoint>
<DataPoint>44</DataPoint>
<DataPoint>45</DataPoint>
<DataPoint>44</DataPoint>
<DataPoint>48</DataPoint>
<DataPoint>45</DataPoint>
<DataPoint>39</DataPoint>
<DataPoint>53</DataPoint>
<DataPoint>53</DataPoint>
<DataPoint>49</DataPoint>
<DataPoint>51</DataPoint>
<DataPoint>43</DataPoint>
<DataPoint>48</DataPoint>
<DataPoint>47</DataPoint>
<DataPoint>47</DataPoint>
<DataPoint>46</DataPoint>
<DataPoint>43</DataPoint>
<DataPoint>35</DataPoint>
<DataPoint>39</DataPoint>
<DataPoint>51</DataPoint>
<DataPoint>57</DataPoint>
<DataPoint>50</DataPoint>
<DataPoint>31</DataPoint>
<DataPoint>59</DataPoint>
<DataPoint>35</DataPoint>
<DataPoint>41</DataPoint>
<DataPoint>37</DataPoint>
<DataPoint>44</DataPoint>
<DataPoint>37</DataPoint>
<DataPoint>36</DataPoint>
<DataPoint>37</DataPoint>
<DataPoint>38</DataPoint>
<DataPoint>32</DataPoint>
<DataPoint>39</DataPoint>
<DataPoint>32</DataPoint>
<DataPoint>39</DataPoint>
<DataPoint>43</DataPoint>
<DataPoint>47</DataPoint>
<DataPoint>28</DataPoint>
<DataPoint>35</DataPoint>
<DataPoint>42</DataPoint>
<DataPoint>38</DataPoint>
<DataPoint>40</DataPoint>
<DataPoint>37</DataPoint>
<DataPoint>36</DataPoint>
<DataPoint>37</DataPoint>
<DataPoint>35</DataPoint>
<DataPoint>43</DataPoint>
<DataPoint>47</DataPoint>
<DataPoint>34</DataPoint>
<DataPoint>24</DataPoint>
<DataPoint>26</DataPoint>
<DataPoint>33</DataPoint>
<DataPoint>45</DataPoint>
<DataPoint>30</DataPoint>
<DataPoint>30</DataPoint>
<DataPoint>32</DataPoint>
<DataPoint>36</DataPoint>
<DataPoint>29</DataPoint>
<DataPoint>21</DataPoint>
<DataPoint>23</DataPoint>
<DataPoint>35</DataPoint>
<DataPoint>36</DataPoint>
<DataPoint>32</DataPoint>
<DataPoint>38</DataPoint>
<DataPoint>32</DataPoint>
<DataPoint>22</DataPoint>
<DataPoint>20</DataPoint>
<DataPoint>37</DataPoint>
<DataPoint>35</DataPoint>
<DataPoint>33</DataPoint>
<DataPoint>25</DataPoint>
<DataPoint>30</DataPoint>
<DataPoint>30</DataPoint>
<DataPoint>34</DataPoint>
<DataPoint>32</DataPoint>
<DataPoint>24</DataPoint>
<DataPoint>30</DataPoint>
<DataPoint>31</DataPoint>
<DataPoint>30</DataPoint>
<DataPoint>34</DataPoint>
<DataPoint>31</DataPoint>
<DataPoint>29</DataPoint>
<DataPoint>33</DataPoint>
<DataPoint>29</DataPoint>
<DataPoint>23</DataPoint>
<DataPoint>30</DataPoint>
<DataPoint>31</DataPoint>
<DataPoint>26</DataPoint>
<DataPoint>30</DataPoint>
<DataPoint>32</DataPoint>
<DataPoint>36</DataPoint>
<DataPoint>34</DataPoint>
<DataPoint>34</DataPoint>
<DataPoint>29</DataPoint>
<DataPoint>24</DataPoint>
<DataPoint>35</DataPoint>
<DataPoint>28</DataPoint>
<DataPoint>19</DataPoint>
<DataPoint>28</DataPoint>
<DataPoint>29</DataPoint>
<DataPoint>36</DataPoint>
<DataPoint>18</DataPoint>
<DataPoint>19</DataPoint>
<DataPoint>34</DataPoint>
<DataPoint>35</DataPoint>
<DataPoint>29</DataPoint>
<DataPoint>38</DataPoint>
<DataPoint>29</DataPoint>
<DataPoint>29</DataPoint>
<DataPoint>22</DataPoint>
<DataPoint>41</DataPoint>
<DataPoint>22</DataPoint>
<DataPoint>29</DataPoint>
<DataPoint>27</DataPoint>
<DataPoint>39</DataPoint>
<DataPoint>30</DataPoint>
<DataPoint>30</DataPoint>
<DataPoint>28</DataPoint>
<DataPoint>39</DataPoint>
<DataPoint>31</DataPoint>
<DataPoint>32</DataPoint>
<DataPoint>26</DataPoint>
<DataPoint>19</DataPoint>
<DataPoint>30</DataPoint>
<DataPoint>30</DataPoint>
<DataPoint>29</DataPoint>
<DataPoint>31</DataPoint>
<DataPoint>30</DataPoint>
<DataPoint>23</DataPoint>
<DataPoint>33</DataPoint>
<DataPoint>28</DataPoint>
<DataPoint>33</DataPoint>
<DataPoint>30</DataPoint>
<DataPoint>32</DataPoint>
<DataPoint>29</DataPoint>
<DataPoint>32</DataPoint>
<DataPoint>36</DataPoint>
<DataPoint>29</DataPoint>
<DataPoint>28</DataPoint>
<DataPoint>29</DataPoint>
<DataPoint>25</DataPoint>
<DataPoint>33</DataPoint>
<DataPoint>32</DataPoint>
<DataPoint>28</DataPoint>
<DataPoint>23</DataPoint>
<DataPoint>23</DataPoint>
<DataPoint>24</DataPoint>
<DataPoint>33</DataPoint>
<DataPoint>23</DataPoint>
<DataPoint>19</DataPoint>
<DataPoint>20</DataPoint>
<DataPoint>26</DataPoint>
<DataPoint>35</DataPoint>
<DataPoint>41</DataPoint>
<DataPoint>37</DataPoint>
<DataPoint>28</DataPoint>
<DataPoint>25</DataPoint>
<DataPoint>33</DataPoint>
<DataPoint>25</DataPoint>
<DataPoint>20</DataPoint>
<DataPoint>35</DataPoint>
<DataPoint>28</DataPoint>
<DataPoint>22</DataPoint>
<DataPoint>18</DataPoint>
<DataPoint>28</DataPoint>
<DataPoint>13</DataPoint>
<DataPoint>35</DataPoint>
<DataPoint>28</DataPoint>
<DataPoint>34</DataPoint>
<DataPoint>23</DataPoint>
<DataPoint>25</DataPoint>
<DataPoint>25</DataPoint>
<DataPoint>24</DataPoint>
<DataPoint>22</DataPoint>
<DataPoint>27</DataPoint>
<DataPoint>22</DataPoint>
<DataPoint>28</DataPoint>
<DataPoint>25</DataPoint>
<DataPoint>19</DataPoint>
<DataPoint>20</DataPoint>
<DataPoint>27</DataPoint>
<DataPoint>22</DataPoint>
<DataPoint>22</DataPoint>
<DataPoint>22</DataPoint>
<DataPoint>13</DataPoint>
<DataPoint>25</DataPoint>
<DataPoint>24</DataPoint>
<DataPoint>22</DataPoint>
<DataPoint>16</DataPoint>
<DataPoint>18</DataPoint>
<DataPoint>17</DataPoint>
<DataPoint>20</DataPoint>
<DataPoint>25</DataPoint>
<DataPoint>23</DataPoint>
<DataPoint>12</DataPoint>
<DataPoint>16</DataPoint>
<DataPoint>16</DataPoint>
<DataPoint>17</DataPoint>
<DataPoint>21</DataPoint>
<DataPoint>25</DataPoint>
<DataPoint>20</DataPoint>
<DataPoint>15</DataPoint>
<DataPoint>20</DataPoint>
<DataPoint>19</DataPoint>
<DataPoint>17</DataPoint>
<DataPoint>13</DataPoint>
<DataPoint>10</DataPoint>
<DataPoint>10</DataPoint>
<DataPoint>12</DataPoint>
<DataPoint>16</DataPoint>
<DataPoint>23</DataPoint>
<DataPoint>8</DataPoint>
<DataPoint>14</DataPoint>
<DataPoint>15</DataPoint>
<DataPoint>11</DataPoint>
<DataPoint>11</DataPoint>
<DataPoint>14</DataPoint>
<DataPoint>10</DataPoint>
<DataPoint>16</DataPoint>
<DataPoint>9</DataPoint>
<DataPoint>6</DataPoint>
<DataPoint>14</DataPoint>
<DataPoint>10</DataPoint>
<DataPoint>19</DataPoint>
<DataPoint>13</DataPoint>
<DataPoint>8</DataPoint>
<DataPoint>14</DataPoint>
<DataPoint>18</DataPoint>
<DataPoint>11</DataPoint>
<DataPoint>10</DataPoint>
<DataPoint>14</DataPoint>
<DataPoint>14</DataPoint>
<DataPoint>12</DataPoint>
<DataPoint>11</DataPoint>
<DataPoint>10</DataPoint>
<DataPoint>10</DataPoint>
<DataPoint>10</DataPoint>
<DataPoint>9</DataPoint>
<DataPoint>13</DataPoint>
<DataPoint>9</DataPoint>
<DataPoint>3</DataPoint>
<DataPoint>14</DataPoint>
<DataPoint>12</DataPoint>
<DataPoint>13</DataPoint>
<DataPoint>15</DataPoint>
<DataPoint>10</DataPoint>
<DataPoint>17</DataPoint>
<DataPoint>18</DataPoint>
<DataPoint>11</DataPoint>
<DataPoint>7</DataPoint>
<DataPoint>4</DataPoint>
<DataPoint>7</DataPoint>
<DataPoint>10</DataPoint>
<DataPoint>10</DataPoint>
<DataPoint>13</DataPoint>
<DataPoint>15</DataPoint>
<DataPoint>8</DataPoint>
<DataPoint>13</DataPoint>
<DataPoint>15</DataPoint>
<DataPoint>13</DataPoint>
<DataPoint>13</DataPoint>
<DataPoint>9</DataPoint>
<DataPoint>10</DataPoint>
<DataPoint>13</DataPoint>
<DataPoint>10</DataPoint>
<DataPoint>8</DataPoint>
<DataPoint>11</DataPoint>
<DataPoint>17</DataPoint>
<DataPoint>13</DataPoint>
<DataPoint>12</DataPoint>
<DataPoint>11</DataPoint>
<DataPoint>16</DataPoint>
<DataPoint>9</DataPoint>
<DataPoint>15</DataPoint>
<DataPoint>12</DataPoint>
<DataPoint>12</DataPoint>
<DataPoint>3</DataPoint>
<DataPoint>9</DataPoint>
<DataPoint>13</DataPoint>
<DataPoint>7</DataPoint>
<DataPoint>15</DataPoint>
<DataPoint>11</DataPoint>
<DataPoint>10</DataPoint>
<DataPoint>17</DataPoint>
<DataPoint>19</DataPoint>
<DataPoint>5</DataPoint>
<DataPoint>16</DataPoint>
<DataPoint>13</DataPoint>
<DataPoint>15</DataPoint>
<DataPoint>12</DataPoint>
<DataPoint>13</DataPoint>
<DataPoint>20</DataPoint>
<DataPoint>13</DataPoint>
<DataPoint>13</DataPoint>
<DataPoint>12</DataPoint>
<DataPoint>11</DataPoint>
<DataPoint>17</DataPoint>
<DataPoint>14</DataPoint>
<DataPoint>9</DataPoint>
<DataPoint>18</DataPoint>
<DataPoint>17</DataPoint>
<DataPoint>9</DataPoint>
<DataPoint>17</DataPoint>
<DataPoint>14</DataPoint>
<DataPoint>15</DataPoint>
<DataPoint>9</DataPoint>
<DataPoint>12</DataPoint>
<DataPoint>11</DataPoint>
<DataPoint>6</DataPoint>
<DataPoint>11</DataPoint>
<DataPoint>10</DataPoint>
<DataPoint>10</DataPoint>
<DataPoint>7</DataPoint>
<DataPoint>11</DataPoint>
<DataPoint>3</DataPoint>
<DataPoint>10</DataPoint>
<DataPoint>11</DataPoint>
<DataPoint>7</DataPoint>
<DataPoint>14</DataPoint>
<DataPoint>14</DataPoint>
<DataPoint>15</DataPoint>
<DataPoint>4</DataPoint>
<DataPoint>9</DataPoint>
<DataPoint>8</DataPoint>
<DataPoint>5</DataPoint>
<DataPoint>5</DataPoint>
<DataPoint>15</DataPoint>
<DataPoint>10</DataPoint>
<DataPoint>8</DataPoint>
<DataPoint>11</DataPoint>
<DataPoint>15</DataPoint>
<DataPoint>12</DataPoint>
<DataPoint>14</DataPoint>
<DataPoint>7</DataPoint>
<DataPoint>13</DataPoint>
<DataPoint>7</DataPoint>
<DataPoint>17</DataPoint>
<DataPoint>9</DataPoint>
<DataPoint>9</DataPoint>
<DataPoint>10</DataPoint>
<DataPoint>8</DataPoint>
<DataPoint>5</DataPoint>
<DataPoint>6</DataPoint>
<DataPoint>16</DataPoint>
<DataPoint>12</DataPoint>
<DataPoint>12</DataPoint>
<DataPoint>10</DataPoint>
<DataPoint>12</DataPoint>
<DataPoint>13</DataPoint>
<DataPoint>8</DataPoint>
<DataPoint>9</DataPoint>
<DataPoint>11</DataPoint>
<DataPoint>8</DataPoint>
<DataPoint>8</DataPoint>
<DataPoint>12</DataPoint>
<DataPoint>11</DataPoint>
<DataPoint>10</DataPoint>
<DataPoint>7</DataPoint>
<DataPoint>5</DataPoint>
<DataPoint>9</DataPoint>
<DataPoint>12</DataPoint>
<DataPoint>12</DataPoint>
<DataPoint>11</DataPoint>
<DataPoint>7</DataPoint>
<DataPoint>10</DataPoint>
<DataPoint>8</DataPoint>
<DataPoint>12</DataPoint>
<DataPoint>8</DataPoint>
<DataPoint>12</DataPoint>
<DataPoint>11</DataPoint>
<DataPoint>11</DataPoint>
<DataPoint>9</DataPoint>
<DataPoint>14</DataPoint>
<DataPoint>9</DataPoint>
<DataPoint>10</DataPoint>
<DataPoint>8</DataPoint>
<DataPoint>18</DataPoint>
<DataPoint>20</DataPoint>
<DataPoint>9</DataPoint>
<DataPoint>9</DataPoint>
<DataPoint>11</DataPoint>
<DataPoint>11</DataPoint>
<DataPoint>15</DataPoint>
<DataPoint>8</DataPoint>
<DataPoint>13</DataPoint>
<DataPoint>9</DataPoint>
<DataPoint>9</DataPoint>
<DataPoint>7</DataPoint>
<DataPoint>9</DataPoint>
<DataPoint>11</DataPoint>
<DataPoint>13</DataPoint>
<DataPoint>9</DataPoint>
<DataPoint>19</DataPoint>
<DataPoint>16</DataPoint>
<DataPoint>15</DataPoint>
<DataPoint>18</DataPoint>
<DataPoint>18</DataPoint>
<DataPoint>11</DataPoint>
<DataPoint>16</DataPoint>
<DataPoint>10</DataPoint>
<DataPoint>6</DataPoint>
<DataPoint>15</DataPoint>
<DataPoint>21</DataPoint>
<DataPoint>22</DataPoint>
<DataPoint>9</DataPoint>
<DataPoint>12</DataPoint>
<DataPoint>14</DataPoint>
<DataPoint>11</DataPoint>
<DataPoint>20</DataPoint>
<DataPoint>21</DataPoint>
<DataPoint>13</DataPoint>
<DataPoint>13</DataPoint>
<DataPoint>12</DataPoint>
<DataPoint>20</DataPoint>
<DataPoint>18</DataPoint>
<DataPoint>23</DataPoint>
<DataPoint>18</DataPoint>
<DataPoint>16</DataPoint>
<DataPoint>16</DataPoint>
<DataPoint>15</DataPoint>
<DataPoint>17</DataPoint>
<DataPoint>25</DataPoint>
<DataPoint>14</DataPoint>
<DataPoint>20</DataPoint>
<DataPoint>3544</DataPoint>

  </Spectrum>
 </BackgroundEnergySpectrum>


      <Visible>true</Visible>
      <PulseCollection>
        <Format>Base64 encoded binary</Format>
        <Pulses />
      </PulseCollection>
    </ResultData>
  </ResultDataList>
</ResultDataFile>
